scorer,,,rats,rats,rats,rats,rats,rats,rats,rats,rats,rats,rats,rats,rats,rats,rats,rats,rats,rats,rats,rats,rats,rats,rats,rats,rats,rats,rats,rats,rats,rats,rats,rats,rats,rats,rats,rats,rats,rats
bodyparts,,,head,head,nose,nose,spine1,spine1,spine2,spine2,spine3,spine3,tailbase,tailbase,tail1,tail1,tail2,tail2,tail_tip,tail_tip,L_hip,L_hip,L_backpaw,L_backpaw,R_backpaw,R_backpaw,L_shoulder,L_shoulder,R_frontpaw,R_frontpaw,R_shoulder,R_shoulder,R_hip,R_hip,R_knee,R_knee,L_knee,L_knee,L_frontpaw,L_frontpaw
coords,,,x,y,x,y,x,y,x,y,x,y,x,y,x,y,x,y,x,y,x,y,x,y,x,y,x,y,x,y,x,y,x,y,x,y,x,y,x,y
labeled-data,2025-03-18 12-58-10,img006.png,911.6995931710156,341.9803200541954,984.1294128056064,405.1458604331988,840.9541879465319,303.23878862174,760.1022962614076,305.7654102369001,713.7808999834717,354.61342812999607,688.1457059617951,436.676504890249,632.0868010932938,442.20297745554745,,,,,,,,,831.6899086909448,498.6308601941239,,,941.176845347884,494.41982416885696,901.5931067103752,450.6250495060813,790.4217556433291,413.5679324837327,781.9996835927952,474.2068512475759,,,,
labeled-data,2025-03-18 12-58-10,img013.png,883.6041691653219,317.27726029285384,942.0190525529372,346.19135607946225,824.2733472744826,299.91214169065705,743.2361271308974,308.5947009917554,699.8233306254053,366.47842966574495,672.3285595052603,446.0685565924805,623.8509367407942,440.2801837250816,,,,,,,,,821.3791608407832,491.6519929232472,,,,,,,785.9253770279647,417.85023886391065,780.8605507689905,477.18106075474986,,,,
labeled-data,2025-03-18 12-58-10,img023.png,860.9174345921554,268.62754217568624,933.9956420430672,215.08509315224595,797.968879659192,284.5455675610333,738.6380577683526,316.3816183317276,709.6961934313579,372.8182537888673,685.819155353337,445.17291463135416,627.2118800709229,441.5551815892298,,,,,,,847.1700490320828,466.8793128841003,826.1871973877617,496.5447238295199,,,,,895.647671796549,355.45313518667047,805.9278923518655,421.2958765533335,781.3273076654198,475.5618721851986,,,,
labeled-data,2025-03-18 12-58-10,img032.png,878.853512173934,201.33171681028108,995.0781064713002,146.58824848181152,829.1632870757845,251.86414911348385,769.3665755169947,295.6589237762596,732.3094584946459,361.3510857704231,693.5679270621905,443.0451846606009,633.7712155034006,437.1497342252272,,,,,,,851.9028816122259,467.4691936071489,819.056800615144,497.7886529890705,,,1001.8157641117272,280.4991940852988,931.9125660922969,286.3946445206724,795.4749988736494,420.30559012415966,781.157476387742,480.10230168294953,818.2145934100906,460.7315359667219,,
labeled-data,2025-03-18 12-58-10,img036.png,873.8002689436137,180.2765366839467,984.9716200106596,94.371401768502,821.5834222303042,247.653113088217,771.8931971321549,310.8186534672204,738.2049089300197,375.6686082563306,700.3055847026176,440.5185630454408,636.2978371185608,437.99194143028063,,,,,,,849.3762599970656,467.4691936071489,824.1100438454642,497.7886529890705,,,989.1826560359266,205.542752835548,931.9125660922969,258.6018067539109,802.2126565140763,429.5698693797468,785.3685124130088,479.2600944778961,,,,
labeled-data,2025-03-18 12-58-10,img042.png,872.027423430524,165.3324725236314,984.9006943448036,61.14176091045029,828.6146269250319,232.6223071071442,777.9663643352911,299.1885950822321,738.8948474803481,371.543255924719,702.7175170591047,443.89791676720586,636.1512290840169,438.1095438998069,,,,,,,841.6384658766794,469.9455946705012,819.9320676239336,501.0580988327705,,,1000.8187197301504,202.9568961617246,941.4878978393114,249.98742570934112,815.5907879733842,427.9798913818588,788.0960168532392,486.5871666642732,,,969.7062155678811,192.82724364377648
labeled-data,2025-03-18 12-58-10,img045.png,881.3801337890941,136.48176202117094,1003.500178521834,52.26104151583304,826.6366654606245,225.7557257568291,776.9464403624752,307.4498246470069,741.5737377502334,380.7218514866509,696.936755882404,439.6763558403874,633.7712155034006,444.7295990707076,,,,,,,847.6918455869588,464.9425719919888,824.9522510505177,491.8932025536968,,,996.762520881407,210.59599606586823,933.5969805024037,241.7576626528433,803.0548637191298,431.2542837898536,784.5263052079555,476.733472862736,,,985.8138272157132,164.27459978793246
labeled-data,2025-03-18 12-58-10,img051.png,878.5393429063479,142.90252766246047,1025.4193044165963,70.54786681997359,834.4029997924308,215.2571885049473,786.6489236363896,286.88830273900936,746.1303135645968,362.1371500151957,701.9939704506799,442.4508235503562,634.7041358671672,438.1095438998069,,,,,,,840.9149192682546,464.15722180310223,816.3143345818091,495.9932725737965,,,986.3477875616531,208.0217224206987,929.9111521045136,249.2638791009162,806.9082286722858,418.5737854723355,780.8605507689905,469.9455946705012,,,,
labeled-data,2025-03-18 12-58-10,img053.png,880.5379265840407,158.37914935255876,1016.1332865976348,123.00644674031687,842.6386023566386,212.28041047597503,794.6327916685959,277.97257247013863,749.1536025957136,348.7179776946224,709.5698639582048,440.5185630454408,633.7712155034006,437.99194143028063,,,,,,,852.7450888172791,464.9425719919888,830.005494280838,497.7886529890705,,,1011.9222505723676,203.016131220388,925.1749084518698,256.0751851387507,808.9503141545034,416.0945540988928,782.8418907978487,470.8380224273624,,,,
labeled-data,2025-03-18 12-58-10,img055.png,872.9580617385602,167.643428608146,1020.3443226229016,123.84865394537026,829.1632870757845,226.5979329618825,791.2639628483826,277.13036526508523,753.3646386209805,348.7179776946224,713.7808999834717,432.09649099490696,632.0868010932938,440.5185630454407,,,,,,,849.3762599970656,464.1003647869354,826.6366654606245,489.3665809385367,,,1008.5534217521543,197.12068078501423,928.5437372720831,231.6511761922028,809.7925213595569,409.3568964584657,781.9996835927952,474.2068512475759,,,,
labeled-data,2025-03-18 12-58-10,img059.png,878.0113049688805,190.3830231445872,1032.135223493649,154.1681133272919,823.2678366404109,244.28428426800343,781.157476387742,302.3965814166867,744.9425665704467,364.7199145906366,707.885449548098,444.7295990707077,633.7712155034006,438.834148635334,,,,,,,844.3230167667454,462.4159503768286,832.532115895998,501.9996890143375,,,,,896.5398634800549,310.8186534672204,790.4217556433291,453.99387832629486,787.0529268231155,484.3133377082164,,,,
labeled-data,2025-03-18 12-58-10,img062.png,883.9067554042545,214.8070320911352,1027.081980263329,215.6492392961885,818.2145934100906,249.3375274983237,763.471125081621,309.97644626216703,733.1516656996994,363.8777073855832,704.5166207278845,440.5185630454408,633.7712155034006,439.6763558403874,,,,,,,855.2717104324394,464.9425719919888,821.5834222303042,494.41982416885696,,,1007.7112145471008,379.03743707654405,923.490494041763,344.5069416693555,793.7905844635426,435.4653198151205,781.9996835927952,481.7867160930562,,,,
labeled-data,2025-03-18 12-58-10,img077.png,878.853512173934,246.8109058831636,1033.8196379037556,192.90964475974727,811.4769357696637,267.02387880444473,749.995809800767,323.45176154302106,723.8873864441122,383.248473101811,698.6211702925108,448.0984278909212,634.6134227084541,440.5185630454408,,,,,,,858.6405392526528,463.258157581882,830.005494280838,503.6841034244442,,,974.8651335500192,384.9328875119177,913.3840075811224,355.45563533504946,789.5795484382758,445.57180627576105,798.8438276938629,481.7867160930562,,,995.9203136763535,307.4498246470069
labeled-data,2025-03-18 12-58-10,img078.png,882.1570759484722,244.922599450367,1031.207677283995,197.8920699027505,813.4201481481095,269.5231841368125,759.1541525162445,314.3830738591544,726.5945551371253,378.7787220089677,699.8233306254053,446.7921032009054,636.8747756924417,438.1095438998069,,,,,,,848.8739319609282,467.7749548452266,817.037881190234,495.9932725737965,,,971.876855393156,383.8435482679418,908.2047538517674,359.9665101899211,794.607936329063,437.38599729138207,777.2428177268662,485.14007344742345,,,988.5184273869276,320.1714467265533
labeled-data,2025-03-18 12-58-10,img079.png,894.0132418648947,191.22523034964053,1043.0839171593427,114.58437468978308,836.743151921265,253.54856352359064,773.5776115422616,309.13423905711363,745.7847737755001,358.82446415526294,706.2010351379913,441.36077025049417,637.1400443236141,440.5185630454408,,,,,,,852.7450888172791,465.78477919704216,830.8477014858913,499.4730673991773,,,988.3404488308732,379.03743707654405,936.1236021175636,326.82059036323466,794.6327916685959,445.57180627576105,796.317206078703,489.3665809385367,,,1006.026800136994,248.4953202932704
labeled-data,2025-03-18 12-58-10,img087.png,874.642476148667,207.22716724565475,997.6047280864602,184.4875727092136,824.1100438454642,257.7595995488575,765.1555394917278,315.0296894924873,740.7315305451798,369.7731578209569,711.2542783683116,441.36077025049417,634.6134227084541,437.99194143028063,,,,,,,850.2184672021191,465.78477919704216,835.9009447162116,501.9996890143375,,,982.4449983954996,381.5640586917042,929.3859444771366,321.7673471329143,799.6860348989162,436.3075270201739,787.0529268231155,491.8932025536968,,,,
labeled-data,2025-03-18 12-58-10,img089.png,864.7919573462752,229.00457406501988,1001.8157641117272,172.69667183846627,806.1846820638609,269.5231841368125,757.7070592993947,328.85400602765174,730.2122881792498,388.184827918491,699.8233306254053,445.3450099840557,632.5334960418925,438.1095438998069,,,,,,,842.3620124851042,466.3278616283768,832.9559065755811,501.0580988327705,,,992.1361604290524,390.3554677437656,930.6346987129384,330.3010992445016,801.8434024133118,430.1505312071334,797.5021227627626,483.69298023057365,,,,
labeled-data,2025-03-18 12-58-10,img090.png,883.9067554042545,261.97063557412434,1021.1865298279548,298.18554539141974,812.3191429747171,257.7595995488575,763.471125081621,302.3965814166867,731.4672512895927,362.1932929754765,706.2010351379913,439.6763558403874,635.4556299135074,439.6763558403874,,,,,,,845.1652239717989,461.5737431717753,834.2165303061048,496.9464457840171,,,979.076169575286,382.4062658967576,910.0151787609092,375.6686082563306,789.5795484382758,432.09649099490696,786.2107196180623,479.2600944778961,,,,
labeled-data,2025-03-18 12-58-10,img096.png,881.3801337890941,275.44595085497843,1032.135223493649,297.3433381863664,815.6879717949303,268.7082932145514,765.1555394917278,307.4498246470069,732.3094584946459,375.6686082563306,694.410134267244,445.57180627576105,635.4556299135074,441.36077025049406,,,,,,,850.2184672021191,464.1003647869354,836.743151921265,498.6308601941239,,,977.3917551651792,389.1439235371846,919.279458016496,379.8796442815975,801.3704493090232,439.6763558403874,785.3685124130088,479.2600944778961,,,,
labeled-data,2025-03-18 12-58-10,img104.png,867.6861437799748,254.32870535989025,1012.3954654649484,215.98073511337225,797.5021227627626,281.09992987161047,755.5364194741202,330.3010992445016,728.0416483539752,386.7377347016412,699.0997840169804,444.6214633756308,633.9805892587424,438.8330905082319,,,,,,,845.9797455272287,464.8807684115271,828.6146269250319,498.1639123990711,,,982.730054519529,391.0790143521905,915.440219936016,368.64906949101953,796.7785761543379,432.321171032408,,,,,,
labeled-data,2025-03-18 12-58-10,img106.png,872.9580617385602,250.1797347033771,1014.448872187528,215.6492392961885,800.5282421039697,276.28815806003183,767.6821611068879,308.29203185206023,734.8360801098061,362.1932929754765,706.2010351379913,439.6763558403874,632.0868010932938,434.6231126100671,,,,,,,851.0606744071724,464.1003647869354,821.5834222303042,496.10423857896376,,,1000.9735569066738,390.8283379472914,931.9125660922969,368.08874341085016,792.1061700534358,441.36077025049417,789.5795484382758,481.7867160930562,,,,
labeled-data,2025-03-18 12-58-10,img107.png,869.1332369968245,249.98742570934112,1012.3954654649484,215.2571885049473,805.4611354554361,275.31155700421147,758.4306059078197,324.5127263771025,730.2122881792498,380.9493618342423,699.0997840169804,446.7921032009054,631.8099494334676,442.4508235503562,,,,,,,848.8739319609282,464.15722180310223,825.7204404913325,498.8874590074959,,,1008.7777324228242,381.6729084426672,940.0408046224616,377.331628792118,789.543110070089,439.5566371166567,780.8605507689905,484.4165268389986,,,,
labeled-data,2025-03-18 12-58-10,img108.png,882.2223409941473,199.6473024001744,1002.6579713167804,144.06162686665135,824.1100438454642,255.23297793369736,770.2087827220481,306.6076174419535,732.3094584946459,374.8264010512772,712.0964855733647,443.0451846606009,635.4556299135074,438.834148635334,,,,,,,853.5872960223326,463.258157581882,835.0587375111583,497.7886529890705,,,980.7605839853928,384.09068030686433,928.5437372720831,318.39851831270084,798.0016204888095,446.4140134808145,789.5795484382758,483.4711305031631,,,,
labeled-data,2025-03-18 12-58-10,img110.png,882.2223409941473,201.33171681028108,1010.237836162261,137.32396922622434,830.005494280838,250.1797347033771,781.157476387742,299.0277525964731,738.2049089300197,367.2465362057968,711.2542783683116,443.0451846606009,633.7712155034006,437.99194143028063,,,,,,,856.9561248425462,465.78477919704216,830.005494280838,505.36851783455097,,,977.3917551651792,380.7218514866509,928.5437372720831,324.29396874807446,798.8438276938629,437.1497342252272,784.5263052079555,480.10230168294953,,,,
labeled-data,2025-03-18 12-58-10,img115.png,878.5393429063479,176.90921825842932,1003.71290616385,67.65368038627412,835.8500930092806,231.89876049871933,788.0960168532392,289.78248917270884,748.3009533898714,358.51941697307143,712.8471695770531,440.2801837250816,636.1512290840169,439.5566371166567,,,,,,,845.9797455272287,467.0514082368017,830.7852667503064,506.8464717001695,,,984.9006943448036,333.91883228662584,922.6756860202648,277.48219682948604,801.1198558048869,426.532798165009,787.3724702448144,478.62815397159966,,,1012.3954654649484,187.76241738480235
labeled-data,2025-03-18 12-58-10,img119.png,884.3277157737466,147.96735392143455,999.3716265133008,47.394375350377786,841.6384658766794,222.4926545891961,789.543110070089,293.4002222148332,747.5774067814466,361.4136034067709,715.7413560107522,435.93890407453233,637.5983223008666,438.1095438998069,,,,,,,855.3858514367519,467.0514082368017,824.2733472744826,501.0580988327705,,,1012.3954654649484,183.4211377342532,,,793.8843897206382,434.4918108576826,779.4134575521408,481.5223404052991,,,,
labeled-data,2025-03-18 12-58-10,img124.png,879.2628895147727,147.96735392143455,992.1361604290524,32.923443181880415,839.4678260514048,215.98073511337225,787.3724702448144,283.9941163053099,749.0244999982962,354.17813732252216,713.5707161854777,434.4918108576826,633.2570426503173,438.8330905082319,,,,,,,844.532652310379,464.15722180310223,814.1436947565345,495.9932725737965,,,1006.6070925975496,202.9568961617246,930.6346987129384,245.64614605879183,809.8024151059853,420.74442529761006,783.75473720269,478.62815397159966,,,,
labeled-data,2025-03-18 12-58-10,img128.png,863.6937824829731,160.90577096771895,974.0229263449658,44.68117667035263,826.6366654606245,229.12455457704263,784.5263052079555,283.86802290551225,749.1536025957136,353.77122092494267,711.2542783683116,440.5185630454408,636.2978371185608,438.834148635334,,,,,,,855.2717104324394,464.9425719919888,815.6879717949303,494.41982416885696,,,1001.8157641117272,185.32977991426696,931.0703588872434,248.4953202932704,803.8970709241831,440.5185630454408,780.3152691826887,483.4711305031631,,,,
labeled-data,2025-03-18 12-58-10,img130.png,851.0445717862026,184.86823095110287,927.7405122792388,47.3943753503778,819.9320676239336,241.30486640824267,777.2428177268662,303.52987473278137,741.7890339140478,366.47842966574495,715.7413560107522,437.38599729138207,635.427682475592,439.5566371166567,,,,,,,847.4268387440785,465.604315019952,819.9320676239336,495.9932725737965,,,1016.7367451154978,226.1103876313204,931.3582453213633,260.8406248357141,804.0140422385864,432.321171032408,783.75473720269,484.4165268389986,,,992.1361604290524,186.3153241679526
labeled-data,2025-03-18 12-58-10,img135.png,855.2717104324394,158.37914935255876,961.3898182691652,80.05387928259455,814.0035573848237,238.38883383262976,772.7354043372081,306.6076174419535,739.8893233401263,365.56212179569,715.4653143935784,437.1497342252272,635.4556299135074,437.1497342252272,,,,,,,858.6405392526528,462.4159503768286,819.8990078201974,492.7354097587502,,,1017.8177010077412,212.28041047597503,921.8060796316564,231.6511761922028,787.895134028169,430.4120765848002,779.4730619776352,478.4178872728428,,,,
labeled-data,2025-03-18 12-58-10,img139.png,888.9599986345744,147.4304556868649,1032.9774306987022,64.89414959163372,839.2697735364251,225.7557257568291,791.2639628483826,286.3946445206724,746.6269809805535,354.61342812999607,712.0964855733647,440.5185630454408,632.9290082983474,435.4653198151205,,,,,,,856.9561248425462,463.258157581882,833.3743231010515,494.41982416885696,,,1012.7644577774212,371.4575722310637,923.490494041763,274.6037436499251,798.0016204888095,433.78090540501375,789.5795484382758,481.7867160930562,1020.3443226229016,197.96288799006768,,
labeled-data,2025-03-18 12-58-10,img140.png,882.1570759484722,160.26764626465732,1034.8254103261193,63.31240073572491,826.4439870997572,238.4106799745432,777.2428177268662,306.42406116648084,738.8948474803481,374.4374423584185,709.9529831433534,437.38599729138207,636.1512290840169,437.38599729138207,,,,,,,847.4268387440785,467.0514082368017,832.9559065755811,506.1229250917446,,,1008.0541858143991,362.8606966236206,921.2285928034152,278.92929004633584,796.7785761543379,429.4269845987085,777.9663643352911,477.9046073631747,,,1020.354478157622,205.1275359869992
labeled-data,2025-03-18 12-58-10,img143.png,900.2457411590938,153.03218018040863,1054.3611687535908,71.99496003682333,856.1093980451769,222.4926545891961,798.2256693711875,291.2295823895586,753.3657796488455,349.8368576719729,720.0826356613015,431.5976244239831,639.7689621261413,436.6624506829572,,,,,,,847.4268387440785,465.604315019952,828.6146269250319,492.3755395316721,,,1001.5422663385754,364.3077898404704,937.1466181887622,287.61184934743426,795.3314829374879,435.2153574661075,798.2256693711875,481.5223404052991,,,1018.1838383323476,215.2571885049473
labeled-data,2025-03-18 12-58-10,img148.png,904.9619355305888,159.22135655761218,1071.7189621311577,64.05194238658035,858.6405392526528,225.7557257568291,794.6327916685959,302.3965814166867,754.2068458260338,348.7179776946224,720.5185576238987,427.0432477645867,641.3510803488812,428.7276621746935,,,,,,,855.2717104324394,467.4691936071489,827.4788726656777,501.157481809284,,,1005.1845929319408,371.4575722310637,926.8593228619766,304.08099582679336,793.7905844635426,433.78090540501375,783.684098002902,478.4178872728428,,,1027.081980263329,206.38496004060144
labeled-data,2025-03-18 12-58-10,img157.png,874.642476148667,200.4895096052277,1038.0306739290224,203.016131220388,825.794458255571,251.86414911348385,781.157476387742,310.8186534672204,741.5737377502334,364.7199145906366,710.4120711632581,436.3075270201739,634.6134227084541,427.0432477645867,,,,,,,861.1671608678131,460.7315359667219,836.743151921265,500.3152746042307,,,976.549547960126,402.6192388180387,921.8060796316564,323.4517615430211,791.2639628483826,440.5185630454408,788.7373412332223,479.2600944778961,,,,
labeled-data,2025-03-18 12-58-10,img158.png,872.9580617385602,222.3868969366156,1022.8709442380616,220.7024825265088,811.4769357696637,260.28622116401766,758.4178818513008,324.29396874807446,732.3094584946459,383.248473101811,701.147791907671,439.6763558403874,631.2445938882405,432.9386981999604,,,,,,,852.7450888172791,466.6269864020956,837.5853591263183,493.5776169638036,,,973.1807191399124,408.5146892534124,915.9106291962828,341.138112849142,791.2639628483826,430.4120765848002,789.5795484382758,480.9445088880029,,,,
labeled-data,2025-03-18 12-58-10,img161.png,879.9864361231976,218.1513749386468,1020.3443226229016,199.6473024001744,821.3791608407832,260.8406248357141,765.6660719920683,316.553713684429,734.5535678297989,375.1609889668433,699.8233306254053,441.7272769419313,632.5334960418925,435.93890407453233,,,,,,,837.2971862261303,461.2630353694027,832.9559065755811,494.5461793569467,,,969.7062155678811,400.4851202617138,913.9931267191664,357.07232375622164,791.7137498953635,442.4508235503562,793.8843897206382,485.8636200558483,,,,
labeled-data,2025-03-18 12-58-10,img162.png,881.4335293400472,249.98742570934112,1038.4431433682437,231.89876049871933,814.8672413649593,266.62899770311304,764.2189787752186,316.553713684429,728.7651949624001,370.0961627078693,705.6117034928043,438.1095438998069,627.4686697829184,441.0037303335064,,,,,,,844.532652310379,467.7749548452266,828.6146269250319,495.2697259653716,,,968.9826689594564,411.3383193880868,907.4812072433424,382.39645505109206,792.4372965037884,443.89791676720586,785.9253770279647,481.5223404052991,,,1000.8187197301504,336.0894721119005
labeled-data,2025-03-18 12-58-10,img164.png,885.591169814361,247.653113088217,1039.7150883391291,231.6511761922028,814.0035573848237,261.128428369071,765.1555394917278,315.0296894924873,732.3094584946459,360.50887856536974,705.3588279329379,437.1497342252272,627.0335578629736,433.78090540501375,,,,,,,856.1139176374927,464.9425719919888,817.3723862050374,502.8418962193908,,,969.8118903196988,409.3568964584657,895.6976562750015,361.3510857704231,790.4217556433291,440.5185630454408,783.684098002902,480.10230168294953,,,995.0781064713002,341.98032005419543
labeled-data,2025-03-18 12-58-10,img168.png,885.591169814361,235.86221221746965,1027.924187468382,189.54081593953384,812.3191429747171,267.8660860094981,763.471125081621,318.3985183127008,733.9938729047527,370.6153650260103,709.5698639582048,439.6763558403874,628.7179722730804,435.4653198151205,,,,,,,846.0074311768522,464.9425719919888,808.1081069494501,494.41982416885696,,,976.549547960126,405.9880676382522,918.4372508114428,358.82446415526294,795.4749988736494,438.834148635334,781.157476387742,479.2600944778961,,,,
labeled-data,2025-03-18 12-58-10,img172.png,882.1570759484722,209.4688156375484,1035.5489569345443,122.64322262656415,822.8262540576329,253.6051587514654,777.2428177268662,305.700514558056,743.2361271308974,359.24296358149627,707.7823433180788,441.0037303335064,631.8099494334676,434.4918108576826,,,,,,,837.2971862261303,464.8807684115271,834.4029997924308,503.22873865804513,,,974.7710418268554,399.7615736532889,919.0579529781404,336.0894721119005,794.607936329063,438.8330905082319,795.3314829374879,477.9046073631747,,,989.2419739953526,266.62899770311304
labeled-data,2025-03-18 12-58-10,img178.png,879.6957193789873,203.01613122038785,1046.4527459795563,137.32396922622434,825.794458255571,254.390770728644,773.5776115422616,315.0296894924873,746.6269809805535,376.5108154613839,707.0432423430445,436.3075270201739,630.4023866831872,432.09649099490696,,,,,,,858.6405392526528,462.4159503768286,830.8477014858913,501.9996890143375,,,966.4430614994852,401.7770316129853,915.9106291962828,323.4517615430211,787.0529268231155,430.4120765848002,789.5795484382758,483.4711305031631,,,1007.7112145471008,267.02387880444473
labeled-data,2025-03-18 12-58-10,img180.png,879.2628895147727,218.1513749386468,1039.1666899766683,148.69090052985945,823.5498006660578,257.2228917935897,775.7957245100165,310.76534081703005,740.341940697198,367.2019762741698,707.7823433180788,438.1095438998069,631.0864028250428,439.5566371166567,,,,,,,844.532652310379,464.15722180310223,829.3381735334567,495.2697259653716,,,974.7710418268554,404.826399912263,910.375393677042,354.17813732252216,792.4372965037884,435.93890407453233,790.2666566785139,481.5223404052991,,,1005.8835459891249,264.45835787783847
labeled-data,2025-03-18 12-58-10,img182.png,876.3268905587738,223.22910414166896,1044.7683315694494,132.27072599590406,820.7412150252508,261.128428369071,781.157476387742,312.5030678773272,741.5737377502334,364.7199145906366,707.885449548098,439.6763558403874,629.5601794781338,436.3075270201739,,,,,,,857.7983320475994,459.8893287616685,834.2165303061048,500.3152746042307,,,967.2852687045388,410.1991036635191,911.6995931710156,332.71604079860833,791.2639628483826,437.99194143028063,790.4217556433291,479.2600944778961,,,1021.1865298279548,280.4991940852988
labeled-data,2025-03-18 12-58-10,img185.png,879.9864361231976,221.0455613723463,1042.784423018793,142.1789810540356,824.2733472744826,261.564171444139,772.1779914678921,318.72435350970363,742.5125805224725,371.543255924719,705.6117034928043,438.1095438998069,633.2570426503173,438.1095438998069,,,,,,,851.0445717862026,469.22204806207634,,,,,964.6413893089072,408.4441329543873,915.440219936016,345.49557802142374,795.3314829374879,444.6214633756308,,,,,1012.3954654649484,283.270569696885
labeled-data,2025-03-18 12-58-10,img189.png,882.2223409941473,213.1226176810284,1041.399502749236,164.27459978793246,829.1632870757845,260.28622116401766,781.157476387742,317.55631110764745,746.6269809805535,365.56212179569,718.8341432137919,435.4653198151205,632.9290082983474,434.6231126100671,,,,,,,856.1139176374927,463.258157581882,831.6899086909448,501.157481809284,,,977.3917551651792,406.8302748433056,924.3327012468162,343.6647344643021,787.895134028169,443.0451846606009,789.5795484382758,485.1555449132698,,,1036.3462595189158,287.2368517257258
labeled-data,2025-03-18 12-58-10,img194.png,878.0113049688805,237.5466266275764,1006.0268001369944,304.92320303184675,809.7925213595572,272.0771220347649,770.2087827220481,319.24072551775413,733.1516656996994,375.6686082563306,717.1497288036853,436.3075270201739,633.7712155034009,436.3075270201738,,,,,,,856.9561248425462,467.4691936071488,823.2678366404109,495.2620313739104,,,974.0229263449658,411.88351807362585,892.3288274547882,363.8777073855832,799.6860348989167,441.36077025049417,790.4217556433292,482.62892329810967,,,,
labeled-data,2025-03-18 12-58-10,img200.png,894.4573682916949,284.7176629137348,1022.5251179828966,375.1609889668433,800.3963091964621,275.31155700421147,757.7070592993947,319.4479001181285,724.4239153118508,382.39645505109206,702.7175170591047,440.2801837250816,629.639309608193,446.7921032009054,,,,,,,843.0855590935291,464.15722180310223,823.5498006660578,501.78164544119545,,,969.7062155678811,412.7854126049365,890.8396352495706,403.3793066954132,783.0311905942651,436.6624506829572,781.5840973774154,485.14007344742345,,,,
labeled-data,2025-03-18 12-58-10,img211.png,886.4983555990212,291.9531289979834,1018.9073849407724,362.8606966236206,814.8672413649593,275.31155700421147,766.3896186004932,313.6595272507295,728.0416483539752,368.64906949101953,693.3114111495815,447.5156498093302,626.7451231744935,439.5566371166567,,,,,,,854.662304828327,465.604315019952,820.6556142323584,495.9932725737965,,,973.3239486100056,417.85023886391065,895.9044615085446,408.4441329543873,782.3076439858402,430.8740778155583,783.0311905942651,478.62815397159966,,,,
labeled-data,2025-03-18 12-58-10,img215.png,880.5379265840407,293.9745093661528,1018.6599082127948,371.4575722310637,818.214593410091,277.13036526508523,759.2600890563544,316.714103902594,728.0984224693793,368.9309506159035,697.7789630874577,448.09842789092113,641.3510803488813,446.41401348081433,632.0868010932941,430.4120765848002,,,,,861.1671608678131,465.7847791970421,834.2165303061051,495.2620313739104,,,968.9696831146456,410.1991036635191,875.4846833537206,397.5659955877184,781.9996835927956,439.6763558403874,780.3152691826887,479.2600944778961,,,,
labeled-data,2025-03-18 12-58-10,img219.png,878.8535121739342,292.29009495604606,1008.5534217521543,373.9841938462238,805.5814853342902,274.6037436499251,750.8380170058205,322.60955433796767,722.2029720340057,378.1952298714907,696.0945486773505,443.8873918656542,648.9309451943617,453.1516711212414,632.9290082983474,430.4120765848002,,,,,851.0606744071725,465.7847791970421,822.4256294353578,498.6308601941239,,,987.49824162582,405.9880676382522,888.9599986345747,402.6192388180387,791.2639628483827,437.99194143028063,784.5263052079556,480.10230168294953,,,,
labeled-data,2025-03-18 12-58-10,img224.png,885.0512623821716,293.4002222148332,1012.3954654649484,372.9903491415688,805.4611354554361,281.09992987161047,753.3657796488455,322.34208655182795,719.3590890528767,386.0141880932164,696.9291441917059,443.89791676720586,627.4686697829184,438.8330905082319,,,,,,,842.3620124851042,464.15722180310223,830.7852667503064,498.8874590074959,,,976.218135043705,410.614772779662,897.3515547253943,404.826399912263,777.2428177268662,435.93890407453233,783.75473720269,479.3517005800245,809.8024151059853,459.815942152553,,
labeled-data,2025-03-18 12-58-10,img228.png,883.6041691653219,290.50603578113373,1005.1599993807,359.24296358149627,818.4849744070837,278.92929004633584,764.2189787752186,308.5947009917554,724.4239153118508,370.0961627078693,694.7585043664312,448.2391964177551,628.1922163913433,443.89791676720586,,,,,,,848.8739319609282,467.0514082368017,810.5259617144102,495.9932725737965,,,974.7710418268554,412.7854126049365,897.3515547253943,408.4441329543873,786.6489236363896,436.6624506829572,785.9253770279647,481.5223404052991,,,,
labeled-data,2025-03-18 12-58-10,img231.png,872.9580617385606,287.2368517257258,1011.922250572368,349.5601848996758,804.7392781292367,281.3414012903521,744.9425665704468,326.82059036323454,721.3607648289523,384.9328875119177,696.9367558824042,451.4672567111346,644.7199091690946,446.41401348081433,634.6134227084541,434.62311261006704,,,,,849.376259997066,469.995815222309,822.4256294353578,498.6308601941239,,,979.0761695752864,416.9367613039461,896.5398634800551,398.4082027927718,777.7886475675286,442.2029774555475,792.1061700534362,479.2600944778961,,,,
labeled-data,2025-03-18 12-58-10,img238.png,866.2204040981335,288.0790589307792,997.6047280864606,358.82446415526294,792.9483772584896,278.814779675192,746.6269809805535,321.7673471329142,714.6231071885252,388.30171633213126,693.5679270621906,448.94063509597447,646.4043235792016,447.2562206858677,634.6134227084541,428.7276621746935,,,,,858.6405392526531,466.6269864020954,826.6366654606245,496.9464457840171,,,987.49824162582,401.7770316129853,883.9067554042545,390.8283379472914,787.0529268231157,431.2542837898536,783.684098002902,478.4178872728428,,,,
labeled-data,2025-03-18 12-58-10,img240.png,884.7489626093077,304.08099582679336,968.1274759095922,384.09068030686433,806.4236925393436,275.44595085497843,739.0471161350733,313.34527508238045,708.7276567531515,384.93288751191767,700.3055847026177,440.5185630454407,640.5088731438278,447.2562206858677,631.2445938882407,430.41207658480016,,,,,859.4827464577063,464.1003647869352,828.3210798707314,495.2620313739103,,,982.4449983954996,393.3549595624514,883.9067554042545,409.3568964584656,792.9483772584895,429.5698693797467,784.5263052079556,476.733472862736,,,,
labeled-data,2025-03-18 12-58-10,img245.png,893.1710346598416,321.7673471329141,985.8138272157132,369.7731578209568,820.741215025251,286.3946445206723,745.7847737755002,311.66086067227366,708.7276567531515,372.29977943611686,695.2523414722974,440.5185630454407,636.297837118561,443.8873918656542,629.5601794781339,427.8854549696399,,,,,857.7983320475996,464.94257199198864,816.530178999984,496.10423857896376,,,940.3346381428308,483.47113050316295,880.5379265840409,427.0432477645866,786.2107196180624,423.6744189443731,780.3152691826888,470.8380224273622,,,,
labeled-data,2025-03-18 12-58-10,img247.png,889.802205839628,327.6627975682878,953.8099534236848,343.664734464302,803.8970709241835,293.9745093661527,743.2581521603402,306.6076174419534,701.1477919076711,360.5088785653696,681.7770261914434,444.72959907070754,627.8757650680271,444.72959907070754,636.297837118561,432.9386981999602,,,,,856.1139176374928,469.9958152223089,832.532115895998,496.946445784017,,,933.5969805024038,491.0509953486435,889.802205839628,426.2010405595332,791.2639628483827,431.2542837898535,784.5263052079556,480.1023016829495,,,,
labeled-data,2025-03-18 12-58-10,img257.png,866.2204040981333,258.60180675391075,949.598917398418,209.7537888608148,793.7905844635429,279.65698688024526,744.1003593653934,314.18748228743385,713.7808999834717,380.7218514866507,693.5679270621906,448.098427890921,630.4023866831873,449.7828423010278,632.9290082983474,426.2010405595332,,,,,856.9561248425464,463.25815758188185,832.532115895998,497.7886529890705,,,,,896.539863480055,367.2465362057966,790.4217556433292,423.6744189443731,787.0529268231159,476.733472862736,,,,
labeled-data,2025-03-18 12-58-10,img262.png,875.4846833537206,229.1245545770425,955.4943678337916,176.06550065867958,792.1061700534362,270.3927076246581,732.3094584946462,322.60955433796755,711.2542783683117,389.986130742238,683.4614406015501,453.9938783262948,632.0868010932941,446.4140134808143,643.035494758988,428.72766217469336,,,,,851.0606744071725,459.8893287616684,826.6366654606246,497.7886529890705,939.4924309377776,319.2407255177541,935.2813949125105,325.97838315818126,891.4866202497348,343.6647344643022,792.1061700534362,420.3055901241597,786.2107196180627,477.5756800677895,,,,
labeled-data,2025-03-18 12-58-10,img264.png,866.2390505631249,212.36300207124788,975.4945884352802,153.03218018040863,807.6317752807106,255.0522519683152,755.5364194741202,304.2534213412061,723.700368703426,372.9903491415688,688.9701314990322,450.40983624302976,625.2980299576438,438.8330905082319,,,,,,,843.0855590935291,464.8807684115271,822.8262540576329,501.78164544119545,,,983.453601127954,273.14091717893683,909.6518470686171,316.553713684429,804.0140422385864,433.0447176408329,782.3076439858402,482.9694336221488,,,944.3820842730108,262.28771805256383
labeled-data,2025-03-18 12-58-10,img273.png,868.7470257132936,192.067437554694,1020.344322622902,170.1700502233062,798.8438276938632,254.39077072864407,749.995809800767,317.55631110764745,720.5185576238989,393.3549595624516,685.145855011657,449.7828423010279,632.0868010932941,450.6250495060813,633.7712155034009,428.7276621746935,,,,,859.4827464577065,464.1003647869354,824.1100438454646,498.630860194124,,,988.3404488308734,270.3927076246582,921.8060796316564,293.9745093661529,791.2639628483827,427.0432477645868,782.841890797849,484.3133377082166,,,,
labeled-data,2025-03-18 12-58-10,img274.png,859.4827464577065,188.69860873448047,1000.973556906674,171.0122574283596,806.4236925393436,245.9686986781103,754.2068458260339,304.92320303184675,723.8873864441122,369.77315782095695,695.2523414722975,445.57180627576105,630.4023866831874,444.7295990707077,636.297837118561,428.7276621746935,,,,,848.5340527920125,459.0471215566152,823.2678366404112,494.41982416885713,,,982.4449983954996,266.1816715993914,910.0151787609092,293.9745093661529,787.0529268231157,428.7276621746935,783.684098002902,479.2600944778963,,,,
labeled-data,2025-03-18 12-58-10,img281.png,874.6424761486671,268.7082932145516,1017.8177010077416,301.55437421163333,804.7392781292367,272.077122034765,752.5224314159274,322.6095543379677,723.0451792390588,377.35302266643737,701.1477919076711,439.6763558403874,630.4023866831874,441.36077025049417,632.0868010932941,432.09649099490696,,,,,859.4827464577065,463.258157581882,820.7412150252509,497.7886529890706,,,979.9183767803396,399.2504099978253,896.5398634800551,379.03743707654417,798.0016204888097,433.78090540501375,782.841890797849,481.7867160930564,,,,
labeled-data,2025-03-18 12-58-10,img282.png,872.027423430524,270.2467307452374,1012.3954654649484,297.0179552569575,798.9492159796123,273.86446378736173,746.8538601730218,330.3010992445016,721.5297288781513,390.3554677437656,685.352398456908,446.7921032009054,629.639309608193,446.0685565924805,,,,,,,850.3210251777779,464.15722180310223,829.3381735334567,503.22873865804513,,,971.876855393156,400.4851202617138,906.0341140264928,385.29064148479154,805.4611354554361,425.8092515565842,,,,,,
labeled-data,2025-03-18 12-58-10,img283.png,864.5359896880266,273.7615364448718,1022.870944238062,306.6076174419536,808.1081069494504,277.9725724701387,755.8912602361409,320.925139927861,728.0984224693793,376.510815461384,696.9367558824042,443.8873918656543,632.0868010932941,446.4140134808145,632.9290082983474,430.4120765848002,,,,,859.4827464577065,467.4691936071489,832.5321158959983,496.9464457840172,,,990.0248632409804,401.7770316129854,910.0151787609092,387.4595091270779,792.9483772584896,438.834148635334,781.9996835927956,476.7334728627361,,,,
labeled-data,2025-03-18 12-58-10,img288.png,867.9048185082403,272.91932923981847,1018.6599082127948,272.91932923981847,794.6327916685962,288.0790589307792,749.1536025957139,335.24266241376847,724.7295936491657,381.5640586917043,697.7789630874577,443.0451846606009,643.035494758988,444.7295990707077,635.4556299135077,432.9386981999604,,,,,862.0093680728667,463.258157581882,825.7944582555713,499.4730673991774,,,973.1807191399126,391.67054515234486,890.6444130446813,379.03743707654417,786.2107196180627,439.6763558403874,791.2639628483827,481.7867160930564,,,,
labeled-data,2025-03-18 12-58-10,img292.png,860.3249536627596,267.86608600949813,1014.448872187528,219.8602753214555,792.9483772584896,283.02581570045896,744.9425665704468,338.61149123398195,718.8341432137922,391.67054515234486,686.8302694217637,447.2562206858677,638.8244587337211,444.72959907070754,631.2445938882406,428.72766217469336,,,,,870.4314401234002,467.4691936071488,825.7944582555713,496.946445784017,,,979.0761695752864,393.3549595624516,905.8041427356424,367.2465362057968,794.6327916685962,416.93676130394607,789.5795484382761,482.62892329810967,,,984.9716200106598,352.0868065148359
labeled-data,2025-03-18 12-58-10,img297.png,872.9580617385606,254.39077072864407,990.0248632409804,190.3830231445873,808.9503141545038,272.91932923981847,758.4178818513011,323.4517615430211,727.2562152643259,383.24847310181104,699.4633774975642,445.57180627576105,637.1400443236143,448.0984278909212,633.7712155034009,426.2010405595333,,,,,859.4827464577065,464.1003647869354,828.3210798707314,496.9464457840172,,,974.8651335500192,392.5127523573982,924.3327012468164,319.2407255177543,795.4749988736495,433.78090540501375,795.4749988736495,484.3133377082166,,,,
labeled-data,2025-03-18 12-58-10,img299.png,868.7470257132936,230.80896898714943,991.7092776510868,155.85252773739873,810.6347285646103,263.65504998423125,758.4178818513011,318.39851831270084,728.9406296744328,377.35302266643737,696.0945486773505,443.8873918656543,639.6666659387744,448.0984278909212,629.5601794781338,428.7276621746935,,,,,861.1671608678131,464.9425719919888,828.3210798707314,491.89320255369694,,,984.1294128056064,395.0393739725584,925.17490845187,330.1894191834481,803.0548637191301,434.6231126100671,799.6860348989167,483.4711305031631,,,1003.5001785218344,276.28815806003195
labeled-data,2025-03-18 12-58-10,img305.png,874.6424761486671,201.3317168102812,986.6560344207666,103.63568102408922,815.6879717949307,250.1797347033772,767.6821611068879,311.66086067227377,739.0471161350733,369.77315782095695,708.7276567531517,437.99194143028063,629.5601794781338,437.99194143028063,,,,,,,856.9561248425462,464.9425719919888,834.2165303061051,500.3152746042307,,,,,926.0171156569234,280.4991940852988,807.2658997443968,443.8873918656543,786.2107196180627,476.7334728627361,,,,
labeled-data,2025-03-18 12-58-10,img312.png,872.9580617385606,180.2765366839467,954.652160628738,77.5272576674345,837.5853591263185,233.3355906023096,785.3685124130091,293.13230216109946,748.3113953906606,359.6666713603164,717.9919360087388,433.78090540501375,632.9290082983474,434.6231126100671,,,,,,,859.4827464577065,466.6269864020956,830.8477014858914,494.41982416885713,,,992.5514848561404,192.90964475974744,926.0171156569234,267.0238788044448,803.0548637191301,441.36077025049417,786.2107196180627,476.7334728627361,,,,
labeled-data,2025-03-18 12-58-10,img313.png,872.7509700389488,180.5269513005537,957.4059232246584,77.78333290422229,834.4029997924308,236.24004014926857,781.5840973774154,299.1885950822321,746.8538601730218,364.3077898404704,704.1646102759544,443.89791676720586,630.3628562166178,438.8330905082319,,,,,,,849.597478569353,469.22204806207634,818.4849744070837,496.7168191822213,,,987.7948807785028,200.78625633645,938.593711405612,256.4993451851649,809.8024151059853,435.2153574661075,790.9902032869386,478.62815397159966,,,,
labeled-data,2025-03-18 12-58-10,img316.png,857.7983320475996,190.38302314458724,935.2813949125105,69.10518561690071,824.9522510505178,236.7044194225231,781.9996835927956,295.6589237762596,747.469188185607,364.7199145906367,716.3075215986319,435.4653198151205,643.035494758988,447.2562206858678,634.6134227084541,428.7276621746935,,,,,856.1139176374929,464.1003647869354,823.2678366404112,501.9996890143375,,,981.6027911904464,197.96288799006768,919.2794580164964,261.97063557412446,805.5814853342902,432.09649099490696,783.684098002902,471.68022963241583,,,,
labeled-data,2025-03-18 12-58-10,img330.png,827.1675337081821,196.4449766859008,847.4268387440785,62.58885412730004,796.7785761543379,256.4993451851649,764.9425253836434,319.4479001181285,737.4477542634984,377.331628792118,704.1646102759544,448.2391964177551,632.5334960418925,439.5566371166567,,,,,,,848.1503853525033,466.3278616283768,821.3791608407832,496.7168191822213,,,980.5594146942542,215.2571885049473,919.7814995865652,263.7348112694136,814.1436947565345,431.5976244239831,792.4372965037884,479.3517005800245,,,,
labeled-data,2025-03-18 12-58-10,img335.png,840.954187946532,181.1187438890001,951.2833318085246,103.63568102408922,798.0016204888097,245.9686986781103,764.3133322866747,310.8186534672204,736.5204945199131,373.9841938462239,709.5698639582048,440.5185630454408,629.5601794781338,440.5185630454408,,,,,,,862.85157527792,464.9425719919888,819.8990078201979,500.3152746042307,,,,,902.4353139154288,251.0219419084305,803.8970709241833,428.72766217469353,772.7354043372085,473.36464404252257,,,,
labeled-data,2025-03-18 12-58-10,img344.png,898.2242778901618,160.06356376266564,1043.9261243643964,84.26491530786154,840.1119807414786,234.17779780736296,792.9483772584896,300.7121670065799,749.995809800767,357.14004974515626,712.0964855733652,436.3075270201739,629.5601794781338,439.6763558403874,,,,,,,856.1139176374929,462.4159503768286,823.2678366404112,497.7886529890706,,,1001.8157641117274,360.5088785653698,918.4372508114428,277.9725724701387,805.5814853342902,434.6231126100671,775.2620259523685,477.5756800677895,,,1028.7663946734356,203.016131220388
labeled-data,2025-03-18 12-58-10,img347.png,885.0512623821716,193.5507902522013,1030.48413067557,149.4144471382843,834.4029997924308,252.88161214304057,785.2018304195399,318.72435350970363,747.5774067814468,370.09616279412273,718.635542444452,434.4918109439361,642.6631485598407,438.83309059448527,,,,,,,848.8739319609283,467.77495493148,824.2733472744828,499.6110057021743,,,,,1006.6070925975498,378.7787220952212,921.2285928034152,325.2362730717809,800.3963091964622,441.0037304197599,782.3076439858405,480.07524727470286,1020.3544781576225,216.70428180805047
labeled-data,2025-03-18 12-58-10,img348.png,881.3801337890942,190.38302314458724,1048.979367594717,130.58631158579738,840.954187946532,250.1797347033772,793.7905844635427,304.08099582679336,757.5756746462475,354.6134281299961,714.6231071885252,434.623112610067,635.4556299135076,429.5698693797467,,,,,,,864.5359896880266,464.94257199198864,823.2678366404111,496.946445784017,,,1010.2378361622611,375.66860825633046,928.5437372720836,311.6608606722736,792.1061700534362,436.30752702017367,781.9996835927956,479.2600944778959,,,1027.081980263329,215.6492392961884
labeled-data,2025-03-18 12-58-10,img351.png,873.474516647374,232.6223071933977,1025.4193044165963,213.81009537435108,814.8672413649595,269.523184223066,767.8367118173433,326.6833662886306,735.2771144382239,388.1848280047444,701.2704238422552,443.1743702450345,632.5334960418927,439.5566372029101,,,,,,,841.6384658766797,463.43367528093086,820.6556142323585,497.4403658768997,,,982.0065079111042,383.84354835419526,921.2285928034152,348.38976454137673,796.7785761543379,451.133382937708,792.4372965037885,480.07524727470286,,,,
labeled-data,2025-03-18 12-58-10,img358.png,872.0274234305243,247.09323936189503,1021.0780247660472,218.15137502490032,814.8672413649595,268.79963761464114,762.0483389499439,326.6833662886306,730.2122881792499,384.56709496262016,704.1646102759546,443.8979168534594,631.0864028250429,439.5566372029101,,,,,,,845.9797455272289,468.49850153990496,825.7204404913325,497.4403658768997,,,984.9006943448036,386.0141881794698,916.1637665444414,366.4784297519984,802.5669490217367,445.34501007030906,783.7547372026902,481.5223404915525,,,,
labeled-data,2025-03-18 12-58-10,img359.png,868.4096903883999,250.7109724040194,1026.1428510250212,220.32201485017487,808.3553218891357,275.311557090465,764.2189787752186,324.51272646335605,732.3829280045245,382.3964551373455,703.4410636675298,442.4508236366096,633.2570426503175,439.5566372029101,,,,,,,847.4268387440786,464.1572218893557,835.8500930092807,500.3345523105991,,,995.030346862752,385.290641571045,927.0169656708142,364.3077899267238,797.5021227627626,444.6214634618842,788.8195634616643,478.62815405785307,,,,
labeled-data,2025-03-18 12-58-10,img368.png,871.2736473284535,261.1284283690709,1009.395628957208,261.97063557412423,811.4769357696637,276.2881580600317,763.471125081621,328.5050047733412,734.8360801098063,367.2465362057966,706.2010351379913,432.09649099490673,643.8777019640414,444.7295990707074,630.4023866831874,428.7276621746933,,,,,852.7450888172795,458.2049143515615,823.2678366404112,490.2087881435899,,,977.3917551651792,390.8283379472912,906.6463499406956,365.56212179568985,790.4217556433292,439.6763558403872,778.6308547725821,475.8912656576824,,,,
labeled-data,2025-03-18 12-58-10,img370.png,878.539342906348,227.5574809344236,1021.0780247660472,156.64991330878647,817.0378811902342,271.6938240483406,772.1779914678923,319.44790020438194,736.0006610466489,374.437442444672,713.570716185478,434.4918109439361,634.7041358671672,443.8979168534594,,,,,,,847.4268387440786,465.60431510620543,832.2323599671565,498.8874590937494,,,983.453601127954,388.1848280047444,933.528885146638,344.7720314992524,794.6079363290633,443.8979168534594,790.266656678514,481.5223404915525,,,1013.1190120733736,266.6289977893665
labeled-data,2025-03-18 12-58-10,img377.png,869.8567836052496,218.15137502490032,1002.2658129470008,128.4315955802166,814.8672413649595,263.0112647472422,773.6250846847421,312.21243412013325,741.7890339140478,365.7548831435736,707.7823433180789,442.4508236366096,633.2570426503175,438.83309059448527,,,,,,,847.4268387440786,463.43367528093086,832.2323599671565,506.84647178642297,,,999.3716265133012,386.73773478789474,929.9111521045138,333.9188323728793,790.9902032869388,446.79210328715885,792.4372965037885,482.9694337084023,,,984.9006943448036,283.2705697831385
labeled-data,2025-03-18 12-58-10,img382.png,864.7919573462756,213.81009537435108,979.8358680858296,125.53740914651712,809.0788684975606,254.32870544614377,771.4544448594675,307.87115446958404,731.6593813960997,370.8197094025476,706.3352501012292,447.51564989558375,636.151229084017,442.4508236366096,,,,,,,848.1503853525035,464.1572218893557,822.826254057633,494.5461794432002,,,976.94168165213,373.7138958362471,913.9931267191666,320.8949934212317,801.1198558048873,441.7272770281848,783.7547372026902,477.1810608410033,,,,
labeled-data,2025-03-18 12-58-10,img385.png,878.8535121739342,208.91158165576127,979.0761695752864,181.9609510940532,820.7412150252509,245.9686986781101,762.6289178765679,293.97450936615263,728.0984224693793,368.08874341085,700.3055847026177,438.8341486353338,628.7179722730805,432.9386981999601,,,,,,,858.6405392526531,463.2581575818818,824.9522510505178,497.7886529890703,,,984.1294128056064,350.402392104729,910.8573859659624,303.2387886217398,803.0548637191301,434.62311261006687,785.3685124130091,475.0490584526291,,,987.49824162582,235.0200050124161
labeled-data,2025-03-18 12-58-10,img387.png,876.3687030810736,211.6394555490765,971.876855393156,179.0798581699574,816.3143345818094,249.2638791871697,763.4954321667939,301.35923499376025,733.1064746129492,365.7548831435736,697.6526908001308,448.2391965040086,633.9805892587424,437.38599737763553,,,,,,,848.8739319609283,465.60431510620543,830.7852667503067,503.9522853527235,,,981.2829613026794,353.4545908003508,902.4163809843686,317.2772603791073,801.1198558048873,438.1095439860604,785.9253770279648,477.1810608410033,,,986.3477875616534,248.54033257874485
labeled-data,2025-03-18 12-58-10,img392.png,872.1158545335071,219.86027532145528,961.3898182691652,178.5921222738397,803.8970709241833,251.8641491134837,761.7867106715145,300.71216700657965,733.9938729047528,363.8777073855831,704.5166207278846,441.36077025049394,635.4556299135077,447.2562206858676,633.7712155034009,427.8854549696399,,,,,841.7963951515854,468.31140081220207,829.1632870757849,496.10423857896353,,,962.2320254742186,274.6037436499249,917.5950436063896,310.8186534672202,808.1081069494504,428.7276621746933,788.7373412332227,480.10230168294936,,,,
labeled-data,2025-03-18 12-58-10,img396.png,862.0093680728664,210.5959960658681,945.3878813731508,176.907707863733,803.0548637191298,247.6531130882168,756.7334674411941,297.34333818636617,731.4672512895927,361.35108577042297,697.7789630874577,442.2029774555473,630.4023866831872,443.0451846606007,630.4023866831872,427.04324776458645,,,,,848.5340527920122,465.7847791970419,824.9522510505177,491.8932025536967,,,967.2852687045388,255.2329779336972,906.6463499406956,301.55437421163305,798.8438276938629,432.9386981999601,781.157476387742,480.9445088880027,,,,
labeled-data,2025-03-18 12-58-10,img403.png,853.2152116114777,205.12753607325263,937.1466181887624,130.60223540549117,797.5021227627626,254.32870544614377,754.8128728656955,306.4240612527343,729.488741570825,377.3316288783715,696.9291441917059,448.96274311243343,634.7041358671672,448.2391965040086,636.151229084017,429.426984684962,,,,,840.19137265983,465.60431510620543,825.7204404913325,494.5461794432002,,,958.8530164415084,293.4002223010867,903.8634742012184,284.71766299998825,789.5431100700891,446.068556678734,782.3076439858405,477.90460744942817,,,,
labeled-data,2025-03-18 12-58-10,img404.png,848.1503853525035,208.02172250695213,932.8053385382128,132.0493286223409,801.1198558048873,247.09323936189503,757.7070592993948,300.63568838533536,728.0416483539753,374.437442444672,689.6936781074573,446.79210328715885,636.8747756924419,447.51564989558375,634.7041358671672,430.1505312933869,,,,,843.0855590935296,462.7101286725059,825.7204404913325,500.3345523105991,,,958.8530164415084,291.95312908423693,898.7986479422444,287.6118494336877,801.8434024133119,445.34501007030906,784.478283811115,477.90460744942817,,,,
labeled-data,2025-03-18 12-58-10,img407.png,855.2717104324394,184.4875727092134,956.3365750388448,110.37333866451604,814.0035573848237,235.0200050124161,762.6289178765676,293.97450936615263,735.6782873148595,365.56212179568985,698.6211702925108,449.7828423010277,630.4023866831872,440.5185630454405,632.9290082983474,427.04324776458645,,,,,841.7963951515853,464.1003647869352,815.6879717949303,494.4198241688568,,,959.7054038590584,298.1855453914195,897.3820706851081,290.6056805459392,789.5795484382758,432.9386981999601,781.9996835927952,476.733472862736,,,948.7567101933646,220.7024825265087
labeled-data,2025-03-18 12-58-10,img409.png,848.8739319609283,199.3391632058537,956.682376616234,111.06647697801972,795.3314829374879,252.1580656208692,756.2599660825451,310.7653409032835,727.3181017455504,383.1200017457704,692.5878645411567,448.2391965040086,641.216055342991,445.34501007030906,629.6393096081931,433.7682643355112,,,,,840.914919268255,467.77495493148,824.2733472744828,495.9932726600499,,,966.0884825257572,299.91214177691046,906.757660634918,278.2057435241644,799.6727625880372,434.4918109439361,782.3076439858405,477.90460744942817,,,,
labeled-data,2025-03-18 12-58-10,img411.png,846.7032921356538,194.27433694687969,958.8530164415084,91.53071855054829,794.6079363290633,245.6461461450453,762.771885558369,304.2534214274597,734.553567829799,370.8197094025476,692.5878645411567,447.51564989558375,637.5983223008666,444.6214634618842,631.8099494334676,428.7034380765372,,,,,841.6384658766797,466.3278617146303,817.0378811902342,491.6519930095008,,,957.4059232246587,292.6766756926618,913.2695801107416,263.73481135566703,794.6079363290633,439.5566372029101,785.9253770279648,475.7339676241536,,,,
labeled-data,2025-03-18 12-58-46,img001511.png,885.9826391376588,228.8793283283054,1071.6328783845468,164.04028954655644,808.9516443456665,262.130117447151,751.3169432063341,320.3189984051308,720.2828733620782,388.4831160987643,699.7782200721233,478.2602467196474,640.4809794768487,487.6813036366537,580.0753792442792,494.3314614604228,,,,,872.1281436714731,501.53579910283935,825.0228590864418,553.07452223705,,,1020.094155250336,415.6379272124882,939.1839017278118,360.7741251663929,808.3974645270192,464.9599310721092,786.2302717811219,521.4862725741467,820.5894205372625,492.11474218583305,1011.2272781519772,387.3747564614694
labeled-data,2025-03-18 12-58-46,img001581.png,923.3469561212602,274.4760870213056,1043.9261243643962,405.1458604331988,818.4326978996544,273.02899380445587,750.4193167077167,330.9127224784454,717.1361727201729,405.4380231462069,702.6652405516754,480.6868704223932,594.1332492879451,485.0281500729424,,,,,,,862.5690410135715,502.3932686751392,825.6681639839031,555.2121710901547,,,1009.4490025238196,438.7211671337508,934.2001552476332,425.6973281821032,800.3440326890327,467.6630314707455,786.5966471289603,524.0996669278853,824.2210707670534,492.987162765616,,
labeled-data,2025-03-18 12-58-46,img001712.png,840.8626427608252,298.35312509932623,934.9237018560582,267.2406209370569,771.402168352038,301.2473115330257,733.05419810552,352.6191207311914,723.6480921959966,411.9499426220307,702.6652405516754,480.6868704223932,636.0989525765874,512.5229211930874,582.5565035531472,495.1578025908906,,,,,,,870.528053706245,520.481933885761,,,,,871.9751469230946,373.6019723755126,833.6271766765767,435.10343409162647,811.9207784238306,495.8813491993154,750.4193167077167,521.9290271026107,,
labeled-data,2025-03-18 12-58-46,img002158.png,877.0399731820686,249.1519557264352,1063.714998155685,181.8621211429224,786.5966471289603,281.7115531055543,737.395477756069,358.40749359859035,713.5184396780484,432.209247657927,696.1533210758517,480.6868704223932,599.1980755469192,487.9223365066419,,,,,,,873.4222401399444,504.5639085004139,833.6271766765767,560.2769973491288,,,1003.6606296564208,403.26738332093225,926.9646891633848,388.0729045440101,807.5794987732813,474.8984975549943,798.8969394721828,533.5057728374086,830.0094436344522,492.2636161571911,1007.2783626985448,354.0662139480412
labeled-data,2025-03-18 12-58-46,img002580.png,873.2365033087679,259.35921835391383,989.06008540608,352.4614278866816,797.3138681540705,278.7555120065738,757.9671010301032,345.257090244265,745.7751450198598,411.2044886633088,727.487211004495,489.8980229112434,647.6853171192653,519.8237331182045,580.6295590629267,503.75251837742906,,,,,908.149831883556,508.7401367452559,885.9826391376588,528.1364303979158,,,968.001252297478,405.1085106581871,905.3789327903188,379.06205918175806,864.9238060290565,448.3345365126864,843.8649729204544,507.0775972893136,,,,
labeled-data,2025-03-18 12-58-46,img003107.png,924.0705027296854,168.11473558284987,1087.5920362337056,98.65426117406248,857.5042147545973,246.25776929273573,797.4498462553331,321.506616568922,748.2486768824422,391.6906375861343,712.0713464611987,460.4275653864968,629.5870331007637,472.0043111212948,569.5326646014996,523.3761203194604,,,,,866.9103206641205,494.4342559824657,835.0742698934264,542.188332138507,,,1005.8312694816952,411.9499426220307,961.6949263677782,327.29498943632103,831.4565368513022,453.91564591067305,806.1324055564315,520.481933885761,838.6920029355507,485.0281500729424,1049.2440659871872,215.1452651304664
labeled-data,2025-03-18 12-58-46,img004169.png,874.8990427647102,224.445889779126,1017.323256157099,129.681140790416,801.1931268846025,263.23847708444583,746.3293248385072,325.8607965916051,712.5243559010142,395.6874537411809,694.2364218856492,482.69368526882687,618.8679665495991,495.4398210977177,591.1589756172277,474.3809879891154,,,,,842.2024334645122,472.16426871452575,822.2519599932048,548.6410836878706,,,972.4346908466574,405.66269047683454,923.666866805684,356.3406866172136,807.2891048897242,454.9846943364555,782.9051928692375,512.6193954757879,,,1015.1065368825092,301.4768845711183
labeled-data,2025-03-18 12-58-46,img004322.png,880.4408409511846,200.0619777586392,955.2551164685872,141.87309680065937,810.6141838016088,246.0589027063756,759.6296404860456,301.4768845711183,724.1621320926101,376.2911600885209,696.4531411602388,471.05590907723087,603.9051114461186,493.223101823128,592.2673352545225,472.7184485331732,,,,,846.0816921950441,481.0311458128846,837.7689949153328,540.3283864081592,,,,,922.558507168389,270.99699454550984,813.9392627134932,444.4552777821544,787.3386314184169,513.1735752944353,,,,
labeled-data,2025-03-18 12-58-46,img006156.png,939.1839017278118,348.5821691561496,976.3139495771894,428.384063041379,866.5863454849989,308.12704239488744,787.8928112370642,298.15180565923373,715.2952549942513,342.4861911510279,669.8525098651623,432.263321771911,576.7503003323947,441.68437868891726,498.61094590310745,456.0930539737504,,,,,,,803.9640259778396,504.8608780147239,,,,,,,796.7596883354232,411.75866848195625,779.0259341387055,478.2602467196474,,,,
labeled-data,2025-03-18 12-58-46,img009344.png,900.9454942411394,295.935086384644,1011.7814579706248,375.7369802698735,816.7101618067305,280.418051462516,740.787526652033,316.43973967459885,702.5491191653606,394.02491428523854,686.4779044245852,472.16426871452575,606.1218307207082,508.18595692660847,540.7286121203119,495.4398210977177,526.8741166541263,451.1054356059235,,,854.9485692934029,482.69368526882687,826.6853985423842,538.665846952217,,,987.9517257687854,393.4707344665911,903.7163933343764,406.216870295482,792.8804296048912,454.4305145178081,781.7968332319425,516.4986542063199,815.0476223507882,481.585325631532,943.0631604583438,445.56363741944926
labeled-data,2025-03-18 12-58-46,img009886.png,743.1838506234681,328.7420826531708,,,794.5556598216338,301.2473115330257,793.8321132132091,344.6601080385179,790.2143801710845,391.6906375861343,773.5728081773125,445.9566332179995,704.1123337685251,485.0281500729424,,,,,727.9893718465457,401.0967434956576,,,,,,,,,,,861.8454944051464,390.9670909777095,,,,,,
labeled-data,2025-03-18 12-58-46,img012218.png,895.8521850011153,307.03568440042466,965.3126594099026,374.3255189839375,799.6204860806079,289.6705657982278,735.9483845392193,322.2301631773469,701.2181473348256,394.5848240198338,692.5355880337272,450.2979128685487,653.4640711787843,454.6391925190979,,,,,,,857.5042147545973,474.1749509465694,816.9856046828047,513.9700144099372,,,984.8484178373744,393.861277411409,901.6405578685144,420.6325019231291,790.9379267795093,435.10343409162647,785.8731005205352,487.19878989821706,820.6033377249291,462.5982052117715,,
labeled-data,2025-03-18 12-58-46,img013002.png,933.08792372269,219.4582714112992,931.4253842667478,148.52325462442852,848.8525912882811,267.11773581497783,794.5429690608332,313.11466076271427,754.6420221182185,370.7493619020466,726.3788513671998,433.9258612278534,653.2271153057394,442.23855850756473,595.0382343477596,448.88871633133385,550.7038488559656,503.1983385587817,,,868.2488849409411,464.9599310721092,827.7937581796789,507.63177710796106,,,982.9641074009584,407.3252299327769,915.3541695259725,357.44904625450846,813.3850828948458,450.5512557872761,791.7720699675962,486.0187641807115,839.9857141899222,457.20141361104527,1026.1901332554578,337.4985727832011
labeled-data,2025-03-18 12-58-46,img013358.png,,,,,471.4561347893835,304.24778366435544,489.7440688047485,339.16111223914334,508.586182638761,384.6038573682323,536.8493533897797,425.05898412949455,614.9887078190671,445.00945760080185,718.6203339061358,476.5977072637052,817.2643416253778,460.52649252292986,429.338468572179,390.1456555547066,,,,,,,,,,,,,,,,,,
labeled-data,2025-03-18 12-58-46,img014480.png,,,,,600.580032534234,325.3066167729577,685.9237246059377,298.7059854778812,756.3045615741607,347.47380951885475,791.2178901489488,413.975387756546,901.4996740597868,407.87940975142425,959.6885550177664,463.8515714348144,938.0755420905168,566.3748378845884,641.5893391141434,403.4459712022449,647.1311373006176,464.9599310721092,,,594.4840545291122,395.1332739225334,,,,,,,,,686.477904424585,464.9599310721092,592.2673352545225,444.4552777821544
labeled-data,2025-03-18 12-58-46,img014700.png,854.610028320898,312.1005106593988,983.4013246205244,308.48277761727445,789.4908335626598,293.2882988403522,734.5012913223695,319.33597674364745,696.1533210758517,362.7487732491396,653.4640711787843,410.5028494051809,580.3858637278726,408.3322095799063,521.7785884454582,444.5095400011497,553.6146392161525,495.1578025908906,,,,,785.8731005205352,477.79268398869374,,,887.8931723084418,480.6868704223932,856.0571215377477,437.27407391690105,755.4841429666909,411.2263960136058,742.4603040150432,462.5982052117715,,,,
labeled-data,2025-03-18 12-58-46,img016057.png,882.6575602257742,367.4242829901621,934.750463178632,494.8856412790704,828.9021178169738,323.089897498368,745.7751450198598,297.5976258405863,683.7070053313479,353.56978752397646,648.2394969379125,426.1673437667894,566.7750635967409,455.53887415510303,557.3540066797347,519.8237331182045,608.3385499952979,587.9878508118379,,,,,803.4098461591922,492.1147421858332,,,860.4903674798771,498.2107201909549,830.5646572729161,449.9970759686288,781.7968332319425,412.8670281192511,756.3045615741607,476.04352744505775,,,,
labeled-data,2025-03-18 12-58-46,img017348.png,700.3323998907708,188.97838138569068,707.5367375331873,49.87924690518653,677.0568475075788,264.9010165403882,671.5150493211045,338.0527526018485,660.431452948156,414.5295675751934,670.4066896838096,501.5357991028394,608.8927298139453,559.1705002421718,527.982476291421,554.7370616929924,,,,,,,813.9392627134932,479.3686063569424,,,808.3974645270189,180.66568410597927,789.5553506930065,237.74620542666423,778.4717543200579,411.2044886633088,769.0506974030518,478.2602467196475,,,806.7349250710768,155.17341244819764
labeled-data,2025-03-18 12-58-46,img017927.png,588.942256342638,189.5325612043381,607.7843701766506,80.91331674944243,612.2178087258299,243.8421834317859,635.4933611090219,306.46450293894515,660.9856327668034,364.0992040782776,673.1775887770468,420.0713657616676,745.2209652012123,427.8298832227316,813.3850828948458,445.56363741944926,797.3138681540704,487.1271238180064,570.1001425086254,390.1456555547066,556.2456470424397,464.9599310721092,548.4871295813757,433.9258612278534,532.4159148406004,261.57593762850354,,,,,,,578.4128397883369,434.48004104650073,600.0258527155866,449.44289614998127,464.25179714696696,225.55424941642084
labeled-data,2025-03-18 12-58-46,img018013.png,633.2047661428879,178.9679347092229,654.1876177872093,101.54844760776196,639.7166856187118,240.4693964253368,652.7405245703594,299.07667170775113,670.1056431725563,362.7487732491396,684.5765753410537,435.82698070005137,753.313503141416,428.5915146158027,811.9207784238306,445.9566332179995,796.7262996469082,493.7107093740409,591.2390628542456,399.649650278808,555.7852790414271,466.9394848623207,549.2733595656032,432.209247657927,597.7509823300694,231.7868371242384,529.7376011381318,212.9746253051917,,,571.7033044267741,390.9670909777095,581.1094103362975,435.10343409162647,601.3687153721938,448.1272730432741,560.8501053004011,182.58566775134727
labeled-data,2025-03-18 12-58-46,img019632.png,709.9007066359242,186.2034007934716,710.624253244349,47.28245197589681,717.1361727201729,249.1519557264352,709.9007066359242,315.7182437015231,693.259134642152,381.5609850681861,662.1466304798828,460.4275653864968,595.5803425047948,462.5982052117715,543.4849866982042,465.49239164547095,,,,,835.7978165018512,469.83367129602016,797.4498462553331,512.5229211930874,,,855.3335749293228,162.32636271545095,832.1800834597268,216.5923583473161,787.3201937373851,420.6325019231291,776.4669946110121,481.41041703081805,790.9379267795093,464.7688450370461,844.4803758029495,144.9612441132541
labeled-data,2025-03-18 12-58-46,img019668.png,707.5367375331873,186.7616621111009,706.4283778958925,50.43342672383395,704.7658384399501,249.93816143690765,699.7782200721233,321.9815378610731,680.9361062381108,391.2540151920015,661.5398125854508,448.88871633133385,587.833896705343,459.9723127042824,546.8245901254336,457.20141361104527,,,796.7596883354232,410.6503088446614,837.7689949153325,468.8391898026412,797.3138681540704,497.6565403723074,,,846.0816921950441,176.7864253754473,806.7349250710768,226.10842923506823,774.0383157708785,435.0342208651482,770.7132368589939,483.2478650874744,790.1095305116538,469.3933696212887,843.3107931018069,153.51087299225534
labeled-data,2025-03-18 12-58-46,img020451.png,880.9950207698319,237.74620542666423,1021.7566947062784,289.8391083795224,810.6141838016088,248.27562198096533,750.2085835690392,304.80196348300285,710.8618164450719,371.3035417206941,673.1775887770468,442.7927383262122,593.9298747104647,473.826808170468,566.7750635967409,457.7555934296927,,,,,,,813.3850828948458,519.2695532995571,,,,,,,801.7473067032498,445.56363741944926,774.0383157708785,492.6689220044806,,,,
labeled-data,2025-03-18 12-58-46,img020533.png,860.3984011882967,171.73246862497425,987.7426042710736,99.37780778248737,809.026591990131,240.4693964253368,762.7196090509394,301.97085814145066,714.965532894898,375.0490655923624,675.8940160399552,448.8508196516989,601.3687153721938,477.79268398869374,568.0855713846498,466.9394848623207,,,,,809.026591990131,478.5162305971186,820.6033377249291,515.4171076267869,,,984.8484178373744,249.1519557264352,925.517595946535,267.96416754548176,806.1324055564315,430.76215444107726,774.2963547857373,491.5400695487663,,,973.2716721025764,191.99177366087056
labeled-data,2025-03-18 12-58-46,img022383.png,552.3663883119077,316.99391949324627,584.5088177934585,410.096129026014,485.3106302555692,287.6223891049326,486.418989892864,334.7276736899639,491.9607880793383,383.4954977309375,502.49020463363934,432.2633217719111,585.6171774307534,467.1766503466989,684.2611851499953,500.981619284192,790.1095305116538,484.3562247247692,422.6883107484099,387.3747564614695,429.8926483908264,476.04352744505775,,,,,,,,,559.5707259543243,374.0744408139312,,,,,,
labeled-data,2025-03-18 12-58-46,img022741.png,882.6575602257742,355.7865067985661,936.967182453222,456.64723379239786,822.8061398118521,303.693603845708,739.6791670147381,295.935086384644,684.8153649686428,344.7029104256176,639.3726198395539,404.5543308395397,547.3787699440809,411.75866848195625,497.5025862658125,461.0806723415772,,,,,,,781.2426534132952,486.57294399935887,,,834.4439160034481,489.3438430925961,818.9268810813201,428.9382428600264,750.2085835690392,411.75866848195625,738.5708073774432,463.2973916161669,,,,
labeled-data,2025-03-18 12-58-46,img024760.png,864.0161342304211,233.95747694951297,1028.9847609512913,184.03276096819687,780.0847276531364,270.1348073707564,738.8425709729188,334.5304555205697,716.4126261117481,410.5028494051809,678.7882024736548,492.2636161571911,562.2971985172509,479.9633238139684,,,,,,,,,873.4222401399444,532.7822262289837,,,981.9542314036746,307.7592310088496,916.8350366454366,337.4246419542692,840.8626427608252,447.40372643484926,820.6033377249291,517.5877474520614,,,968.9303924520268,272.30544719603097
labeled-data,2025-03-18 12-58-46,img025329.png,899.4699180432395,188.37404061874625,1060.0972651135603,165.22054914915043,849.5452020619238,246.98131590116057,786.5966471289603,304.86504457515014,743.1838506234681,364.9194130744141,707.0065202022245,445.2330866095747,586.1742365952715,476.345590771844,,,,,855.3335749293228,429.3150612242275,878.4870663989186,497.3284424161652,815.5385114659549,524.8232135363102,,,990.636790704773,407.6086629714815,939.9885281150324,350.4484809059168,806.1324055564315,437.99762052532594,788.04374034581,497.3284424161652,832.1800834597268,472.0043111212948,1047.7969727703378,257.8345150275336
labeled-data,2025-03-18 12-58-46,img026360.png,782.2553674784109,435.82698070005137,782.2553674784109,592.1130481198229,761.9960624425146,373.6019723755126,735.2248379307945,332.3598156952951,693.259134642152,307.03568440042466,,,599.921622155344,401.8202901040825,455.2123004703704,409.0557561883312,493.56027071688834,549.4237982227557,,,,,686.7472151663284,495.8813491993154,,,733.05419810552,544.3589719637816,696.8768676842765,460.4275653864968,657.8053508293335,408.3322095799063,667.9350033472817,473.45140433814447,,,,
labeled-data,2025-03-18 12-58-46,img026831.png,,,,,816.7101618067304,313.11466076271427,738.5708073774432,308.12704239488744,690.357163155117,361.32830498504046,637.155900564964,426.1673437667894,562.8958048662089,427.2757034040842,499.1651257217548,465.5141108907567,559.5707259543243,527.028070760621,,,,,805.0723856151344,469.3933696212887,,,,,827.2395783610315,401.7834317463026,801.1931268846024,416.7462868497831,747.9918642944494,460.52649252292986,,,,
labeled-data,2025-03-18 12-58-46,img027628.png,884.8742795003639,325.8607965916051,1048.9115058200025,397.9041730157706,800.0847672473076,313.6688405813617,710.8618164450719,334.1734938713165,651.564575849797,395.1332739225334,601.1342123528813,462.1890319788721,523.5490377422416,471.6100888958784,493.6233275352805,456.0930539737504,539.0660726643696,441.68437868891726,,,781.2426534132952,506.52341747066623,791.7720699675962,560.2788598794666,,,949.1591384634654,466.0682907094041,887.0909987749537,477.1518870823526,752.9794826622762,476.04352744505775,729.7039302790843,544.2076451386913,,,897.0662355106074,543.6534653200438
labeled-data,2025-03-18 12-58-46,img030589.png,713.0785357196615,329.1858755034897,,,670.4066896838096,290.9474680168172,600.580032534234,309.7895818508297,566.7750635967409,375.7369802698735,561.787445228914,459.4181328856349,594.4840545291122,513.1735752944353,675.3943080516365,540.3283864081593,775.1466754081735,563.6039387913512,,,,,669.2983300465148,453.8763346991607,,,751.3169432063339,433.9258612278534,719.7286935434306,392.3623748292963,683.7070053313479,391.2540151920015,633.276641834432,456.0930539737504,,,,
labeled-data,2025-03-18 12-58-46,img030787.png,870.4656042155308,224.445889779126,1036.719549809759,126.35606187853143,817.2643416253778,265.45519635903554,775.7008552268207,319.7648185864834,749.1002239317442,364.0992040782776,708.0909173518346,422.28808503625737,640.4809794768485,430.6007823159688,578.9670196069843,446.11781723809673,529.0908359287158,487.68130363665375,,,849.4067711069285,472.7184485331732,817.8185214440252,522.0404523927941,,,980.7473881263688,390.69983537335406,922.558507168389,350.2447086120919,804.5182057964869,433.9258612278534,799.5305874286602,493.7772816417754,832.7813765475057,459.4181328856349,,
labeled-data,2025-03-18 12-58-46,img033767.png,918.679248437857,349.136348974797,974.0972303025998,422.8422648549048,839.9857141899222,310.89794148812456,753.5336624809238,321.4273580424257,701.4407595280655,377.39951972581576,662.6481722227456,447.780356694039,569.545962689978,453.32215488051327,508.586182638761,438.35929977703273,480.3230118877423,487.1271238180064,,,831.6730169102109,470.5017292585835,787.8928112370642,524.2571716673839,,,936.967182453222,499.8732596468972,912.5832704327352,453.32215488051327,791.2178901489488,424.5048043108471,758.5212808487505,498.2107201909549,,,,
labeled-data,2025-03-18 12-58-46,img033964.png,919.729223079136,349.724934297492,974.0229263449658,419.4633829191063,840.8626427608252,310.6534174425491,744.6309438403177,328.018536044746,699.047507509551,395.3083706282587,654.9111643956342,455.3627391275228,570.2562112099245,458.2569255612223,510.20184271066034,440.1682603506006,,,,,,,830.732990242877,520.481933885761,,,960.2478331509284,483.5810568560927,906.7053841274884,456.8098323443726,808.3030453817062,437.99762052532594,779.3611810447115,492.987162765616,,,,
labeled-data,2025-03-18 12-58-46,img037737.png,918.1250686192096,277.64715236927896,1041.1529883589385,379.6162390004055,848.2984114696337,267.6719156336253,773.4841359522311,302.5852442084132,729.7039302790843,379.06205918175806,716.9577944501935,462.1890319788721,636.0475409276693,453.32215488051327,571.7626819645677,445.00945760080185,517.4530597371199,434.48004104650073,,,863.2612665731142,484.9104045434166,848.2984114696337,532.0156891284479,,,981.301567945016,422.28808503625737,908.149831883556,411.75866848195625,811.7225434389035,444.4552777821544,816.1559819880829,501.5357991028394,830.0104774542685,479.92278617558975,,
labeled-data,2025-03-18 12-58-46,img038234.png,900.9170112600896,268.68771415390665,1037.6673202523891,351.89557412276656,820.6033377249291,272.30544719603097,750.4193167077167,304.86504457515014,704.83588037695,364.1958664659893,665.0408169135821,432.209247657927,602.8158085890434,450.2979128685487,551.4439993908778,456.0862857359476,508.7547494938106,440.1682603506006,,,818.4326978996544,477.0691373802688,805.4088589480067,529.1644931868593,,,956.6301001088044,396.0319172366836,887.1696257000169,394.5848240198338,786.5966471289603,417.0147688810048,770.678621743613,498.77553563301495,,,,
labeled-data,2025-03-18 12-58-46,img040574.png,933.08792372269,282.0805909184584,1048.3573260013547,404.5543308395397,862.1529069358194,280.97223128116354,801.1931268846024,313.11466076271427,761.8463597606351,356.894866435861,733.0290091909687,408.4335895700717,646.5769574819703,418.9630061243728,565.666703959446,442.7927383262122,488.0815293488063,494.3314614604229,,,883.765919863069,471.0559090772309,818.3727012626728,502.0899789214869,,,990.1684450433752,421.17972539896255,914.799989707325,405.6626904768346,791.2178901489488,431.7091419532636,789.5553506930065,483.2478650874744,841.0940738272171,456.0930539737504,,
labeled-data,2025-03-18 12-58-46,img041271.png,888.1993584122484,294.8267267473492,1037.2737296284065,379.06205918175806,808.9516443456664,284.8514900116955,740.2333468333854,317.5480993118937,698.115680616181,364.0992040782776,654.3354749430342,425.05898412949455,558.4623663170294,441.68437868891726,498.61094590310734,483.2478650874744,,,,,,,796.7596883354232,504.3066981960765,,,983.5182872196058,399.5667124717129,904.270573153024,411.75866848195625,767.3881579471094,420.6255455803151,750.7627633876865,483.80204490612175,,,,
labeled-data,2025-03-18 12-58-46,img042327.png,932.0295154223588,443.7859933927249,958.8007399340788,596.4543277703722,856.0571215377477,376.49615880921215,765.6137954846388,338.14818856269403,683.8530287326287,364.1958664659893,612.9454611069917,445.9566332179995,501.5192834095619,457.5333789527974,,,,,,,,,780.0847276531364,558.829904132279,,,879.2106130073435,589.2188616861235,829.2858970260273,533.5057728374086,741.7367574066184,460.4275653864968,724.3716388044214,522.6525737110355,,,,
labeled-data,2025-03-18 12-58-46,img043732.png,695.4297744674268,189.0975872271711,708.4536134190744,52.34727823487089,678.7882024736548,249.87550233486004,667.2114567388568,311.3769640509739,641.1637788355615,367.0900528996888,612.9454611069917,435.10343409162647,545.6556265234789,465.49239164547095,508.03120288538577,459.704018778072,515.2666689696343,426.4208747905281,,,,,774.2963547857373,489.3694297234916,,,819.8797911165041,188.37404061874625,777.1905412194369,243.36358285903623,736.6719311476442,423.5266883568286,730.8835582802453,472.0043111212948,,,,
labeled-data,2025-03-18 12-58-46,img044863.png,758.3783294003904,176.79729488394833,739.5661175813436,76.94786292131641,766.3373420930639,249.87550233486004,757.6547827919654,312.8240572678236,739.5661175813436,375.7726120282803,693.259134642152,445.2330864370677,612.2219144985669,493.710709201534,522.5021350538831,498.775535460508,465.34195298831855,490.8165227678344,693.259134642152,375.7726120282803,674.4469228231055,442.3389000033683,803.961765731157,453.9156457381662,711.3477998527738,221.6571844337832,,,,,813.3678716406803,391.6906374136274,780.0847276531364,456.8098321718656,,,,
labeled-data,2025-03-18 12-58-46,img045910.png,638.2642602022589,177.89478501274212,685.9237246059377,84.23839566132699,612.7719885444773,223.8917099604785,596.1465939850546,299.814345115176,581.7379187002214,385.15803718687977,607.2301903580031,457.7555934296927,529.6450157473632,499.3190798282497,479.2146522504474,544.2076451386913,576.7503003323945,579.6751535321266,,,,,741.3417064706803,471.6100888958784,,,745.7751450198598,225.00006959777343,703.6574788026553,227.77096869101047,697.0073209788862,404.00015102089225,693.1280622483542,466.0682907094041,,,,
labeled-data,2025-03-18 12-58-46,img046174.png,,,,,541.2827919389592,318.6564589491885,621.6388656428362,318.1022791305411,670.9608695024572,376.8453399071684,699.2240402534759,435.0342208651482,800.0847672473076,464.9599310721092,852.1776702001657,540.8825662268067,739.6791670147381,585.7711315372483,539.0660726643696,395.6874537411809,555.6914672237923,467.7308301653464,,,,,,,,,,,,,587.2797168866956,464.40575125346186,,
labeled-data,2025-03-18 12-58-46,img046289.png,502.2428300179868,294.0118452762701,415.4172370070026,271.5819004150992,571.7033044267741,292.5647520594204,630.3105797091885,320.0595231795654,663.5937236967325,369.9842391608814,694.706227859002,428.59151444329575,778.6376344362867,455.3627389550159,832.1800834597268,513.9700142374302,806.1324055564315,589.2188615136166,557.2323722582768,416.29122210007296,542.7614400897794,470.5572177319382,,,,,,,,,,,,,,,,
labeled-data,2025-03-18 12-58-46,img046427.png,,,,,556.2456470424397,293.1641872914069,573.42522142051,338.0527526018485,602.7967518088237,392.91655464794377,641.5893391141434,430.6007823159688,733.5831890096163,455.53887415510303,802.8556663405448,489.8980229112434,853.8402096561081,556.3996011489346,520.223958830357,392.91655464794377,538.5118928457221,464.9599310721092,,,,,,,,,642.1435189327909,363.5450242596301,,,,,,
labeled-data,2025-03-18 12-58-46,img047398.png,860.3984011882967,178.2443879282911,924.0705027296854,86.35396865833278,822.7739775502034,232.51038356015627,788.04374034581,287.49992580044625,751.1428633161415,351.89557395025963,701.9416939432506,431.4857008769952,600.6451687637689,454.639192346591,518.1608554033339,499.4990820689329,418.311423440702,542.9118785744249,,,,,832.1800834597268,464.7688448645392,,,,,,,832.1800834597268,403.9909297568502,783.7024606952606,452.4685525213164,,,,
labeled-data,2025-03-18 12-58-46,img049645.png,706.9825577145399,176.23224555679985,734.1373688282638,73.15479928837846,665.4190713159828,244.39636325043327,635.4933611090219,311.452121306772,605.5676509020608,379.6162390004055,579.5211994256316,459.9723127042824,508.0320028201136,469.3933696212887,,,,,,,724.1621320926101,451.65961542457103,745.2209652012123,499.8732596468972,,,806.1807452524292,200.0619777586392,771.8215964962887,250.49234125555503,701.994939346713,428.3840630413791,693.6822420670015,484.3562247247692,,,,
labeled-data,2025-03-18 12-58-46,img052421.png,923.1126869870365,275.98461291333666,1047.8031461827072,387.92893628011694,839.9857141899222,277.09297255063154,736.9082679215007,311.452121306772,686.477904424585,397.9041730157706,672.6234089583994,499.8732596468972,552.3663883119077,507.0775972893137,,,,,,,832.2271967288584,489.8980229112434,825.0228590864418,563.6039387913512,,,1024.5275937995154,414.5295675751934,928.6544851735108,397.9041730157706,790.6637103303012,457.7555934296927,776.2550350454682,529.7989698538581,,,,
labeled-data,2025-03-18 12-58-46,img058413.png,835.0742698934264,300.52376475209394,939.2649815066076,314.27115031216647,766.3373420930639,299.0766715352442,727.2658252381211,343.93656125758605,701.9416939432506,415.5676754916481,660.699537263033,477.069137207762,579.6623171194477,517.5877472795546,520.3314952286084,496.6048956352334,,,,,727.9893718465457,512.5229210205805,813.3678716406803,501.6697218942075,,,876.3164265736438,437.9976203528191,857.5042147545973,403.2673831484253,814.81496485753,436.5505271359693,763.4431556593645,487.19878972571007,,,,
labeled-data,2025-03-18 12-58-46,img059991.png,397.7502189092757,402.33761156495,397.1960390906282,527.5822505792685,474.2270338826206,348.02798933750216,578.4128397883369,321.4273580424257,664.310711678688,369.0868224461044,735.2457284655586,447.2261768753916,800.0847672473076,453.8763346991608,839.9857141899222,473.826808170468,793.9887892421858,430.0466024973214,571.7626819645677,459.4181328856349,568.9917828713305,568.591557159178,550.7038488559656,505.9692376520188,457.0474595045504,494.8856412790702,,,,,,,,,626.6264840106629,532.0156891284479,431.0010080281213,543.0992855013964
labeled-data,2025-03-18 12-58-46,img060412.png,881.5492005884794,406.7710501141294,982.4099275823112,523.7029918487365,789.0011708743592,353.56978752397646,698.115680616181,330.2942351407845,602.7967518088237,341.377831513733,511.9112615506456,368.53264262745694,406.6170960076345,369.0868224461044,352.3074737801867,457.20141361104527,381.1248243498529,568.591557159178,,,633.8308216530794,485.464584362064,556.7998268610872,502.64415874013423,,,802.8556663405448,546.9785442319284,800.0847672473076,474.3809879891155,628.2890234666053,415.63792721248825,,,608.3385499952979,478.2602467196475,878.7783014952422,535.8949478589799
labeled-data,2025-03-18 12-58-46,img060905.png,832.7813765475057,229.98768796560023,926.4377658989208,120.81426369205718,771.2674166776414,265.45519635903554,713.0785357196615,321.9815378610731,662.6481722227456,393.4707344665911,606.6760105393557,472.7184485331732,522.994857923594,472.7184485331732,464.25179714696696,499.3190798282497,,,,,780.6884735946478,506.52341747066623,801.7473067032498,565.820658065941,941.4006210024014,321.9815378610731,945.8340595515808,356.3406866172136,869.9114243968834,338.6069324204959,763.5088992165774,466.0682907094041,750.2085835690392,542.545105682749,,,979.639028489074,387.92893628011694
labeled-data,2025-03-18 12-58-46,img062991.png,887.0909987749537,342.4861911510279,977.9764890331318,394.0249142852386,833.335556366153,309.78958185082973,757.9671010301031,299.2601652965286,692.5738824297068,351.35306824938675,634.3850014717269,422.28808503625737,622.1930454614834,464.40575125346186,593.9298747104647,421.17972539896255,519.6697790117096,428.3840630413791,,,,,800.6389470659549,510.40267620119823,,,928.6544851735108,503.1983385587817,872.6823234901206,446.11781723809673,790.6637103303012,416.7462868497831,771.8215964962887,478.2602467196475,,,,
labeled-data,2025-03-18 12-58-46,img064036.png,873.2365033087679,197.8452584840495,1008.45637905874,98.64707094616008,805.0723856151344,248.8298017996128,753.5336624809238,321.4273580424257,723.6079522739626,396.2416335598283,697.0073209788862,487.1271238180064,613.8803481817722,494.8856412790702,,,,,,,868.2488849409411,513.1735752944353,823.3603196304995,571.9166360710626,,,1006.2396597841504,345.81127006291246,932.5337439040428,314.22302040000915,820.5894205372624,464.40575125346186,792.8804296048912,528.6906102165633,,,991.2768046806698,247.1672623436705
labeled-data,2025-03-18 12-58-46,img064871.png,925.329406261626,267.6719156336253,1057.778382918361,345.257090244265,832.7813765475057,254.37159998608703,754.0878422995712,312.56048094406685,713.632715538309,397.3499931971231,698.6698604348285,470.5017292585835,614.4345280004197,499.8732596468972,,,,,,,864.9238060290564,498.76490000960223,821.6977801745572,564.712298428646,,,989.06008540608,417.30046666843054,907.041472246261,380.17041881905294,810.0600039829612,464.40575125346186,785.1219121438272,524.2571716673839,,,,
labeled-data,2025-03-18 12-58-46,img064943.png,898.1745951479021,186.2074822924536,1048.9115058200025,149.07743444307593,836.6606352780377,243.2880036131385,777.9175745014105,315.88555985595144,729.7039302790843,386.82057664282206,703.1032989840079,467.7308301653464,612.2178087258299,494.3314614604229,,,,,,,858.8278280239348,493.7772816417754,823.3603196304995,556.9537809675821,,,1044.4780672708227,220.0124512299465,959.1343751991192,266.0093761776829,814.4934425321408,453.32215488051327,790.1095305116538,522.5946322114416,,,,
labeled-data,2025-03-18 12-58-46,img066872.png,878.4870663989186,320.0595231795654,1014.5138287827936,374.3255188114306,811.9207784238306,302.6944045773685,756.2076895751158,311.376963878467,719.3068125454474,349.00138751656016,679.5117490820796,428.59151444329575,615.8396475406912,445.2330864370677,612.9454611069917,495.15780241838365,,,,,,,811.1972318154058,505.2874549363319,,,895.1286383926905,513.2464676290053,862.5690410135715,453.1920991297412,762.7196090509394,424.9737814011714,782.2553674784109,478.5162304246117,,,,
labeled-data,2025-03-18 12-58-46,img068733.png,698.6698604348285,340.26947187643816,692.0197026110593,420.6255455803151,645.4685978446754,293.1641872914069,567.3292434153883,305.9103231202977,530.7533753846582,352.4614278866816,503.5985642709343,414.52956757519337,443.7471438570122,459.9723127042824,518.5614193744148,516.4986542063199,654.3354749430343,533.6782285843901,,,,,641.5893391141437,457.7555934296927,,,,,,,,,,,,,,
labeled-data,2025-03-18 12-58-46,img069751.png,885.9826391376589,145.75235553119134,897.6204153292549,80.91331674944243,836.6606352780378,218.9040915926517,793.4346094235385,279.86387164386866,738.5708073774432,339.71529205779075,691.4655227924119,406.7710501141294,617.7596069123042,441.68437868891726,531.3075552033056,470.5017292585835,504.7069239082292,537.5574873149221,,,,,822.8061398118522,478.2602467196475,914.799989707325,216.1331924994145,,,,,817.8185214440252,396.7958133784757,774.5924955895259,463.8515714348144,,,,
labeled-data,2025-03-18 12-58-46,img071279.png,483.0939109809795,402.33761156495,435.4344465773007,491.5605623671857,591.713155435875,341.377831513733,677.6110273262262,330.2942351407845,750.2085835690392,350.7988884307393,795.6513286981282,348.0279893375021,729.149750460437,324.7524369543102,506.36946336417134,330.2942351407845,534.0784542965428,208.3746750383506,,,,,,,,,,,,,,,,,,,,
labeled-data,2025-03-18 12-58-46,img071460.png,598.3633132596443,345.81127006291246,616.097067456362,419.51718594302025,557.3540066797347,301.4768845711183,489.7440688047486,289.2849285608749,436.54280621459566,349.136348974797,458.1558191418453,442.23855850756473,493.6233275352806,505.9692376520188,603.3509316274711,540.3283864081593,755.7503817555136,541.9909258641015,,,,,,,,,,,,,562.8958048662089,394.57909410388606,,,,,,
labeled-data,2025-03-18 12-58-46,img075440.png,615.8396475406912,339.59528160703684,641.3510803488812,390.8283379472914,557.2323722582768,301.9708579689437,518.8844020117588,343.93656125758605,517.4373087949091,402.5438365400005,573.1503976436239,450.2979126960418,654.9111643956342,495.88134902680855,768.5079819183384,532.058679448052,879.2106130073435,505.2874549363319,,,,,,,,,,,,,614.3925543238414,402.5438365400005,,,,,,
labeled-data,2025-03-18 12-58-46,img077107.png,832.9036300681519,279.5409131077727,942.8827145487318,239.0223030359801,756.9312361835406,285.32928597517173,691.0884948168774,317.8888833542908,657.8053508293335,377.21970524513006,632.4812195344632,439.4447135696688,536.2495206139556,487.922336334135,536.9730672223805,560.2769971766219,657.8053508293335,586.3246750799171,,,,,793.8321132132091,478.5162304246117,,,865.4632274472708,458.9804719971403,843.0332825860999,401.8202899315757,763.4431556593645,401.8202899315757,750.4193167077167,467.66303129823865,,,,
labeled-data,2025-03-18 12-58-46,img077202.png,834.9980958220955,202.27869703322887,904.270573153024,59.85448364084019,788.4469910557118,264.9010165403882,751.3169432063341,328.07751586619474,723.607952273963,387.9289362801169,680.9361062381108,440.5760190516224,614.4345280004197,452.76797506186585,561.7874452289141,504.3066981960765,,,,,854.9485692934029,466.6224705280515,840.5398940085698,518.7153734809096,,,999.5895019603814,390.69983537335406,926.437765898921,307.01868275759256,823.9144994491472,428.9382428600264,809.5058241643139,489.8980229112434,,,993.4935239552595,220.0124512299465
labeled-data,2025-03-18 12-58-46,img077457.png,430.4468282094739,380.7245986377003,355.07837287342386,515.3902945690251,485.3106302555692,326.4149764102525,562.8958048662089,302.5852442084131,639.3726198395539,340.8236516950856,687.5862640618799,386.82057664282206,784.5677323251798,381.8329582749952,843.8649729204544,438.35929977703273,816.7101618067304,554.182881874345,,,,,,,,,,,,,,,,,,,,
labeled-data,2025-03-18 12-58-46,img078101.png,910.920730976793,289.2849285608749,1044.4780672708227,417.854646487078,826.1312187237365,282.6347707371058,740.7875266520327,318.1022791305411,674.2859484143416,397.3499931971231,601.1342123528813,479.92278617558975,506.9236431828188,545.8701845946335,409.3879951008717,563.6039387913512,373.92048670743634,505.4150578333714,,,,,807.8432847083716,573.5791755270048,,,970.2179715720678,429.4924226786739,904.2705731530236,422.8422648549048,785.1219121438272,477.706066901,760.1838203046927,536.4491276776273,,,,
labeled-data,2025-03-18 12-58-46,img079145.png,696.8768676842765,184.03276079569005,707.7300668106495,55.241464496063415,673.7233762146807,269.41126058982456,660.699537263033,341.0423748238866,634.6518593597378,422.0795949674719,597.7509823300694,501.6697218942075,515.9902155780593,513.2464676290053,,,,,,,774.2963547857373,508.1816413700313,794.5556598216338,561.0005437850467,,,837.2449097187009,224.5513708674827,792.3850199963591,245.53422251180385,759.82542261724,476.34559059933713,752.5899565329912,542.1883319660001,,,812.6443250322554,203.5685192231616
labeled-data,2025-03-18 12-58-46,img080605.png,889.3077180495434,201.17033739593404,1027.2984928927526,130.78950042771083,838.8773545526275,251.60070089284991,793.4346094235385,302.5852442084132,759.6296404860454,357.4490462545084,741.8958862893278,440.5760190516224,665.9732511346302,438.9134795956802,616.6512472750093,478.81442653829487,591.1589756172276,543.0992855013964,879.3324813138895,423.39644467355225,894.8495162360175,493.223101823128,819.4810608999675,517.0528340249673,984.6266468569008,321.4273580424257,972.9888706653048,388.4831160987643,905.3789327903188,341.377831513733,779.5801139573529,432.2633217719111,789.5553506930064,484.3562247247692,853.2860298374604,466.6224705280515,1000.697861597676,384.6038573682323
labeled-data,2025-03-18 12-58-46,img081528.png,904.534744302214,173.90310827774186,1067.332731197809,84.90687544148302,835.0742698934264,251.32259537920288,772.8492615688876,320.0595231795654,728.7129184549706,386.6258111546534,692.5355880337272,447.4037262623423,624.5222068417895,464.7688448645392,605.709995022743,447.4037262623423,637.5460457934373,438.7211669612439,,,855.3335749293228,469.1101245150884,811.9207784238306,524.8232133638032,,,979.7835915784004,401.8202899315757,939.9885281150324,316.44179013744105,808.3030453817062,426.4208746180211,788.7672869542348,500.22262867735776,,,1049.2440659871872,280.2644597161976
labeled-data,2025-03-18 12-58-46,img081887.png,935.8588228159272,350.2447086120918,974.6514101212472,446.11781723809673,866.5863454849988,319.7648185864834,791.2178901489488,310.89794148812456,718.0661540874883,364.0992040782776,673.1775887770468,459.4181328856349,602.2425719901762,474.9351678077629,608.8927298139453,440.021839232975,637.7100803836114,441.68437868891726,,,,,852.7318500188131,511.51103583849306,,,939.1839017278118,500.981619284192,914.799989707325,452.2137952432184,821.1436003559098,428.3840630413791,805.6265654337818,486.57294399935887,,,,
labeled-data,2025-03-18 12-58-46,img083787.png,629.3973831039001,347.47380951885475,,,588.3880765239905,303.693603845708,520.223958830357,303.1394240270606,501.9360248149919,367.4242829901621,495.2858669912228,443.3469181448596,588.942256342638,473.2726283518207,648.79367675656,538.665846952217,545.1620506694912,545.8701845946335,,,,,,,,,,,,,602.2425719901762,392.3623748292963,,,,,,
labeled-data,2025-03-18 12-58-46,img085738.png,,,,,722.2009989791468,298.3531249268193,719.3068125454474,351.89557395025963,714.2419862864733,414.1205822747984,680.9588422989293,482.1339634667361,585.4506899868467,515.41710745428,470.40677924729255,516.8642006711298,389.3695591037073,511.79937441215566,647.6756983113853,385.9022645462285,652.0169779619346,458.9804719971403,,,,,,,,,788.04374034581,401.8202899315757,,,,,644.7815118776858,435.10343391911954
labeled-data,2025-03-18 12-58-46,img086767.png,841.6482536458645,393.4707344665911,977.422309214484,460.52649252292986,777.3633946827632,341.93201133238045,691.4655227924119,331.4025947780794,624.9639445547207,377.39951972581576,576.1961205137471,442.23855850756473,519.6697790117096,432.2633217719111,490.8524284420433,413.42120793789854,565.1125241407985,419.51718594302025,,,,,684.2611851499953,558.6163204235244,,,840.5398940085697,574.6875351642998,804.5182057964869,512.0652156571405,674.2859484143416,459.9723127042824,646.5769574819703,513.7277551130828,,,,
labeled-data,2025-03-18 12-58-46,img086856.png,783.7024606952606,198.50369296418745,850.9922952787734,48.72954502023959,737.395477756069,262.17579450557594,679.5117490820796,351.1720273418348,646.9521517029605,426.4208746180211,588.3448764205461,502.39326850263234,484.1541648073651,529.1644930143525,403.8404912722047,504.5639083279069,441.4649149102978,459.7040186055651,,,777.9140878278617,504.5639083279069,803.2382191227322,576.1950225619689,,,931.305968813934,340.3188282154617,861.1219477967215,334.5304553480628,761.2725158340897,478.5162304246117,751.1428633161415,547.2531582249742,,,918.2821298622864,282.4350995414722
labeled-data,2025-03-18 12-58-46,img087380.png,898.7287749665495,362.9908444409826,944.725699914286,488.2354834553012,847.1900518323388,317.5480993118937,772.9299561335838,297.0434460219389,725.8246715485523,337.49857278320104,678.7193869635211,405.66269047683454,587.833896705343,408.98776938871913,521.8864982862992,463.8515714348144,516.8988799184724,522.5946322114416,,,806.7349250710768,471.0559090772309,801.7473067032498,483.2478650874744,,,855.5027491120502,487.1271238180064,828.3479379983264,431.7091419532636,768.4965175844042,404.00015102089225,773.4841359522311,459.9723127042824,,,,
labeled-data,2025-03-18 12-58-46,img088022.png,915.3879434285866,285.32928597517173,1038.872881134076,398.4082027927718,852.4393884956231,273.7525402403738,780.8082742615612,304.8650444026432,736.6719311476442,363.4723196850575,705.5594269853748,448.1272728707672,627.4163932754891,455.3627389550159,569.5326646014996,437.9976203528191,517.4373087949091,462.5982050392645,,,865.4632274472708,482.8575100751609,816.9856046828047,531.335132839627,,,,,908.8760239527631,418.46186192534753,782.2553674784109,443.785993220218,790.9379267795093,501.6697218942075,822.7739775502034,467.66303129823865,,
labeled-data,2025-03-18 12-58-46,img089163.png,877.7635197904939,244.81067590337904,1042.7321465113637,233.957476777006,806.1324055564315,283.15864614989704,753.313503141416,324.40080283011457,707.7300668106495,380.11389167882953,659.9759906546083,435.8269805275444,563.0207451256757,467.66303129823865,484.87771141579,511.0758278037308,,,,,819.8797911165041,465.4923914729641,812.6443250322554,510.35228119530586,,,1000.7664432227214,410.502849232674,926.9646891633848,375.7726120282803,781.5318208699861,444.50953982864286,751.8664099245664,492.987162593109,,,,
labeled-data,2025-03-18 12-58-46,img089192.png,864.9238060290565,218.9040915926517,1016.214896519804,106.40558840722407,808.9516443456664,267.6719156336253,756.8587413928082,316.43973967459885,709.753456807777,372.41190135798894,662.6481722227456,435.5884006837956,570.1001425086254,469.947549439936,483.6480907996268,515.3902945690251,485.3106302555692,562.4955791540564,,,831.1188370915635,481.585325631532,801.1931268846025,510.40267620119823,,,982.4099275823112,402.8917913835974,913.69163007003,345.81127006291246,781.7968332319425,434.48004104650073,756.3045615741607,493.7772816417754,792.3262497862438,474.3809879891155,1002.9145808722658,383.4954977309375
labeled-data,2025-03-18 12-58-46,img089855.png,904.534744302214,282.4350995414722,1043.0839171593427,379.03743707654405,822.7739775502034,277.37027328249815,751.8664099245664,320.78306978799026,704.1123337685251,389.5199975883528,661.4230838714578,474.1749507740624,563.0207451256757,479.23977703303655,462.447766554619,534.9528658817514,,,,,823.4975241586283,482.1339634667361,814.81496485753,534.2293192733266,,,994.9780703553224,411.2263958410989,912.4937569948872,419.9089551421973,806.1324055564315,467.66303129823865,780.8082742615612,511.79937441215566,,,,
labeled-data,2025-03-18 12-58-46,img092046.png,746.8835046571545,334.7276736899639,738.5708073774432,421.17972539896255,692.0197026110593,286.5140294676378,623.3014050987783,298.15180565923373,573.9794012391574,349.136348974797,517.4530597371199,410.096129026014,,,,,,,,,,,672.6234089583994,456.0930539737504,,,,,,,677.6110273262262,375.7369802698735,,,,,,
labeled-data,2025-03-18 12-58-46,img094161.png,904.534744302214,187.6504938378144,1088.5631062322252,100.26685220387569,851.7158418871984,249.15195555392827,793.8321132132091,310.6534172700421,746.0780370571675,371.4313323777311,704.83588037695,431.4857008769952,623.7986602333648,469.1101245150884,672.9998296062558,516.8642006711298,751.8664099245664,557.3828107429224,,,848.0981088450741,469.1101245150884,831.4565368513022,513.9700142374302,994.2545237468976,258.5580614634515,970.377485668877,398.2025568894513,939.2649815066076,322.95370961326483,819.8797911165041,432.20924748542006,806.1324055564315,488.6458829425599,,,1054.3088922461616,261.452247897151
labeled-data,2025-03-18 12-58-46,img094619.png,,,691.4655227924119,46.55416799330196,,,,,,,663.2023520413932,474.9351678077629,622.1930454614835,462.7432117975195,,,,,,,,,823.9144994491469,543.0992855013964,858.8278280239348,226.6626090537157,770.1590570403465,255.47995962338183,730.2581100977318,258.8050385352665,764.0630790352247,450.5512557872761,785.6760919624745,517.0528340249673,,,825.0228590864417,249.3839816182601
labeled-data,2025-03-18 12-58-46,img096870.png,880.6577062241931,226.72201069275727,1044.1792397282134,131.93740498909952,806.1324055564315,271.5819004150992,745.3544904487427,342.4894680407364,717.8597193285977,409.7793026242492,691.8120414253023,467.66303129823865,666.4879101304319,525.5467599722281,,,,,,,837.9684563271258,479.96332364146144,846.6510156282245,530.6115862312022,,,1012.3431889575191,410.502849232674,932.0295154223588,361.3016798597829,821.3268843333537,443.785993220218,790.2143801710845,504.5639083279069,,,1030.4318541681407,307.7592308363427
labeled-data,2025-03-18 12-58-46,img097117.png,852.1776702001657,214.47065304347228,956.363476105882,149.07743444307593,797.8680479727178,253.26324034879207,760.1838203046927,305.35614330165026,743.5584257452701,376.29116008852094,717.511974268841,466.6224705280515,667.0816107719252,527.5822505792685,,,,,,,,,897.0662355106072,491.5605623671857,,,961.3510944737088,274.3220734573944,906.4872924276136,312.00630112541944,872.128143671473,404.00015102089225,846.0816921950441,474.9351678077629,,,,
labeled-data,2025-03-18 12-58-46,img097231.png,882.1033804071268,264.3468367217407,1062.766001286188,257.1424990793241,825.0228590864417,271.55117436415725,769.6048772216991,321.9815378610731,730.8122899163792,378.50787936311065,707.5367375331873,452.76797506186585,665.9732511346302,519.8237331182045,,,,,,,865.4779858477038,483.80204490612175,832.2271967288582,525.3655313046787,,,1011.227278151977,414.5295675751934,917.570888800562,392.3623748292963,814.4934425321408,447.780356694039,778.4717543200579,495.4398210977177,826.6853985423841,474.3809879891155,1002.9145808722658,386.82057664282206
labeled-data,2025-03-18 12-58-46,img098623.png,,,755.7503817555134,152.9566931736079,,,,,,,699.2240402534759,421.17972539896255,634.3850014717269,411.2044886633088,581.7379187002214,417.854646487078,625.5181243733681,467.7308301653464,,,839.4315343712748,467.7308301653464,796.2055085167755,510.40267620119823,904.2705731530236,314.77720021865656,838.3231747339801,399.0125326530654,788.4469910557118,348.5821691561496,797.8680479727178,438.9134795956802,782.3510130505898,487.6813036366537,804.5182057964869,462.7432117975195,861.0445472985244,346.91962970020734
labeled-data,2025-03-18 12-58-46,img100216.png,676.61756264838,364.91941290190726,738.8425709729188,445.2330864370677,618.7338339743906,322.95370961326483,542.7614400897794,304.8650444026432,470.40677924729255,346.1072010828607,435.67654204289886,414.8441288832232,351.7451354656141,480.6868702498863,314.1207118275209,572.5772895198446,,,,,,,566.6384781678,452.4685525213164,,,646.2286050945356,492.987162593109,617.2867407575409,448.1272728707672,,,,,,,,
labeled-data,2025-03-18 12-58-46,img101335.png,857.1652885679925,310.89794148812456,943.0631604583438,287.6223891049326,803.9640259778395,318.1022791305411,827.7937581796789,377.39951972581576,853.8402096561081,446.11781723809673,918.1250686192096,517.0528340249673,980.7473881263688,539.7742065895118,926.4377658989208,502.64415874013423,,,739.6791670147379,436.142580502443,744.1126055639176,528.1364303979159,,,,,,,,,,,908.1498318835556,422.28808503625737,795.6513286981282,522.5946322114416,,
labeled-data,2025-03-18 12-58-46,img101631.png,901.6405578685144,274.4760868487987,1048.5205193787626,370.7077857693062,823.4975241586283,276.64672667407325,760.5489692256648,319.3359765711405,715.689079503323,367.8135993356068,654.1876177872093,427.144421226446,568.8091179930747,437.9976203528191,526.1198680960074,513.9700142374302,,,,,809.7501385985558,474.1749507740624,828.5623504176025,529.1644930143525,,,964.589112801478,403.2673831484253,902.3641044769392,398.2025568894513,789.4908335626598,437.9976203528191,782.2553674784109,498.0519888520831,,,,
labeled-data,2025-03-18 12-58-46,img103484.png,,,,,672.6234089583994,299.2601652965286,683.7070053313479,346.91962970020734,706.4283778958925,397.3499931971231,752.9794826622762,441.68437868891726,811.7225434389035,491.5605623671857,709.753456807777,557.5079607862294,555.6914672237923,568.591557159178,616.6512472750093,396.2416335598283,632.1682821971373,474.3809879891155,,,,,,,,,,,,,666.5274309532776,471.0559090772309,,
labeled-data,2025-03-18 12-58-46,img103877.png,848.2984114696337,302.5852442084131,,,775.1466754081732,283.1889505557532,710.8618164450718,312.00630112541944,676.5026676889314,369.64100226475176,630.5057427411949,422.28808503625737,564.0041645035037,451.1054356059236,562.3416250475615,500.4274394655445,593.9298747104648,563.6039387913512,,,,,803.9640259778395,480.4769659942372,,,860.490367479877,457.7555934296927,846.6358720136914,402.8917913835974,790.6637103303012,398.458352834418,749.6544037503918,462.7432117975195,,,,
labeled-data,2025-03-18 12-58-46,img104765.png,830.0094436344522,301.9708579689437,,,779.3611810447115,288.94701901729604,722.2009989791468,325.1243494385394,701.9416939432506,391.6906374136274,675.8940160399552,456.0862855634408,597.0274357216446,455.3627389550159,552.1675459993028,523.3761201469536,,,,,,,815.5385114659549,456.0862855634408,,,,,,,809.7501385985558,417.7383153169227,782.9789140868357,467.66303129823865,,,,
labeled-data,2025-03-18 12-58-46,img104971.png,683.8530287326287,333.8069087396379,678.4081973712297,427.0432477645867,731.6071048886702,280.2644597161976,780.0847276531364,322.95370961326483,739.5661175813436,380.8374382872544,681.6823889073542,439.4447135696688,599.921622155344,473.4514041656376,564.4678383425255,512.5229210205805,606.4335416311679,566.0653700440208,,,,,,,,,,,,,,,,,,,,
labeled-data,2025-03-18 12-58-46,img106678.png,852.7318500188131,316.43973967459885,990.7226248620224,316.43973967459885,801.1931268846025,290.9474680168172,736.3540881028536,318.1022791305411,706.4283778958925,361.3283049850404,673.7317685956942,420.6255455803151,614.4345280004195,452.2137952432184,569.545962689978,510.40267620119823,599.471672896939,575.2417149829471,,,,,789.0011708743592,483.80204490612175,,,882.6575602257742,512.0652156571405,843.3107931018069,447.2261768753916,756.8587413928082,413.975387756546,746.8835046571545,465.5141108907567,,,,
labeled-data,2025-03-18 12-58-46,img108426.png,,,,,891.524437324133,311.452121306772,841.6482536458645,386.2663968241746,807.8432847083716,461.6348521602247,734.1373688282638,519.8237331182045,621.6388656428361,531.4615093098005,499.1651257217548,553.0745222370501,352.8616535988341,540.8825662268067,764.6172588538722,407.87940975142425,,,,,,,,,,,934.1962833599848,445.56363741944926,,,,,,
labeled-data,2025-03-18 12-58-46,img109929.png,810.0600039829612,345.81127006291246,807.2891048897242,423.9506244921996,760.1838203046927,299.814345115176,692.0197026110593,292.61000747275943,631.6141023784899,333.6193140526691,588.3880765239905,395.1332739225334,500.2734853590497,440.5760190516224,470.901954970736,523.7029918487365,544.6078708508437,581.8918728067163,,,,,719.1745137247832,456.0930539737504,,,797.8680479727178,446.11781723809673,,,739.6791670147379,392.3623748292963,680.3819264194634,449.9970759686288,,,,
labeled-data,2025-03-18 12-58-46,img112445.png,840.1390961524005,417.7383153169227,838.6920029355507,595.0072343810156,780.8082742615612,354.7897603839591,714.2419862864733,330.9127223059384,636.0989525765874,361.3016798597829,568.8091179930747,427.144421226446,481.9835249820904,419.1854085337725,530.4611477465567,432.93279409384496,,,,,,,639.7166856187118,566.0653700440208,,,764.1667022677893,582.7069420377927,743.1838506234681,528.4409464059277,649.1227915282352,469.1101245150884,625.9693000586393,526.9938531890779,,,,
labeled-data,2025-03-18 12-58-46,img113589.png,896.5757316095402,346.1072010828607,983.2872056005529,373.9841938462238,832.1800834597268,306.31213761949283,750.4193167077167,299.80021814366904,696.1533210758517,357.6839468176586,655.6347110040589,426.4208746180211,557.9559188667017,448.1272728707672,,,,,,,,,811.9207784238306,504.5639083279069,,,895.8521850011153,493.710709201534,866.1867740556957,453.1920991297412,782.9789140868357,409.7793026242492,777.9140878278617,477.069137207762,,,,
labeled-data,2025-03-18 12-58-46,img113826.png,887.1696257000169,302.6944045773685,1009.4490025238196,409.7793026242492,829.2858970260273,291.8412054509955,768.5079819183384,320.0595231795654,738.8425709729188,362.7487730766327,711.3477998527738,422.8031415758968,627.4163932754891,442.3389000033683,546.3791731319038,459.7040186055651,,,,,857.5042147545973,477.069137207762,806.1324055564315,510.35228119530586,,,,,898.0228248263899,420.63250175062217,775.0199013941622,421.3560483590471,779.3611810447115,479.23977703303655,814.81496485753,456.0862855634408,,
labeled-data,2025-03-18 12-58-46,img114028.png,526.1198680960074,210.0804386989853,481.9835249820904,71.15948988141054,574.5974908604736,279.5409131077727,615.1161009322662,349.724934124985,652.7405245703594,413.3970356663736,699.771054117976,490.8165227678344,798.8969394721828,514.6935608458551,884.9989858747423,508.9051879784562,861.1219477967215,451.74500591289154,522.5021350538831,442.3389000033683,555.0617324330021,548.7002514418239,530.4611477465567,498.0519888520831,406.7346777059041,224.5513708674827,,,,,,,,,,,339.4448431223914,224.5513708674827
labeled-data,2025-03-18 14-08-10,img00067.png,559.9456563243853,439.93747153051055,492.28040505443306,507.8951394497111,641.3160603247098,395.95346936817305,736.9812650277942,377.26026844917953,839.244070055229,424.5430707736924,,,912.9172736771444,519.1086754227183,885.4272723256836,464.1286727197963,,,804.0568683253589,538.9014763957703,557.7464562162685,601.5786794771013,728.1844645953266,597.1802792608676,610.5272588110736,560.8934774769391,,,,,,,,,,,,
labeled-data,2025-03-18 14-08-10,img00068.png,559.6569814587034,441.36077025049406,477.1206753634722,526.4236979608854,631.2445938882405,406.8302748433056,737.3627017249662,374.8264010512772,835.0587375111583,426.2010405595333,903.277521120482,518.843833115405,914.2262147861755,491.0509953486435,883.9067554042545,462.4159503768286,,,748.3113953906602,521.3704547305651,727.2562152643256,597.1691031853693,,,604.2939633265325,560.1119861630206,563.0258102789169,569.3762654186077,,,,,,,771.8931971321549,580.3249590843017,556.2881526384899,603.9067608257963
labeled-data,2025-03-18 14-08-10,img00109.png,392.8999548581344,480.10230168294953,298.5727478921559,587.904823929782,488.9115762342195,427.0432477645866,619.4536930174933,412.7257252786793,749.1536025957136,419.4633829191063,852.7450888172791,488.52437373348334,891.4866202497346,434.6231126100671,831.6899086909448,408.5146892534124,778.6308547725819,418.6211757140529,731.4672512895927,541.5834276518463,721.3607648289521,598.853517595476,,,464.4875672876716,581.167166289355,,,,,,,,,752.5224314159273,583.6937879045151,398.795405293508,613.1710400813834
labeled-data,2025-03-18 14-08-10,img00129.png,377.41204735068425,447.6346719089197,,,454.3840511347751,402.5510696925236,588.5352577299047,389.3558690438223,706.1924635141579,425.64267082775086,799.6584681091254,501.5150745577833,903.0208731906188,422.3438706655757,762.2720662711383,421.2442706115171,,,,,,,,,403.80244864808685,567.4910778012896,,,,,,,,,,,395.0056482156193,627.9690807745038
labeled-data,2025-03-18 14-08-10,img00137.png,413.1129277794154,389.986130742238,,,459.4343240573513,404.30365322814544,538.6018013323688,419.4633829191063,595.8718912759987,475.04905845262925,664.0906748853224,554.2165357276468,821.5834222303042,528.9503195760456,917.5950436063893,474.206851247576,848.5340527920122,439.6763558403874,466.1719816977784,526.4236979608854,441.7479727512303,626.6463553622375,,,359.21166665599924,516.3172115002449,,,,,,,,,514.1777923858209,620.750904926864,,
labeled-data,2025-03-18 14-08-10,img00142.png,,,397.2048483237362,392.65466920599766,476.3760522159439,414.6466702871665,535.7544551350996,474.0250732063223,586.3360576217879,522.4074755848935,652.3120608652943,548.7978768822961,809.5548685956512,538.9014763957703,926.112474325846,493.8178741793741,887.6264724338007,446.53507185486126,,,,,,,,,,,,,,,,,,,,
labeled-data,2025-03-18 14-08-10,img00171.png,501.54468431002016,404.30365322814544,545.3394589727959,471.6802296324157,446.80121598155057,361.3510857704231,339.8409009397715,348.7179776946224,266.5688741001276,405.1458604331988,271.62211733044785,566.8496438034476,431.64148629058974,504.5263106294975,648.0887379893082,528.9503195760454,880.5379265840407,519.6860403204583,,,,,,,,,,,,,,,,,,,,
labeled-data,2025-03-18 14-08-10,img00293.png,578.0145484120228,424.5438291400096,673.8876570380277,514.3209597608927,502.6460930759728,380.2094436482155,397.90610735160914,364.69240872608754,288.17850325941856,432.856526419721,277.0949068864701,576.3890994494045,345.813204398751,619.6151253039038,516.5005885421584,632.9154409514421,,,,,,,415.6398615483268,615.7358665733718,,,574.6894695001383,592.4603141901799,538.1136014694081,542.029950693264,411.2064229991473,507.67080193712366,351.9091824038727,596.3395729207119,,,,
labeled-data,2025-03-18 14-08-10,img00372.png,576.439657135262,419.04507050340027,,,496.1688531889959,377.26026844917953,388.4080478912687,368.463468016712,287.2448429178922,448.7342719629781,292.74284318818434,613.6742800717441,438.9896503779569,633.467081044796,,,,,,,,,403.80244864808685,618.0726802879778,,,573.1408569730866,589.4830788824585,557.7464562162685,532.3038760714195,408.20084886432056,514.7102752064845,351.02164605328176,597.1802792608675,,,,
labeled-data,2025-03-18 14-08-10,img00451.png,570.8102107696063,414.568592404356,,,492.1166765216717,376.3301849176835,394.02684862107714,363.0298692701453,299.81627945101457,421.218750228125,279.86580597970715,596.8937527393593,,,,,,,,,,,407.3271642686154,615.7358665733718,,,578.5687282306702,591.3519545528851,552.5222767542411,518.2002184914247,371.8596558751801,521.5252974033093,338.054686937687,595.7853931020645,,,,
labeled-data,2025-03-18 14-08-10,img00515.png,,,,,878.8296720013329,332.17666623278353,807.3556684875343,399.2522695303484,776.566866973898,469.6266729900885,714.9892639466257,503.7142746659001,551.1488558919177,450.933472071095,532.4556549729243,616.9730802339194,,,,,,,910.7180735690278,574.0886781256404,,,,,,,917.3156738933784,482.8218736387898,874.4312717850992,563.0926775850559,,,,
labeled-data,2025-03-18 14-08-10,img00533.png,,,,,894.4512248597035,339.20013706830593,851.2251990052042,395.7264785703434,818.528589705006,477.7450917301626,755.3520903791994,538.1506919627321,628.9990917275861,491.5995871963483,503.7544527132676,529.8379946830207,557.509895122068,629.0361822209101,,,,,916.6184176056006,580.2683581799365,,,,,,,950.423386543094,469.9865742690986,,,,,,
labeled-data,2025-03-18 14-08-10,img00698.png,674.3040619464632,386.0570688816471,665.5072615139956,540.0010764498286,713.8896638925672,347.5710669896016,762.2720662711383,323.379865800316,,,,,,,,,,,844.7420703255212,483.9214736928482,845.8416703795798,586.1842787202831,,,776.566866973898,500.4154745037249,,,,,,,,,839.244070055229,559.7938774228807,,
labeled-data,2025-03-18 14-08-10,img00886.png,,,,,821.650469190294,323.379865800316,860.1364710823397,387.1566689357055,874.4312717850992,464.1286727197963,845.8416703795798,545.4990767201209,667.7064616221126,512.5110750983677,592.9336579461385,602.6782795311597,,,741.379665244028,399.2522695303484,763.433115598926,509.0046380608078,,,,,,,,,,,,,793.7601225445866,515.2484336084437,,
labeled-data,2025-03-18 14-08-10,img00926.png,849.0623116807911,389.48055186320425,907.040413194554,496.5170469655357,816.9513631500918,352.9097493699076,785.7323854119118,316.33894687661103,,,,,,,,,,,,,,,720.6185175579933,488.48930983286095,,,816.0593923575722,519.708287571041,777.7046482792368,476.0017187375889,701.8871309150852,419.8075588088648,737.5659626158623,467.0820108123946,,,,
labeled-data,2025-03-18 14-08-10,img01095.png,713.2344241619949,433.9648860570159,643.4077670124192,556.9928057967446,786.9403400421029,377.4385445549784,862.3087953781528,348.0670141666647,927.7020139785492,385.1970620160423,,,,,,,,,865.6338742900373,497.1413853828226,837.3707035390186,561.9804241645714,,,785.831980404808,544.2466699678538,,,,,,,,,,,711.5718847060527,583.0392572731737
labeled-data,2025-03-18 14-08-10,img01118.png,705.455014085163,440.3228870368117,630.5294675135309,555.3871192718182,766.1090279764842,413.5637632612288,819.62727552765,375.20901918289337,888.3090265516462,361.82945729510186,,,,,,,,,868.6856691162186,504.5447840982106,843.7104869256746,559.8469732344153,,,768.7849403540423,543.7914989690655,,,,,,,,,,,717.942605180435,580.3623014623622
labeled-data,2025-03-18 14-08-10,img01200.png,717.0506343879156,388.5885810706848,672.4520947619441,554.4951484792987,767.0009987690037,346.6659538222716,810.7075676024557,320.7988008392082,,,,,,,,,,,882.9572017965295,490.27325141789976,845.4944285107135,558.9550024418959,,,768.7849403540423,519.708287571041,,,,,,,859.7659611910244,533.9798202513518,,,,
labeled-data,2025-03-18 14-08-10,img01221.png,643.9090294013224,451.9185073395643,571.6593952072485,595.5258049351926,709.9148680477601,397.5082889958791,762.5411448064065,355.5856617474659,821.4112171126887,355.5856617474659,,,,,,,,,855.3061072284272,484.9214266627832,852.6301948508691,557.1710608568569,,,735.7820210308237,558.0630316493764,,,,,,,,,857.090048813466,533.0878494588324,679.5878611020994,598.2017173127508
labeled-data,2025-03-18 14-08-10,img01347.png,765.2170571839648,386.8046394856459,739.8893233401263,477.5756800677894,822.3031879052083,355.5856617474659,904.3645008169958,384.1287271080876,918.6360334973068,486.7053682478221,861.5499027760632,602.6615712753478,672.4520947619441,629.4206950509308,469.9747248600336,633.880549013528,406.6447985911541,580.3623014623622,773.2447943166396,479.5696019076666,786.6243562044311,552.7112068942598,,,,,,,,,,,,,830.336445110249,566.4619852807879,758.7316297937718,512.4649114355755
labeled-data,2025-03-18 14-08-10,img01450.png,549.7864310014281,452.0116657175659,471.1385190964448,535.3549753482198,625.4997193278673,407.9923120394036,744.64543661676,382.7545492639239,856.1611326014378,430.8823759520481,941.265216379218,556.4842651137377,943.0259905263448,622.2198332731266,,,,,791.0124891577575,523.6164810340432,725.2769209983685,601.0905435076088,,,640.7597619362969,560.5927381236995,,,,,,,,,779.273994843581,594.6343716348117,629.0212676221204,606.3728659489882
labeled-data,2025-03-18 14-08-10,img01517.png,654.8459551133087,413.2746344807831,565.0464736098577,564.1142864179525,739.9500388910893,353.4083134784824,854.4003584543112,366.9075819397855,914.8536041723208,458.4678375903631,950.6560118305596,536.5288247796375,958.8729578504832,581.7220278892174,814.4894777861106,602.2643929390266,697.1045346443445,631.6106287244679,800.9902093248077,500.7264171213988,730.5592434397479,605.7859412332795,,,691.2352874872563,555.8973403980289,,,,,,,,,783.3824678535427,591.6997480562675,609.6527520037288,578.7874043106733
labeled-data,2025-03-18 14-08-10,img01540.png,651.7204642921306,410.1351538551765,585.2188860544394,580.822537998584,708.8009856128153,374.6676454617412,829.0580062593073,344.7419352547802,899.4388432275305,410.689333673824,930.4729130717864,522.6336570406041,972.5905792889909,579.7141783612891,842.3583219068456,587.4726958223531,711.0177048874053,631.2529014954997,786.3861602234554,504.3457230252391,731.52235817736,601.3271912885388,,,694.3923103279826,560.8720645272766,,,,,,,,,790.2654189539874,584.7017967291159,,
labeled-data,2025-03-18 14-08-10,img01663.png,630.195117053538,431.4693006677569,694.7568357815094,580.5481784577997,597.9142576895522,371.6029796654561,650.1505573876382,334.6267225757998,703.5607065171419,321.71437883020553,,,808.0333059133136,528.8988034754227,954.7644848405212,561.1796628394084,,,740.5369636067982,477.8363532087545,767.5355005294043,598.1559199290647,,,,,572.6764949140726,575.8527807321291,,,,,,,781.6216937064162,549.4411685252318,,
labeled-data,2025-03-18 14-08-10,img01672.png,571.9185704069012,395.7264785703434,543.6553996558823,561.426244345924,620.1322146292272,344.1877554361327,672.7792974007327,322.5747425088831,738.7266958197766,344.1877554361327,804.6740942388203,512.6584203049505,943.7732287193244,538.1506919627321,957.6277241855104,569.184761806988,830.166365896602,535.379792869495,740.9434150943663,471.6491137250409,770.31494548268,600.7730114698913,678.8752754058545,545.909209423796,648.3953853802461,523.7420166778991,571.3643905882536,581.9308976358789,,,,,709.3551654314629,532.0547139576104,783.0610813115709,549.2342883356806,597.9650218833302,586.9185160037057
labeled-data,2025-03-18 14-08-10,img01828.png,,,,,403.4479055380834,377.4385445549784,404.0020853567309,442.8317631553747,453.8782690349993,513.7667799422453,545.3179391118247,544.2466699678538,696.0548497839247,462.7822366266821,891.1261459478188,440.0608640621375,921.05185615478,594.6770334647697,369.08875678194295,520.4169377660144,,,,,,,,,,,551.9680969355937,443.9401227926695,,,,,,
labeled-data,2025-03-18 14-08-10,img01834.png,535.1133131087074,395.6668930095182,610.2396767194377,463.1632353160337,437.0968855853328,355.1690876256089,396.59908020142336,427.360827657795,377.8174892987408,514.2256855827019,409.5114239470177,586.4174256148881,518.0924963531513,542.3980719367257,633.7166653477909,477.2494284930456,,,,,,,513.9840233431895,583.4828020363439,,,,,,,,,483.46393812633033,591.1128233405587,,,,
labeled-data,2025-03-18 14-08-10,img01933.png,838.4790631763136,369.1258472752669,978.6865572941124,344.7419352547802,771.4233051199749,341.4168563428956,681.6461744990917,367.4633078193247,620.6863944478746,426.7605484145993,548.6430180237091,508.7791615744185,446.1197515739353,504.3457230252391,464.4076855893003,556.9928057967446,606.831898981689,623.4943840344359,,,,,676.6585561312647,598.5562921953017,,,915.510057968306,549.788468154328,882.8134486681074,497.1413853828226,736.5099765451869,496.03302574552765,637.865968825945,551.4510076102704,,,,
labeled-data,2025-03-18 14-08-10,img01945.png,837.966466414464,346.3652168899764,988.2191936359246,343.43059331143223,713.5384266841918,338.73519558576163,636.0643642106263,392.7322694309741,595.566558826717,475.4886543459191,537.4610119715427,530.6595776225493,424.77146655544726,538.289598926764,478.1816156849509,596.9820704976471,599.0881071209699,626.9152309987974,,,770.4701241079484,546.5065449466877,687.1268144772945,597.5689952133558,,,923.6574749079532,510.1172125727401,854.4003584543112,487.8140733758046,720.5815232726978,505.4218148470695,638.4120630734616,557.0711898294466,,,856.1611326014378,554.7234909666113
labeled-data,2025-03-18 14-08-10,img02012.png,845.1292210000826,323.1289223275305,1001.9621096773044,380.2094436482155,741.4975949130139,314.8162250478191,663.3582404837266,369.6800270939144,630.1074513648811,456.1320788029129,574.1352896814908,545.3550296051486,456.0949883095889,540.9215910559692,386.8225109786606,624.0485638530834,,,,,785.831980404808,548.6801085170332,788.0486996793976,612.4107876614873,,,997.5286711281248,422.8812896840673,917.172597424248,449.4819209791439,765.327327114853,498.2497450201174,725.4263801722384,585.8101563664109,,,,
labeled-data,2025-03-18 14-08-10,img02217.png,,,,,806.2725317661872,331.10517428154685,715.8861255470272,390.38457056813866,656.0198045447265,481.9448262187162,585.001913943958,536.5288247796375,422.42376769261193,502.48719126852535,363.73129612172886,622.8067579888356,,,,,,,786.3170914320868,616.3505861160385,,,,,888.4419919654234,439.0993219719717,808.0333059133136,510.704137288449,732.9069423025833,580.5481784577997,,,,
labeled-data,2025-03-18 14-08-10,img02357.png,879.6381212297908,417.9700322064537,,,809.2071553447313,362.79910892982366,706.495330095686,387.44994698959454,657.7805786918531,471.9671060516662,583.8280645125403,545.33269551527,435.3361114382062,512.4649114355755,334.97198505199617,608.7205648118237,,,,,,,792.1863385891752,618.6982849788739,,,920.7228513294092,550.0280932409405,876.116572935538,538.8765236424729,796.2948115991371,529.4857281911316,727.6246198612039,594.6343716348117,,,,
labeled-data,2025-03-18 14-08-10,img02455.png,814.6493309744742,359.7047903582607,948.206667268504,356.93389126502353,729.3056389027704,358.0422509023184,671.6709377634381,415.1227722230034,638.9743284632398,487.7203284658163,563.6058731271897,554.2219067035076,412.3147826364423,523.1878368592515,341.3797658495715,627.9278225836154,,,,,,,799.6864758709936,613.5191472987822,,,931.027092890434,550.896827791623,873.9465715697488,506.5624422998288,795.8072171404616,497.1413853828226,725.9805599908859,583.5934370918211,,,,
labeled-data,2025-03-18 14-08-10,img02568.png,813.315628354693,303.5197126432318,984.6976453416715,273.5865521420814,707.0822548113949,338.73519558576163,636.651288926335,396.8407424409359,607.8919778566024,473.14095548308376,542.7433344129222,557.6581145451554,404.816026221347,544.1588460838523,334.97198505199617,619.8721344102914,,,,,767.5355005294043,542.9849966524346,776.9262959807456,614.0028872532032,,,920.7228513294092,416.7961827750361,850.2918854443494,457.8809128746542,738.7761894596716,524.203405749752,715.8861255470272,596.9820704976471,,,898.4197121324735,473.14095548308376
labeled-data,2025-03-18 14-08-10,img02713.png,867.8505935646272,387.9679611092795,,,779.1818225810387,351.39209307854924,713.7886039806424,402.37663639411255,672.7792974007327,483.8410697352843,608.4944384376313,556.9928057967446,487.1290581538449,519.8627579473671,384.6057917040709,495.4788459268803,303.69553818154657,624.6027436717307,,,,,792.482138228577,615.1816867547245,,,902.7639221394148,533.7172534135527,893.8970450410562,489.937047740406,807.4449933320576,502.1290037506494,735.401616907892,590.2435949155903,,,,
labeled-data,2025-03-18 14-08-10,img02902.png,890.5719661291714,375.2218252803887,946.544127812562,396.2806583889909,820.7453089795958,350.8379132599019,762.5564280216161,390.1846803838692,723.763840716296,463.3364164453295,655.0455432040152,547.017569061091,539.221961106703,510.4417010303608,462.1909663147106,437.2899649689005,,,,,,,862.8629751968002,574.7265599934623,,,907.1973606885944,529.2838148643733,914.4016983310108,491.0454073777008,871.7298522951592,486.057789009874,811.3242520625896,570.8473012629304,,,,
labeled-data,2025-03-18 14-08-10,img03026.png,868.4865516313231,369.8422055183297,980.0022476160008,453.7724398646924,774.5785971179102,344.0175180271411,687.7137391930033,367.4945066554943,634.3035900634998,442.0339455505158,578.5457420711609,522.4426316026255,459.9869494979771,477.2494284930456,409.5114239470177,491.9225463857664,450.009229330927,533.5942012010933,,,,,762.8401028037339,596.3951457819383,,,923.0705501922444,624.5675321359621,856.7480573171466,555.3104156823201,728.2115445769127,500.7264171213988,704.1476312328506,567.0489099964966,,,,
labeled-data,2025-03-18 14-08-10,img03137.png,839.7272405615905,284.7381217405492,1025.195450725581,228.39334903250148,741.7108130382157,324.0620776930408,660.1282775546882,375.711452675418,627.2604934749938,442.62087026622464,566.2203230412754,511.8779867198666,467.61697080219193,449.0770421390217,406.5768003684735,470.7932566202485,441.2053585952945,544.1588460838523,,,,,759.3185545094807,595.2212963505206,,,962.9814308604448,363.97295836124135,892.5504649753854,415.6223333436184,737.0154153125451,496.0310193957282,715.8861255470272,564.1142864179525,,,,
labeled-data,2025-03-18 14-08-10,img03218.png,850.6710191865569,375.77600509903607,,,781.952721674276,366.9091280006773,730.9681783587126,409.0267942178817,681.6461744990917,469.4323944504512,604.6151797070993,507.1166221184762,502.0919132573254,450.0361006656645,380.1723531548915,421.2187500959983,406.772984449968,510.9958807168815,,,,,759.2313491097314,592.4603140580532,,,,,,,809.6617126066473,501.5748237998752,719.8845819857643,560.8720643951499,,,,
labeled-data,2025-03-18 14-08-10,img03280.png,855.1044577357362,400.15991698739606,913.8475185123636,494.3704861574586,790.8195987726349,355.8255314956019,716.5595030738796,378.5469040601464,662.8040606650792,441.16922356730566,597.9650218833302,526.5129156390094,473.8287425063066,478.8534512353307,379.618173336244,452.8069997589016,422.8441991907433,529.2838147322465,,,,,760.3397087470263,593.568673695348,,,892.7886854037613,513.212599991471,856.7669971916786,496.58720543204834,788.602879498045,492.1537668828689,719.3304021671167,568.0764020375664,,,,
labeled-data,2025-03-18 14-08-10,img03331.png,865.551928052779,385.68917284246805,963.0742326792716,433.78090540501375,792.773263304884,355.7560123413177,708.8430289585214,376.29837739112673,651.9113315347647,449.0770421390217,593.8057846795905,531.8334270539668,481.116239263495,488.40099809151343,393.6644566228792,446.72934327618646,433.5753372910797,510.704137288449,,,,,759.9054792251895,592.8735974876852,,,,,873.7688740727026,505.4218148470695,780.4478442749985,505.4218148470695,714.1253513999006,568.2227594279143,,,,
labeled-data,2025-03-18 14-08-10,img03374.png,873.9465715697488,414.5685922722292,962.6153425533372,547.0175689289641,804.119914420173,355.8255314956019,717.1136828925269,354.71717185830704,644.5161266497141,430.6398070130045,586.8814255103816,527.6212752763042,487.1290581538449,488.2745081523369,394.02684862107714,450.0361006656645,432.2652561077496,520.971117452535,,,,,766.9898665707954,594.1228535139954,,,903.87228177671,541.4757707424899,839.0332429949609,520.971117452535,780.844362036981,483.2868897845101,713.2344241619949,566.9680424002715,,,,
labeled-data,2025-03-18 14-08-10,img03405.png,890.5719661291714,427.31472810112,994.2035922162404,602.9897306123544,829.6121860779546,384.64288206526805,737.0641563638344,356.93389113289675,645.624486287009,415.1227720908765,571.3643905882537,521.5252972711826,483.2497994233129,487.7203283336895,412.8689624550896,453.361179577549,455.5408084909416,528.1754550949516,,,,,764.2189674775583,590.2435947834634,,,893.8970450410562,577.4974589545726,801.9031951455833,542.5841303797847,755.3520903791996,487.7203283336895,703.2591874263413,570.293121312156,,,,
labeled-data,2025-03-18 14-08-10,img03479.png,893.8970450410562,386.8596013398578,958.181904004158,438.3983244740685,809.6617126066473,361.9215095007236,722.6554810790012,371.8967462363773,653.9371835667204,438.3983244740685,589.6523246036188,527.6212752763042,484.9123388792551,479.9618108726255,394.02684862107714,440.0608639300108,425.0609184653331,527.0670954576568,,,,,763.6647876589109,593.568673695348,,,,,911.630799237774,493.2621265201638,776.4109234878019,503.2373632558175,716.005323255232,574.172380042688,,,,
labeled-data,2025-03-18 14-08-10,img03744.png,902.5281851424352,463.75016003174255,1006.026800136994,618.2242833117036,838.5533911301728,400.3622907351888,741.7108130382157,370.4291302340385,641.9336113677147,434.9908489620098,570.3287960512372,525.9641798968785,475.8339168221156,485.46637451296925,404.2291015056381,454.9462892961101,,,,,,,758.7316297937718,594.6343716348117,,,903.702034573853,617.524435547456,848.5311112972229,572.918157153585,744.0585119010511,501.31334183710766,708.8430289585214,570.5704582907497,,,,
labeled-data,2025-03-18 14-08-10,img04156.png,823.8802732374521,347.5390663213941,,,793.3601880205927,371.0160549497473,725.8638457140773,397.4276671566447,671.2798471531561,467.27170832599546,603.1965801309317,525.9641798968785,488.15933585200094,452.0116657175659,393.6644566228792,382.16762454821503,417.7283699669413,458.4678375903631,,,,,764.0139522351512,596.3951457819383,,,,,,,792.773263304884,503.0741159842341,724.1030715669509,573.5050818692938,,,,
labeled-data,2025-03-18 14-08-10,img04222.png,859.6826808956907,395.0799682938094,,,788.6647902949222,357.5167864884441,701.7999323700153,390.38457056813866,647.2159338090942,466.0978588945778,582.0672903654138,531.246502338258,486.3985617048745,470.2063319045397,401.2944779270941,405.6446131765683,,,,,,,765.1878016665689,594.6343716348117,,,910.7451311623588,527.724954044005,870.2473257784496,513.0518361512843,779.273994843581,507.182588994196,710.0168783899389,571.1573830064585,,,,
labeled-data,2025-03-18 14-08-10,img04359.png,910.1582064466502,436.7516231091364,1010.237836162261,539.0568060366861,837.966466414464,385.1022481267592,729.3853940083304,362.21218421411487,638.4120630734616,427.9477523735039,567.9810971884019,531.246502338258,398.3598543485499,448.4901174233129,,,,,,,,,759.3185545094807,591.6997480562675,,,903.702034573853,611.068263674659,828.5756709631228,547.6803943781052,740.5369636067982,497.2048688271459,704.1476312328506,567.0489099964966,,,,
labeled-data,2025-03-18 14-08-10,img04401.png,856.7480573171466,398.6015165880623,1009.9354081171514,417.3831074907449,781.6216937064162,371.6029796654561,678.3229437416621,373.9506785282914,614.3481497293994,453.1855151489836,549.1995062857193,524.203405749752,455.2915517723064,484.2925250815516,406.5768003684735,448.4901174233129,446.487681036674,458.4678375903631,,,,,763.4270275194424,592.2866727719763,,,909.5712817309412,616.9375108317472,837.966466414464,566.4619852807879,719.994598556989,494.2702452486017,702.3868570857239,572.3312324378761,,,,
labeled-data,2025-03-18 14-08-10,img04528.png,855.5742078857289,318.1928305359525,956.5252589876478,300.5850890646876,760.4924039408984,324.64900240874965,663.6498258489413,386.2760975581769,620.2173968864879,476.075579061628,553.89490401139,548.2673190938142,411.2721980941442,497.7917935428548,,,,,,,,,761.6662533723159,595.8082210662294,,,988.8061183516336,428.5346770892127,899.5935615638914,417.3831074907449,752.275457920975,510.704137288449,705.908405379977,574.0920065850027,,,,
labeled-data,2025-03-18 14-08-10,img04574.png,873.3923917511013,409.5809739044023,958.181904004158,499.3581045252855,794.6988575031667,355.2713516769545,708.8009856128153,362.47568931937104,637.3117890072975,431.74816665029937,575.7978291374332,524.850376183067,481.0330801487231,492.1537668828689,390.7017697091926,440.0608639300108,431.71107628910215,521.5252972711826,,,,,757.568809653789,590.7977746021108,,,904.9806414140046,544.8008496543745,852.3335586424992,514.320959628766,764.2189674775583,498.2497448879906,706.5842663382259,570.8473011308035,,,,
labeled-data,2025-03-18 14-08-10,img04643.png,873.7688740727026,386.27609755817696,,,795.1209621677194,356.3429370570266,687.1268144772946,375.1245279597092,631.3689664849558,458.4678375903631,577.9588173554521,534.1811259168022,465.2692719393566,488.40099809151343,380.7521128772851,443.20779498193343,419.4891441140679,513.0518361512843,,,,,761.6662533723159,594.6343716348117,,,901.9412604267266,534.7680506325111,870.8342504941586,501.3133418371077,775.7524465493279,494.2702452486017,702.973781801433,567.0489099964967,,,,
labeled-data,2025-03-18 14-08-10,img04725.png,887.2468872172868,377.992724241499,950.423386543094,471.0949337742667,811.3242520625896,356.37971131424933,716.005323255232,372.4509260550247,649.503745017541,438.3983244740685,584.1105264171446,525.9587358203619,469.3953039571272,482.7327099658626,388.4850504346029,424.5438290078828,433.9277955636919,479.9618108726255,,,,,764.2189674775583,590.2435947834634,,,909.9682597818316,525.9587358203619,880.5967293935179,482.17853014721527,773.085844575917,489.9370476082792,711.5718847060527,568.0764020375664,,,,
labeled-data,2025-03-18 14-08-10,img04776.png,907.8105075838148,432.6431500991745,1002.6579713167804,559.2697789579672,823.2933485217433,376.2983773911268,710.6038031056479,362.7991089298237,633.1297406320821,439.6862466876805,555.6556781585166,528.3118787597139,447.0746057523829,484.87944979726046,384.273661171538,458.4678375903631,437.0968855853328,506.0087395627784,,,,,764.6008769508603,592.8735974876853,,,907.223582868106,590.52589862485,829.7495203945405,549.4411685252318,750.5146837738482,497.7917935428548,700.6260829385975,572.9181571535851,,,,
labeled-data,2025-03-18 14-08-10,img04824.png,860.6462559222106,335.3208782056472,1023.0209427859064,397.9431977128064,762.5564280216161,330.3332598378203,678.8752754058546,363.58404895666587,624.5656531784066,442.2775832046005,554.1848162101835,529.2838147322465,467.7327645011849,502.68318343717,406.2188046313205,471.64911359291415,452.7699093977044,515.9834990847082,,,,,762.5564280216161,593.0144938767006,,,973.1447591076382,440.6150437486582,895.5595844969985,481.6243503285678,732.6307178146549,508.77916144229175,701.0424681517513,573.6182002240407,,,,
labeled-data,2025-03-18 14-08-10,img04874.png,865.07969447139,328.670720381878,1024.6834822418489,405.1475353552229,755.9062701978469,321.46638273946144,661.6957010277843,370.23420678043504,619.57803481058,452.8069997589016,570.2560309509588,535.9339725560156,468.2869443198324,517.6460385406506,391.25594952784,483.2868897845101,,,,,754.797910560552,540.9215909238425,778.073462943744,591.9061342394057,,,973.1447591076382,452.2528199402542,874.5007513883962,475.52837232344615,751.4728316486674,508.2249816236443,707.1384461568733,574.172380042688,,,,
labeled-data,2025-03-18 14-08-10,img04976.png,852.3335586424992,334.21251856835227,1028.0085611537336,384.64288206526805,755.3520903791996,320.912202920814,668.9000386702007,371.8967462363773,626.7823724529965,457.240438308081,580.2312676866126,533.1630734627785,475.4912819622489,515.4293192660608,389.5934100718978,499.3581045252855,427.83181755857015,524.850376183067,,,,,772.5316647572696,593.568673695348,,,965.3862416465744,443.9401226605428,876.1632908443385,477.1909117793885,755.3520903791996,508.2249816236443,701.5966479703989,575.8349194986304,,,,
labeled-data,2025-03-18 14-08-10,img05012.png,829.1625956788316,337.561346154344,1015.8046552742398,321.7143788302056,717.6468996941537,340.49596973288817,653.0851809661824,405.0576884608595,625.4997193278674,480.77097678729865,555.0687534428077,520.0949327397902,463.5084977922302,499.5525676899812,368.4266938473996,519.5080080240814,421.8368429769032,520.6818574554991,,,,,773.9916724022015,595.8082210662294,,,999.9576879501014,437.9254725405541,905.4628087209796,470.2063319045397,741.123888322507,523.6164810340433,705.3214806642684,576.439705447838,,,980.0022476160012,416.7961827750361
labeled-data,2025-03-18 14-08-10,img05149.png,871.7298522951592,385.1970618839155,960.3986232787474,447.8193813910748,791.3737785912823,353.6088122210122,706.0300865195784,380.76362333473617,646.1786661056564,451.6986401216068,571.9185704069012,518.200218359298,478.8163608741335,475.5283723234461,352.4633622225201,443.38594284189537,394.02684862107714,529.2838147322465,,,754.2437307419046,558.1011653019127,778.6276427623914,595.2312131512903,,,896.1137643156459,532.6088936441311,882.8134486681076,484.94942924045233,784.1694409488659,503.7915430744649,712.6802443433477,571.9556607680984,,,,
labeled-data,2025-03-18 14-08-10,img05297.png,874.5007513883962,389.630500433095,965.9404214652216,457.7946181267285,799.1322960523462,355.8255314956019,707.1384461568733,366.35494804990304,638.9743284632398,436.7357850181262,575.7978291374332,528.1754550949516,461.6367864960632,498.803924706638,356.3426209530521,454.4695392148439,385.7141513413658,516.5376789033558,,,,,770.8691253013274,590.7977746021108,,,917.172597424248,548.6801083849065,877.2716504816333,493.8163063388112,760.3397087470263,496.58720543204834,700.488288333104,569.1847616748612,,,,
labeled-data,2025-03-18 14-08-10,img05311.png,827.4018215317052,388.0368717053034,942.439065810636,406.818462607986,742.8846624696336,356.9298617727354,655.4328798290178,397.4276671566447,615.5219991608174,465.5109341788691,546.2648827071753,526.5511046125874,447.0746057523829,488.40099809151343,354.9274253860965,449.0770421390217,377.2305645830321,494.2702452486017,,,,,759.9054792251895,590.52589862485,,,915.4405288880298,546.5065449466877,860.2696056113997,517.1603091612461,748.7539096267219,508.9433631413225,703.5607065171419,569.9835335750408,,,,
labeled-data,2025-03-18 14-08-10,img05418.png,,,,,810.2158924252946,355.8255314956019,755.3520903791996,392.40139952633206,702.7050076076939,447.2652015724273,626.7823724529965,501.5748237998752,533.6801629202287,450.5902804843119,415.6398615483268,387.4137811585052,382.3890724294812,463.89059613185015,,,,,764.2189674775583,594.6770333326428,,,,,,,812.4326116998843,508.77916144229175,712.6802443433477,553.1135469340859,,,,
labeled-data,2025-03-18 14-08-10,img05664.png,875.6091110256912,431.193986831652,991.9868729416504,556.9928056646179,803.5657346015256,377.4385444228516,699.9341085144567,363.58404895666587,622.9031137224645,435.62742538083137,549.7513776610041,527.0670954576568,469.9494837757746,498.8039244423845,386.8225109786606,452.2528196760007,433.3736157450445,515.4293190018072,,,,,763.6647876589109,592.4603137937996,,,932.689632346376,586.364335788678,847.3459402746722,568.0764017733129,740.3892352757189,503.79154281021135,702.7050076076939,574.1723797784346,,,,
labeled-data,2025-03-18 14-08-10,img05666.png,858.9837164662682,417.8936709198602,1006.9497280451312,517.646038276397,793.0363180472245,367.4633074229444,687.187972685566,368.5716670602392,618.469675173285,441.7234031216996,563.6058731271897,525.404555737461,469.3953039571272,498.8039244423845,385.7141513413658,443.38594257764186,441.1321332061085,510.995880452628,,,,,759.7855289283789,594.1228532497419,,,927.7020139785492,588.5810550632676,849.562659549262,564.7513228614283,734.2932572705972,507.116621722096,702.7050076076939,574.726559597082,,,,
labeled-data,2025-03-18 14-08-10,img05723.png,883.7465942397528,423.2523546478333,1005.2400103914808,459.0547623060719,799.2294351776814,383.3414739796327,698.2783840757625,371.01605494974734,620.8043216021968,446.7293432761865,559.7641511684784,523.6164810340433,472.31236852786265,494.8571699643106,404.2291015056383,454.9462892961101,441.7922833110034,508.3564384256137,,,,,759.9054792251895,595.2212963505206,,,911.9189805937768,623.9806074202534,832.0972192573759,574.0920065850028,716.4730502627363,497.2048688271459,700.6260829385975,571.7443077221674,,,,
labeled-data,2025-03-18 14-08-10,img05780.png,851.7793788238516,335.32087794139363,1024.6834822418489,405.14753509096937,747.5935729181356,331.44161921086163,668.9000386702007,374.11346524671353,623.4572935411118,446.156841670879,581.8938071425548,522.0794768255764,491.0083168843769,508.2249813593908,406.2188046313205,464.444775686244,435.03615520098674,512.1042400899228,,,,,773.085844575917,594.6770330683894,,,1010.2748069570158,440.6150434844047,906.0890010512996,467.76985459812863,744.8226738248983,496.5872051677948,704.9217268822837,571.4014806851974,,,,
labeled-data,2025-03-18 14-08-10,img05947.png,853.2265090228937,339.9090450171793,1025.7823754412898,405.0576884608595,745.2323613324688,327.5836259872939,656.6067292604355,380.9937751167975,622.5650957493232,457.8809128746542,561.5249253156048,530.0726529068404,475.2469921064068,507.7695137099048,407.1637250841824,470.7932566202485,430.0537889968268,519.5080080240814,,,,,764.0139522351515,593.4605222033941,,,,,,,742.2977377539247,502.48719126852535,709.4299536742302,576.439705447838,,,,
labeled-data,2025-03-18 14-08-10,img06137.png,879.4883697562228,409.5809736401488,950.9775663617412,517.646038276397,812.9867915185318,365.2465881483547,716.5595030738796,361.3673294178227,641.1910477378294,432.3023462046933,574.1352896814908,530.9463539239352,478.8163608741334,493.2621262559103,385.1599715227183,441.16922330305215,415.0856817296793,507.67080154074335,,,,,766.435686752148,596.3395725243316,,,923.8227552480172,539.8132310222941,858.9837164662682,515.9834988204548,763.6647876589109,492.15376661861535,698.2715690585144,572.5098403224922,,,,
labeled-data,2025-03-18 14-08-10,img06138.png,884.3335189554615,414.4484839122008,947.1344635363066,529.4857281911316,799.2294351776814,361.0383347826972,693.5829863500918,371.6029796654561,636.6512889263352,444.3816444133511,573.8503443454903,534.1811259168022,472.31236852786265,496.03101939572826,383.09981174012034,447.90319270760415,414.79374638839727,511.2910620041578,,,,,760.4924039408985,594.6343716348117,,,911.9189805937768,533.5942012010934,852.6395843071847,513.6387608669932,766.361651097987,498.9656429742725,705.3214806642684,570.5704582907497,,,,
labeled-data,2025-03-18 14-08-10,img06489.png,890.5719661291714,406.81007454691166,923.8227552480172,497.1413849864423,821.8536686168906,363.02986887376494,733.1848976333024,372.4509257907712,651.7204642921306,447.8193811268212,573.026930044196,537.0423319290569,470.5036635944221,514.87513918316,378.5098136989492,464.444775686244,429.4943570145125,533.7172530171724,,,,,762.556428021616,591.9061339751522,,,944.8815883566194,544.8008493901209,896.1137643156459,515.9834988204548,751.4728316486676,501.0206437169742,702.7050076076939,572.5098403224922,,,,
labeled-data,2025-03-18 14-08-10,img06502.png,877.2904223669557,407.9923120394037,,,810.967929491858,365.7337325083678,720.581523272698,383.9283986953416,663.0629011332325,465.5109341788691,577.9588173554521,541.2242225053081,459.4000247822684,503.66104069994304,371.9482421416526,456.7070634432366,414.2068216726884,521.8557068869168,,,,,757.5577803623544,592.2866727719764,,,934.8090445064212,545.9196202309788,897.245862701056,513.0518361512843,768.1224252451134,517.1603091612461,705.3214806642684,574.0920065850027,,,,
labeled-data,2025-03-18 14-08-10,img07196.png,,,,,812.7287036389844,369.8422055183297,740.5369636067982,397.4276671566448,690.0614380558386,457.2939881589455,620.8043216021968,515.3995350141197,508.7017009018101,453.1855151489836,386.62136003437337,405.6446131765683,395.4252307700058,520.6818574554991,,,,,766.9485758136954,596.3951457819383,,,,,,,800.9902093248077,517.747233876955,711.7776525370655,574.6789313007115,,,,
labeled-data,2025-03-18 14-08-10,img07401.png,869.6604010627411,418.5569569221626,961.8075814290272,535.3549753482199,778.1001454121633,358.690635919862,674.2144707317002,372.189904381165,625.4997193278674,449.6639668547306,588.5234622382111,536.5288247796375,481.703163979204,514.8126102984108,392.49060719146166,473.1409554830839,424.7714665554473,528.3118787597139,,,,,761.6662533723159,592.8735974876853,,,918.3751524665738,560.5927381236995,845.5964877186789,531.2465023382581,761.6662533723159,496.61794411143705,701.7999323700153,569.9835335750408,,,,
labeled-data,2025-03-18 14-08-10,img07520.png,874.5007513883962,429.53144711145615,968.7113205584589,559.7637044936015,805.7824538761153,371.3425661534764,700.4882883331043,354.1629917754061,619.0238549919325,433.9648856606356,578.0145484120228,540.9215906595889,464.4076855893003,518.7543979136918,377.4014540616543,476.63673169648746,430.0485368331599,523.1878364628712,,,,,763.1106078402634,595.7853927056842,,,932.689632346376,570.84730086655,845.1292210000826,549.2342879393003,758.1229894724366,492.7079464372628,699.9341085144567,575.2807394157294,,,,
labeled-data,2025-03-18 14-08-10,img07566.png,886.6927073986394,434.51906547928303,967.602960921164,559.7637044936015,806.3366336947626,372.4509257907712,702.1508277890464,353.05463213811123,619.0238549919325,438.9525040284624,568.5934914950166,539.2590512036467,460.5284268587684,517.0918584577496,375.738914605712,471.0949335100132,,,,,,,770.8691253013274,593.014493612447,,,943.7732287193244,574.726559597082,856.7669971916786,559.2095246749541,751.4728316486676,470.5407536913658,701.0424681517517,572.5098403224922,,,,
labeled-data,2025-03-18 14-08-10,img07582.png,866.7257774841967,417.97003220645377,981.1760970474188,548.854243809523,792.7732633048842,372.189904381165,680.0837178887887,363.9729583612414,613.7612250136908,449.6639668547306,582.6542150811227,538.289598926764,462.9215730765213,518.3341585926638,374.2959410044879,475.4886543459192,,,,,,,761.6662533723159,592.2866727719764,,,925.41824905508,568.8096841436231,844.4226382872613,552.9627168194847,754.0362320681013,496.61794411143705,698.8653087914713,572.3312324378762,,,,
labeled-data,2025-03-18 14-08-10,img07920.png,897.7763037715881,457.794617862475,1005.2871885891888,598.0021119802739,820.7453089795958,392.40139926207854,722.1013012603539,358.5964303245855,622.9031137224645,426.760548018219,561.3891538526,535.3797924731147,459.4200672214735,510.995880452628,387.9308706159555,469.9865738727184,,,,,,,764.7731472962059,590.2435945192099,,,937.6772507142028,596.3395725243316,847.3459402746722,571.4014806851974,725.9805599908859,486.6119684321411,700.4882883331043,575.2807394157294,,,,
labeled-data,2025-03-18 14-08-10,img08229.png,851.4657348757671,398.0145918723536,996.762520881407,453.1516711212415,769.2962746765309,372.7768290968738,667.7582988589031,380.9937751167975,612.0004508665643,450.83781628614827,548.0256568543018,518.3341585926638,452.3569281937624,478.4232779244633,395.4252307700058,445.5554938447688,437.6838103010416,510.1172125727401,,,,,768.709349960822,594.6343716348117,,,942.439065810636,601.6774682233179,853.2265090228937,568.8096841436231,731.146168155457,501.3133418371077,700.6260829385975,573.5050818692939,,,,
labeled-data,2025-03-18 14-08-10,img08483.png,871.4211752098674,411.5138603336566,949.482162399142,543.5719213681435,771.0570488236574,353.4083134784824,669.5190730060297,376.8853021068356,614.3481497293997,468.4455577574132,562.1118500313137,537.1157494953463,468.2038955179008,499.5525676899812,390.7298330443351,454.3593645804013,,,,,,,760.4924039408985,592.8735974876853,,,916.0274536037386,548.854243809523,856.1611326014378,533.5942012010934,754.62315678381,504.2479654156519,701.2130076543065,569.9835335750408,,,,
labeled-data,2025-03-18 14-08-10,img08729.png,865.5519280527792,408.57923675511256,947.9145029883108,475.8912656576827,785.1432420006693,364.5598830769502,685.9529650458771,366.9075819397855,619.6304721707792,453.7724398646925,564.4595488941491,538.289598926764,465.2692719393566,506.5956642784872,378.4044140144497,454.3593645804013,,,,,,,756.3839309309366,592.8735974876853,,,932.461345643586,554.7234909666113,852.052659591476,533.5942012010934,764.6008769508603,484.87944979726046,699.4522335071802,574.6789313007115,,,,
labeled-data,2025-03-18 14-08-10,img08963.png,881.9858200926265,400.3622907351888,954.7644848405214,400.3622907351888,805.6856070504783,365.7337325083678,688.3006639087123,375.1245279597092,623.1520204650319,454.3593645804013,562.1118500313137,537.1157494953463,459.4000247822684,496.61794411143705,383.6867364558292,442.0339455505158,,,,,,,761.6662533723159,595.2212963505206,,,920.1359266137003,549.4411685252318,869.6604010627411,527.724954044005,755.210081499519,506.0087395627784,700.0391582228888,576.439705447838,,,,
labeled-data,2025-03-18 14-08-10,img09173.png,874.9427235041205,431.4693006677569,975.8937746060392,557.6581145451555,797.4686610305548,376.2983773911268,691.2352874872565,363.38603364553256,618.4566227393614,447.3162679918953,563.2856994627314,541.2242225053081,461.1607989293949,515.3995350141197,380.7521128772851,471.9671060516662,425.945315986865,522.4426316026256,,,,,759.9054792251895,591.6997480562676,,,921.8967007608268,561.7665875551172,842.6618641401348,540.6372977895994,747.5800601953042,496.61794411143705,702.3868570857242,575.2658560164203,,,,
labeled-data,2025-03-18 14-08-10,img09262.png,874.5007513883962,430.639806748751,982.0116362059972,556.9928054003643,805.2282740574678,375.2218248840084,704.9217268822837,355.27135141270094,619.5780348105798,430.639806748751,575.7978291374332,542.0299502968837,470.5036635944221,516.5376786391022,379.0639935175966,471.0949335100132,438.91541393151874,532.0547135612301,,,,,760.8938885656739,596.893752342979,,,920.4976763361326,563.6429632241334,840.6957824509032,544.8008493901209,752.0270114673149,475.52837205919263,702.1508277890464,568.6305815919603,,,,
labeled-data,2025-03-18 14-08-10,img09899.png,853.9960980984416,402.93081581637966,957.6277241855104,517.0918584577496,770.8691253013274,361.3673294178227,666.6833193956112,373.55928542806606,614.590416442753,458.9029774997698,574.1352896814908,544.2466695714735,468.2869443198323,515.9834988204548,381.8348926108338,465.55313532353887,432.819435926397,525.404555737461,,,,,762.556428021616,595.2312128870368,,,922.7143956107222,553.6677264884797,843.4666815441403,537.5965117477044,756.4604500164943,479.961810608372,702.1508277890464,570.84730086655,,,,
labeled-data,2025-03-18 14-08-10,img10282.png,899.5935615638914,445.5554938447688,999.9576879501014,598.7428446447736,810.967929491858,376.8853021068356,692.996061634383,365.7337325083678,619.0435474550702,449.6639668547306,550.9602804328458,529.4857281911316,461.1607989293949,494.2702452486017,403.6421767899295,457.2939881589455,437.0968855853328,518.3341585926637,,,,,762.2531780880249,592.2866727719764,,,946.5475388205978,602.8513176547355,862.0303797585261,577.0266301635468,742.8846624696336,489.5748475229311,701.2130076543065,574.6789313007115,,,,
labeled-data,2025-03-18 14-08-10,img10307.png,863.9713348340952,421.7729296503922,931.027092890434,447.26520130817386,807.4449933320576,389.076320350194,724.3180205349436,366.90912760429694,635.6492495513552,422.881289287687,559.1724345780103,524.2961961001661,474.9371021436015,484.9494289761988,413.9773220923845,446.156841670879,445.5655717552878,509.887520815333,,,,,764.7731472962059,589.6894147005626,,,889.4636064918768,622.3860240007607,817.4202300677113,565.3055026800757,741.4975949130139,482.7327097016092,702.7050076076939,573.0640201411397,,,,
labeled-data,2025-03-18 14-08-10,img10363.png,918.9620771822828,449.6639668547306,1009.3956289572076,610.6444184662233,834.444918120211,395.0799682938094,724.1030715669509,362.21218421411487,630.1951170535381,430.29545123633926,564.4595488941491,525.3772551811697,475.2469921064068,496.03101939572826,408.9244992313089,456.1201387275278,440.0315091638769,514.8126102984108,,,,,759.9054792251895,592.8735974876853,,,961.2206567133186,623.3936827045445,871.4211752098674,589.9389739091412,734.080791734001,493.68332053289294,701.2130076543065,575.8527807321292,,,,
labeled-data,2025-03-18 14-08-10,img10685.png,862.8629751968002,423.9896489249819,958.7360838228052,522.6336566442238,802.4573749642307,377.9927239772454,714.8969636179373,356.37971104999576,631.2158110021758,419.5562103758025,580.78544750526,529.8379942866404,483.2497994233129,502.6831831729165,394.02684862107714,460.565516955712,427.83181755857015,528.7296346493456,,,,,764.7731472962059,595.2312128870368,,,929.3645534344914,559.7637044936015,849.0084797306146,543.6924897528261,764.2189674775583,483.841069338904,702.1508277890464,569.7389412292551,,,,
labeled-data,2025-03-18 14-08-10,img10913.png,871.4211752098674,430.8823759520481,966.502979154698,552.9627168194847,789.8386397263399,369.8422055183297,674.8013954474092,372.7768290968738,618.4566227393614,459.0547623060719,578.5457420711609,536.5288247796375,480.5293145477863,510.704137288449,392.49060719146166,470.7932566202485,417.1414452512325,535.9419000639286,,,,,762.8401028037339,594.6343716348117,,,911.9189805937768,557.6581145451554,842.0749394244259,545.33269551527,751.6885332052659,498.9656429742725,704.1476312328507,571.7443077221674,,,,
labeled-data,2025-03-18 14-08-10,img10995.png,866.7257774841967,424.42620407925097,965.3291297232804,554.7234909666113,789.8386397263399,371.01605494974734,679.4967931730797,366.9075819397855,620.8043216021968,452.5985904332748,560.3510758841871,540.0503730738906,467.61697080219193,499.5525676899812,391.316757760044,471.9671060516662,407.1637250841824,520.6818574554991,,,,,762.2531780880249,594.0474469191029,,,920.7228513294092,567.6358347122056,850.8788101600583,548.2673190938142,754.0362320681013,499.5525676899812,705.3214806642684,572.3312324378762,,,,
labeled-data,2025-03-18 14-08-10,img11146.png,879.051196514082,425.0131287949598,967.0899038704068,555.897340398029,790.4255644420488,370.4291302340385,670.1059977217386,368.668356086912,606.7181284251848,465.5109341788691,552.1341298642635,537.1157494953463,465.2692719393566,504.2479654156519,400.1206284956765,470.2063319045397,432.4014878596621,527.724954044005,,,,,764.6008769508603,591.6997480562676,,,931.874420927877,578.2004795949645,849.118036012932,559.4188886922819,741.7108130382159,492.5094711014752,702.3868570857242,574.6789313007115,,,,
labeled-data,2025-03-18 14-08-10,img11256.png,890.0177863105242,458.3487979453759,1008.0580876824262,590.7977746021108,820.1911291609485,394.0639389822744,720.9929416230591,357.4880709515442,624.0114733597593,435.62742538083137,564.1600529458372,529.8379945508939,469.9494837757746,502.68318343717,399.014466988904,469.4323943183245,438.9154139315188,532.0547138254836,,,,,761.4480683843212,594.1228535139954,,,958.7360838228052,605.206449886944,863.9713348340952,580.2683580478098,737.0641563638344,491.5995870642215,699.934108514457,573.6182002240406,,,,
labeled-data,2025-03-18 14-08-10,img11681.png,906.6366581523972,461.4024611689072,1006.026800136994,591.2736527499956,813.3156283546932,396.8407424409359,725.8638457140775,366.9075819397855,633.716665347791,424.42620407925097,553.3079792956812,522.4426316026256,468.2038955179008,491.3356216700576,417.1414452512325,453.1855151489836,435.3361114382063,519.5080080240814,,,,,758.1447050780631,592.2866727719764,,,962.981430860445,621.0459838417091,864.9650033370704,588.7651244777235,727.0376951454951,496.61794411143705,702.973781801433,573.5050818692939,,,,
labeled-data,2025-03-18 14-08-10,img11701.png,894.8981638382206,453.7724398646925,1006.026800136994,591.2736527499956,809.2071553447314,390.9714952838476,702.973781801433,362.7991089298237,620.8043216021968,437.3385478248452,552.7210545799724,528.8988034754227,472.8992932435714,500.72641712139887,410.6852733784354,459.05476230607184,435.9230361539151,518.9210833083727,,,,,760.4924039408985,594.0474469191029,,,950.6560118305596,614.0028872532032,857.9219067485642,585.2435761834705,727.624619861204,493.096395817184,700.6260829385975,575.8527807321291,,,,
labeled-data,2025-03-18 14-08-10,img11966.png,881.1509092121656,421.7729299146457,966.4946012838692,537.0423321933105,809.6617126066474,357.4880709515442,708.8009856128157,353.05463240236475,634.5408899140605,424.5438290078828,589.0981447849715,536.4881523746631,494.8875756149089,489.3828677896318,389.0392302532504,448.9277410283696,409.54388354320514,548.6801083849064,,,,,760.8938885656739,591.3519544207584,,,911.630799237774,551.4510074781435,855.6586375543839,523.1878367271248,775.302563850507,479.4076310539781,709.9093452501106,574.172380042688,,,,
labeled-data,2025-03-18 14-08-10,img12043.png,873.7688740727026,421.49158050070673,969.8118903196988,537.3723916265794,791.0124891577576,368.0814313712032,692.4091369186741,361.625259498406,621.9781710336143,442.62087026622464,572.6764949140726,531.246502338258,479.3554651163686,491.33562167005766,399.5337037799676,447.90319270760415,427.11916541828265,522.4426316026256,,,,,760.4924039408985,591.1128233405589,,,912.5059053094856,563.5273617022438,855.5742078857289,534.1811259168022,752.8623826366836,493.096395817184,702.973781801433,571.7443077221674,,,762.2531780880249,547.0934696623965
labeled-data,2025-03-18 14-08-10,img12185.png,869.073476347032,431.4693006677569,970.0245274489508,557.0711898294467,799.2294351776811,373.9506785282915,690.6483627715476,365.7337325083678,619.0435474550702,453.18551514898354,565.6333983255666,528.8988034754227,465.8561966550655,488.40099809151343,397.1860049171323,447.90319270760415,438.2707350167505,517.1603091612461,,,,,754.0362320681012,589.9389739091412,,,941.8521410949272,566.4619852807879,854.9872831700201,551.2019426723583,759.9054792251895,485.4663745129693,702.3868570857242,575.8527807321291,,,,
labeled-data,2025-03-18 14-08-10,img12920.png,864.5255146527426,407.91843444846,935.4605314396132,475.5283723234461,798.5781162336989,370.234206780435,699.3799286958097,358.59643058883904,626.7823724529965,434.5190657435365,575.7978291374332,539.2590514679002,471.6120232317169,501.02064398122775,386.8225109786607,453.9153593961965,433.9277955636919,520.4169376338876,,,,,764.7731472962059,591.9061342394057,,,927.7020139785492,565.8596827629767,852.8877384611466,533.1630734627785,756.4604500164943,487.7203283336895,702.1508277890466,574.172380042688,,,,
labeled-data,2025-03-18 14-08-10,img12996.png,879.4883697562232,433.41070610624166,980.3490967500549,569.7389414935087,807.4449933320576,374.6676453296144,694.94649014663,356.93389113289675,619.0238549919325,438.952504292716,579.1229080493177,539.8132312865475,477.7080012368386,512.1042403541762,391.8101293464875,470.54075395561927,432.8194359263971,520.4169376338876,,,,,766.4356867521481,591.3519544207584,,,936.0147112582606,576.3890993172778,840.6957824509033,542.0299505611373,757.5688096537892,475.5283723234461,705.4759067009311,573.6182002240406,,,,
labeled-data,2025-03-18 14-08-10,img13236.png,910.5224396004788,468.878214499677,1006.395548226484,596.3395727885852,832.9372649898393,394.0639389822744,719.3304021671167,360.25897004478134,632.3241706394706,433.41070610624166,562.4975134898949,533.7172532814259,474.9371021436015,504.3457228931123,412.3147826364423,462.2280566759079,,,,,,,763.1106078402636,591.9061342394057,,,965.3862416465744,611.3024278920656,876.1632908443386,588.5810553275212,728.1972792654757,495.4788457947535,707.6926259755207,572.5098405867458,,,,
labeled-data,2025-03-18 14-08-10,img13348.png,899.9930230461779,441.723403385953,1007.5039078637784,584.7017965969892,836.2623439017239,385.751241702563,729.3056389027704,353.05463240236475,632.8783504581181,419.0020308214085,560.8349740339527,535.3797927373682,466.6244048638901,506.562442167702,404.0020853567309,469.4323943183245,449.4448304858199,528.1754550949516,,,,,763.664787658911,591.9061342394057,,,957.6277241855104,607.977348980181,870.6214926578643,582.4850773223994,740.9434150943663,500.4664641625803,703.2591874263417,573.0640204053932,,,,
labeled-data,2025-03-18 14-08-10,img13418.png,916.6184176056008,463.89059613185015,1010.274806957016,617.3984058971874,844.0208613627879,402.9308160806332,722.6554810790013,363.58404895666587,628.4449119089388,432.3023464689469,569.1476713136641,534.2714331000734,469.9494837757746,518.200218359298,403.4479055380834,473.3116530488565,,,,,,,760.3397087470263,592.4603140580532,,,961.5069829160424,619.0609453531296,875.0549312070436,600.7730113377645,729.8598187214179,499.3581045252855,701.5966479703991,573.6182002240406,,,,
labeled-data,2025-03-18 14-08-10,img13512.png,908.3057203258892,462.7822364945553,1012.4915262316056,615.735866441245,827.9496466220126,404.039175717928,714.34278379929,357.4880709515442,622.348933903817,433.96488592488913,555.8473556661258,525.9587358203619,462.7451461333581,503.2373632558175,404.5562651753783,461.11969703861297,,,,,,,759.7855289283789,593.568673695348,,,965.3862416465744,621.8318444463667,868.958953201922,600.7730113377645,719.3304021671167,491.5995870642215,702.1508277890466,573.0640204053932,,,,
labeled-data,2025-03-18 14-08-10,img13593.png,876.1632908443386,401.8224564433384,941.0023296260875,485.5036090590998,816.866050249064,359.70479022613387,723.7638407162963,358.59643058883904,662.8040606650792,433.96488592488913,597.4108420646828,530.9463541881887,491.0083168843769,506.0082623490546,401.78536608214114,446.71102175378,431.1568964704548,521.5252972711826,,,,,765.8815069335006,593.0144938767006,,,933.2438121650237,549.7884680222013,864.5255146527426,534.8256129187207,784.1694409488659,486.6119686963946,705.4759067009311,566.9680424002715,,,,
labeled-data,2025-03-18 14-08-10,img13794.png,867.8505935646272,415.676951909524,941.5565094447348,534.2714331000734,795.8072171404617,351.3920929464225,702.705007607694,371.8967462363772,644.5161266497141,456.6862584894336,579.1229080493177,535.3797927373682,478.8163608741335,500.4664641625803,405.1104449940258,451.1444603029593,432.2652561077496,515.4293192660608,,,,,760.3397087470263,595.7853929699377,,,916.0642377869532,548.6801083849064,838.4790631763136,533.1630734627785,769.7607656640326,494.3704861574586,707.6926259755207,566.9680424002715,,,,
labeled-data,2025-03-18 14-08-10,img14186.png,883.3676284867552,430.08562719435713,979.7949169314074,570.293121312156,804.119914420173,369.6800269617876,697.1632094212197,355.82553149560187,626.228192634349,443.9401226605428,575.2436493187857,546.4633891103167,469.3953039571272,512.6584201728238,389.5934100718978,464.4447759504976,,,,,,,763.664787658911,592.4603140580532,,,927.147834159902,563.642963488387,844.5750411814353,546.4633891103167,762.0022482029686,499.9122843439329,703.2591874263417,574.7265598613355,,,,
labeled-data,2025-03-18 14-08-10,img14287.png,897.7763037715882,443.3859428418953,1008.0580876824262,596.8937526072325,816.3118704304165,385.751241702563,699.934108514457,356.37971131424933,619.57803481058,442.831763023248,563.6058731271899,539.8132312865476,472.16620305036446,514.8751394474134,394.5810284397247,472.2032934115616,,,,,,,762.0022482029688,594.6770333326428,,,940.4481498074402,591.3519544207584,853.4419182797943,564.7513231256819,744.2684940062511,484.94942924045233,704.3675470636364,571.9556607680984,,,,
labeled-data,2025-03-18 14-08-10,img14719.png,874.5007513883966,397.389017894159,960.9528030973952,430.08562719435713,805.7824538761156,369.12584714314016,719.8845819857644,369.6800269617876,652.8288239294255,451.6986401216068,584.1105264171447,538.1506918306054,475.491281962249,501.02064398122775,402.3395459007887,450.590280484312,423.3983790093909,422.8812895519405,,,,,765.3273271148533,590.7977746021108,,,912.739158875069,551.4510074781435,862.308795378153,519.8627578152402,765.3273271148533,492.70794670151633,706.0300865195786,568.0764020375664,,,,
labeled-data,2025-03-18 14-08-10,img14958.png,865.6338742900376,416.7853115468189,948.7608470871515,532.0547138254836,794.6988575031667,363.02986887376494,678.8752754058546,361.3673294178227,621.7947540851695,453.915359131943,562.4975134898948,545.3550292087684,471.0578434130695,515.9834988204548,400.6770064448463,480.51599042701946,407.8813440872629,458.3487976811224,,,,,769.206585845385,594.1228532497419,,,924.931114885312,545.9092090274157,846.7917604560248,521.525297006929,763.6647876589109,473.8658326032504,704.3675470636363,571.9556605038449,,,,
labeled-data,2025-03-18 14-08-10,img15548.png,875.0549312070434,428.97726729280873,981.4574563873496,561.4262439495437,816.8660502490638,380.2094432518352,721.5471214417064,356.93389086864323,631.2158110021758,422.881289287687,584.1105264171445,537.5965117477044,469.3953039571271,518.2002180950444,367.4262173260007,471.64911332866063,,,,,,,755.9062701978469,593.014493612447,,,917.172597424248,566.4138623173706,835.7081640830763,548.6801081206529,760.3397087470263,492.7079464372628,703.8133672449887,572.5098403224923,,,,
labeled-data,2025-03-18 14-08-10,img15676.png,866.1880541086848,404.593355272322,960.3986232787474,420.6645700130974,787.4945198607502,368.5716670602392,691.0672314160979,374.6676450653609,632.3241706394706,456.1320784065327,575.2436493187857,546.4633888460633,471.0578434130695,510.4417006339805,400.1228266261989,466.6614949608338,403.4479055380834,431.1939865673985,,,,,776.4109234878016,592.4603137937996,,,934.906351620966,573.6181999597871,876.1632908443385,523.7420162815188,765.8815069335005,488.27450788808346,705.4759067009309,571.4014806851974,,,,
labeled-data,2025-03-18 14-08-10,img15900.png,871.1756724765116,412.9060525520334,951.5317461803884,544.8008493901209,793.0363180472245,358.5964303245855,688.2963323228607,366.35494778564953,626.2281926343489,454.4695389505904,573.5811098628434,544.8008493901209,476.5996415995437,513.7667795458651,415.6398615483268,476.0825518778401,402.3395459007885,438.39832420981503,,,,,764.7731472962059,594.6770330683894,,,908.3057203258892,546.4633888460633,844.5750411814352,527.6212750120508,766.435686752148,492.15376661861546,704.9217268822833,568.0764017733129,,,,
labeled-data,2025-03-18 14-08-10,img16066.png,862.8629751968002,413.4602323706808,959.2902636414524,552.5593668511849,795.8072171404616,366.90912760429694,697.7173892398669,361.9215092364701,624.0114733597592,448.3735609454687,585.2188860544394,543.6924897528261,480.4789003300757,524.8503759188136,400.1228266261989,483.841069338904,411.2064229991474,448.3735609454687,,,,,769.7607656640325,594.1228532497419,,,917.7267772428957,555.8844457630695,831.8289053525443,529.283814467993,758.6771692910839,484.9494289761989,708.246805794168,571.4014806851974,,,,
labeled-data,Camera4_stitched,img101206.png,763.9381103515625,382.133056640625,822.3896145086828,545.6108736931799,700.4447631835938,351.9087829589844,611.6239013671875,315.515380859375,538.0937675531961,417.9932483215962,472.6779273389964,489.5070247137126,420.6494073797938,485.958933669369,349.5219054793523,443.139704883842,,,,,,,684.370856724604,532.8881071869233,,,747.7691043842375,545.5531717220003,676.3701782226562,451.7575378417969,617.50985146308,449.7630517742192,647.5234425709654,522.2118617353108,,,,
labeled-data,Camera4_stitched,img104389.png,673.6823120117188,354.6358337402344,699.093994140625,498.7721018303792,639.8676147460938,344.33447265625,574.58837890625,290.8745422363281,469.7499033506252,372.9818992505784,417.9228722842219,468.4273173460013,300.6149140462789,484.5758501631564,232.6012536231537,544.1570993457358,209.7186979991532,598.2123590036274,,,,,576.1310753659857,506.8333996623145,,,651.1308891984808,487.4395548435872,615.6920375045618,418.1980221547339,570.235107421875,421.0385437011719,552.4377800881782,490.6860440767315,,,,
labeled-data,Camera4_stitched,img106996.png,708.739990234375,358.6982727050781,756.4075724576276,497.4508002490892,673.5316162109375,348.85662841796875,610.9927978515625,315.06134033203125,519.7986450195312,384.9963989257813,502.6046112518859,450.6313941533738,457.8482969962404,429.64348537196497,422.2379699394653,427.7163875415659,,,,,,,639.0010591408821,514.5963273993577,,,702.1554956421512,482.0840742114135,670.0154418945312,421.6638793945313,607.6265869140625,419.2391662597656,617.8973985603741,479.7759399414063,,,,
labeled-data,Camera4_stitched,img107045.png,707.424072265625,357.98272705078125,756.3202891066933,487.29302162118233,673.0410766601562,348.66717529296875,602.7895709122695,303.1344872905781,533.2052372896402,395.1706478414661,493.0607604980469,450.1634521484375,448.0693396141703,419.358598336741,398.40059779263805,442.9436696592925,,,,,,,635.54201334959,502.5729509418089,,,699.6915283203125,482.22705078125,668.98583984375,419.94427490234375,607.6336669921875,419.1004333496094,618.7997010005389,484.7914079002544,,,,
labeled-data,Camera4_stitched,img109673.png,617.7730703624547,372.4143540855357,674.5467807161604,483.8694093809802,581.45779565188,336.229657432948,526.5458923483698,295.77367505890135,426.3763463553363,336.54562309876115,406.1132294251383,435.0507485663154,304.1318377367992,476.3751919532981,255.9799149092929,555.5396398097549,319.93058442335104,588.5873292159469,,,532.3819537766599,457.3001143636068,540.9785327732994,485.8771488439432,,,621.6044948427418,479.3494733355877,579.244873046875,414.9754333496094,517.1039425876832,404.21655305597005,510.9421120076903,479.06682571493445,,,,
labeled-data,Camera4_stitched,img109689.png,611.5761686506299,359.2415887804196,631.7952270507812,477.8473510742188,577.1251591530056,331.06580753041965,511.1627444038371,284.72454241248147,423.06103515625,327.63690185546875,417.4826421958574,436.8546917194228,320.9437396968476,463.4165116275289,251.53702894191497,545.2620550992901,329.9353584231544,589.1981663657167,,,,,537.2489943043922,485.5574007955125,,,598.5858497449057,466.8833815842038,571.8191528320312,413.50390625,511.8451232910156,416.258056640625,507.2727383646438,475.892121152454,,,,
labeled-data,Camera4_stitched,img11089.png,770.3799438476562,354.23895263671875,,,731.5643920898438,346.8128662109375,645.7331823613525,296.9444938686618,557.4776691477192,395.67547362111816,514.1801147460938,453.2721862792969,444.915293586084,449.8459049614024,423.43378037853785,423.3008255155282,513.3531284401074,426.806049880776,,,,,692.6016913989614,507.40513335729554,,,789.484998571501,507.1177222555456,738.633799971379,418.9620788076216,639.4678344726562,420.09173583984375,657.8328954103551,495.1837449181313,,,,
labeled-data,Camera4_stitched,img113605.png,647.848186764409,367.03947398535706,671.1798160945268,473.56350893985626,614.110195153278,340.288330555136,545.3983557130603,285.89632063729715,470.0689227697318,361.4809774434705,448.48197239689625,414.5703016017416,363.83808566112623,421.8266569557247,324.32230832844823,474.35581467259937,382.9484016801406,496.2534667749387,,,,,553.8405044055173,480.1199555144524,,,609.1177530620733,471.78380156616026,604.2673950195312,417.5156555175781,540.8961181640625,416.0986022949219,540.2270260867217,467.85837163947815,,,,
labeled-data,Camera4_stitched,img113822.png,765.4771728515625,384.7715148925781,805.9577111067993,517.5127264350839,703.732421875,353.720947265625,636.1362168249946,305.6143943088106,547.9230491444216,371.0610468086661,496.5724885132762,405.8090323609874,435.6690511963645,415.314451636202,359.70721867697046,446.9878227419291,,,,,,,626.0747960113148,480.7642647781458,,,725.0510439786257,503.3043868294865,688.346272379469,452.8906281818398,604.9735107421875,415.6902770996094,607.4310059417003,463.5265498070201,,,,
labeled-data,Camera4_stitched,img116442.png,704.9597778320312,380.7984619140625,769.7779990822975,495.5065220789031,670.5943603515625,349.70556640625,602.1670158193956,298.1048246218303,506.7472229003906,382.90576171875,475.47148741572863,450.55038910463566,404.96640808428,468.022986555909,386.71840133942726,452.60354715050073,,,,,,,611.6788033020233,498.29852136873694,,,677.3407122393645,481.967748918712,648.3181443435623,419.5887451171875,574.6282348632812,418.0670471191406,593.9652742432496,490.9486686505354,,,,
labeled-data,Camera4_stitched,img118834.png,721.8494812928343,383.2119779806828,769.8292359751061,529.9790864986232,670.3953247070312,348.4402770996094,608.65966796875,313.2634582519531,530.6593530034838,404.20000158842254,481.5668586243677,465.9883572093833,440.000546829035,468.860648447044,381.8489378282814,462.75828461333725,,,,,,,651.0144536297369,502.3711440065479,,,692.2444645506273,495.8428761834048,657.3153279307188,424.80402067346176,582.8349683996137,417.5625597914707,621.1562403705149,497.497329791914,,,,
labeled-data,Camera4_stitched,img121424.png,704.8729858398438,382.1045837402344,729.0991396920331,491.728178750168,647.1421508789062,351.437255859375,582.986328125,314.95721435546875,515.4259854717926,384.6500194450697,493.12345097704303,477.52258802622384,430.047477978035,479.7851985035862,382.1730880016321,482.1767973830047,,,,,,,603.356442674379,505.469812462118,,,673.7020913327823,496.9203053211173,642.4974365234375,421.4581909179688,575.1785278320312,417.87152099609375,591.4735295859085,485.5909167646019,,,,
labeled-data,Camera4_stitched,img123096.png,699.9580078125,381.9976806640625,735.1452740742162,480.44041103020845,645.2006225585938,350.91131591796875,593.7894512267256,295.5175173355005,515.5385424572466,372.8061155752622,477.90208045157306,440.8461381836676,411.76240577641454,446.7833919321789,352.8725281052681,461.2472789811021,,,,,,,601.1384816751267,483.3406663028188,,,669.5171508789062,478.0859375,638.612548828125,418.3040466308594,573.3684692382812,414.73675537109375,573.3436889648438,477.722412109375,,,,
labeled-data,Camera4_stitched,img123367.png,825.6322586234132,292.3616335553433,952.754688135612,373.8444491914884,777.5946819233328,297.78868380955964,715.0046213140481,307.1414191465482,608.6577381739494,378.65087982317465,572.6590853928324,409.9353826793772,501.2443462768092,396.9925913706296,415.6490163448608,444.0374978122783,,,,,733.5317044884629,479.5493931370403,665.4463481922444,508.6114106722705,,,899.9405645146679,418.152652402276,798.253594804275,394.7805601880221,637.319069285714,428.0703912214677,633.9144298600609,486.49086229816055,704.562441036035,465.0020799708576,,
labeled-data,Camera4_stitched,img127309.png,741.7122989750678,363.5938976576255,,,702.4879760742188,348.37261962890625,613.1110229492188,313.6072692871094,533.2350708624172,404.5719912947623,503.4382622637363,518.6186171159397,364.51579405391686,526.3374435738679,237.144965601014,578.8978639962886,,,,,,,665.4625768854953,542.44900171886,,,770.888741800514,522.5855593365528,730.561127283546,425.4806877623511,613.6365356445312,445.7402038574219,632.6369093298964,538.0689697265625,,,,
labeled-data,Camera4_stitched,img127383.png,738.7079467773438,357.75885009765625,,,701.6640014648438,348.4271545410156,612.4564208984375,314.7878112792969,543.2610475380108,433.1388317828038,511.450366350721,524.5862848479651,357.3151831490259,524.5072068325891,242.8676040915012,567.1795747979909,,,,,,,683.5957652180168,525.9149975496154,,,719.1694139791736,519.3341007674088,696.6881165456392,426.3460295272442,613.5490112304688,445.67376708984375,660.018703177538,529.3036404938281,,,,
labeled-data,Camera4_stitched,img127447.png,743.7747869915354,370.20309317266833,772.880680708985,502.4526869409804,701.7622680664062,350.1055908203125,612.175048828125,314.7785339355469,534.0969939476903,404.4771578368994,496.37195321489367,525.4935935951794,357.3265567318098,530.3107568095363,230.79146721025643,566.5215914487077,,,,,,,676.7195006338906,533.7701041262764,,,714.4808421730012,513.838190633822,694.5606351695711,448.5111146162365,631.8881298148291,446.027822698142,632.271431335988,541.3254431526698,,,,
labeled-data,Camera4_stitched,img130425.png,707.1567993164062,378.480712890625,733.7604370117188,510.0485534667969,669.3479614257812,347.0040588378906,582.6360396618777,299.23760919119775,495.0389854859652,392.5487663217484,440.0450623947361,513.4572515376739,349.1467508760152,549.4784195566976,218.56776001005687,573.0938686741652,,,,,,,620.5780098257758,515.64694866162,,,675.2925587429055,501.61681254216506,644.843017578125,421.8043823242188,599.4590454101562,424.34326171875,588.595063233601,502.864093298134,,,,
labeled-data,Camera4_stitched,img131930.png,730.5632528299687,379.44540513642016,768.6768782245651,509.1136430607569,688.2098518131676,364.8385807615649,598.3638681686502,295.49583062390263,524.4270937648985,418.1364948680807,447.66951674320535,497.6081335011889,397.8288587737769,501.2961546018316,395.2805102809476,463.8065774442184,,,,,,,662.9805037150179,524.1542850970939,,,711.6747785701027,514.3784795784679,676.2503667200616,441.4873839633782,625.7701224427826,417.994844471024,624.1851311610121,518.2500042016395,,,,
labeled-data,Camera4_stitched,img133745.png,705.5872802734375,379.914794921875,733.9479812651687,506.5131269097862,670.6790771484375,351.78778076171875,579.8095092773438,318.2748107910156,500.4410409915324,401.2377531733903,437.5965870091194,522.1020329183922,343.6939248225008,553.6633852124382,293.73420707315586,548.5095356110942,,,,,,,634.9955687741838,510.8039384128497,,,688.0085501433059,509.7937338650494,658.0241751433059,437.4615090667187,580.6708374023438,445.5919189453125,610.6974180292095,507.9372772033116,,,,
labeled-data,Camera4_stitched,img137137.png,734.3186645507812,379.7801818847656,764.4679173862771,523.4685641762386,697.3256225585938,348.9150390625,600.1609356863296,301.8741462341658,523.5344651638766,405.6012075914715,472.4624246720339,474.2322582650582,399.62957060894536,500.3313737767372,368.36813028589273,477.31679362770046,,,,,,,655.0039452410538,509.8022423250058,,,706.8241915719664,495.5276237514743,672.642822265625,442.3546142578125,605.4191284179688,423.3225402832031,613.9333546817309,502.8664010707421,,,,
labeled-data,Camera4_stitched,img140293.png,712.6696166992188,377.2915344238281,,,671.4894409179688,349.22906494140625,578.8936696747892,299.2690418839287,482.297119140625,363.7740783691406,449.2542152384982,485.9642050663445,407.9543293515935,494.8270378211809,367.16575950381343,476.01286914946047,,,,,639.3564514760164,484.0421812889799,580.9185698172117,521.076631824157,,,745.3043359685684,511.72637425482776,669.4877319335938,419.7385864257813,574.8591918945312,423.92529296875,555.8031784991936,504.6125897148752,600.4460514201905,485.8464773770372,,
labeled-data,Camera4_stitched,img143831.png,772.57177734375,413.076416015625,815.6207303594497,551.0981875303721,740.1792737410901,377.10198011109713,643.7253649856511,314.7066667041652,547.387939453125,409.7893676757813,489.8570827837783,474.7751423244118,414.094482421875,475.91351318359375,308.8388293500087,439.7205454403159,,,,,,,666.1744217518943,522.3789293699533,,,740.2132551041741,553.3478663844332,721.7277953756425,479.81663832947856,630.0044455711363,398.94549669409264,640.3968964054468,514.493651032384,,,,
labeled-data,Camera4_stitched,img143899.png,734.1998519168623,390.8726877774436,740.0374722631489,504.2651129342464,697.7704642634344,370.6145218064582,599.7702442640996,298.6338059837906,515.0555419921875,411.151123046875,438.8845212543928,468.8289052457362,375.8512915918117,454.7356777370836,315.86202634318,430.8825675544374,,,,,,,637.1124682190471,528.1046664133834,,,697.9385945046703,527.3557780123701,652.4241683204821,459.50781225067976,578.01220703125,414.5740661621094,599.6818650254899,521.4354267025451,,,,
labeled-data,Camera4_stitched,img144054.png,743.0587218318717,382.3278238319249,727.6198941696935,486.4094158127128,702.6496908069178,357.02366214423853,588.3364086661375,293.61781133638976,509.3150439801761,409.094946197106,453.1284580458109,472.9461819387237,399.6711460436869,472.2600543101745,319.27683462740373,457.2367681010794,,,,,,,634.8578580560708,517.5204957070201,,,676.7153281882672,499.1674188914496,656.3240881221313,434.460301098348,594.8899175439263,433.402644375931,599.679249692497,516.4128286894686,,,,
labeled-data,Camera4_stitched,img144195.png,716.446346372385,384.1106836925565,731.59050971078,516.3927051353462,675.536617044542,357.0699083209417,563.422347744264,300.28968018423257,496.9256565881944,402.90460043109806,439.7223117959308,485.4548369610253,350.0120035969525,482.4966299010064,299.1183484754376,463.7980582400294,,,,,,,623.9290145745822,520.1320244689073,,,688.528424722895,499.4194888439008,651.0304580006837,421.4545588402669,588.233217275651,431.8627950743381,596.3160424685873,515.718419570611,,,,
labeled-data,Camera4_stitched,img144200.png,719.2449948857223,377.72754223025424,733.2094645444167,485.1853456134703,683.7408333689402,347.77390662129403,582.5757929930458,296.15300354763144,504.86421099322047,406.3126681171621,438.3890715398047,483.2935845866065,354.2205853043713,486.6081179847532,289.7279834633978,454.3948265376228,,,,,,,631.1757788546757,520.2237448385849,,,688.185772396634,497.5242317294612,652.7919235034406,432.5703716807967,591.791863781679,432.6105478019159,600.3818127593254,515.1507441649208,,,,
labeled-data,Camera4_stitched,img146947.png,718.2403824817416,377.8854454330518,773.1629525095652,518.9173539172887,674.5418090820312,349.85125732421875,603.712503631212,303.7640191574467,500.7450264071956,391.17572546842257,445.9776251301904,500.45125129768223,363.5850909662152,516.7338253740941,288.9081074786508,508.9561698813393,,,,,,,633.6352307280754,520.9643204700228,,,699.2813720703125,510.122802734375,661.9770039619705,458.0153926799274,600.3274536132812,425.4331359863281,598.5510227638356,507.28062751838536,,,,
labeled-data,Camera4_stitched,img150278.png,735.4187610812755,362.915873168911,761.6531553814837,512.0031127929688,699.957275390625,348.7216491699219,611.5504150390625,314.0316162109375,523.3207049925617,388.4981543035127,520.1837397999209,504.61984693119183,417.6473887965381,507.81015578235775,302.4863270931583,513.7262654280489,,,,,,,690.56858743771,521.1179710852041,,,722.4649162121071,506.39261434465146,684.1634217083687,418.2161472976241,633.2992811186991,435.1936980703348,637.6937483315676,515.0159936788943,,,,
labeled-data,Camera4_stitched,img1506.png,483.7182051613991,425.7959141447884,420.208027956406,574.3307893072202,547.5061878171828,405.0324575292702,615.7877944422602,382.9386277467052,684.2158840798398,363.16889059033394,788.123556137733,438.0805005404361,786.2256242254884,416.5038298406012,,,,,714.2940444524035,469.9624593836655,666.1927936039191,539.4854173603892,,,532.3634935184164,540.2312497296396,,,,,,,,,711.1075843665417,521.4840698242188,512.1057082114986,572.6138383500868
labeled-data,Camera4_stitched,img154473.png,732.93798828125,356.9193115234375,761.7796020507814,503.5301788697702,695.6486202285944,345.0630771958634,617.199177760574,295.7352718262283,546.5568275784938,390.37127070409895,509.5232830277372,451.7415500227292,428.33481889284326,436.3186223408461,361.5707725156684,451.69711604285465,,,,,,,661.3016506098147,493.4654055032621,,,704.9053360438586,484.66190224002935,671.7343139648438,417.5694885253906,608.7339477539062,417.294921875,632.0798034760469,478.1242984725776,,,,
labeled-data,Camera4_stitched,img154941.png,700.7913818359375,382.1887817382813,731.5599572972492,500.12978028724297,664.9799194335938,352.63720703125,583.6847577837374,294.5155159413898,499.8736411294673,379.00048199328,460.6842812338138,454.2970038194182,373.9137876738658,463.5348429417056,331.58920132952096,541.1393583112686,457.1243513342084,546.2243318247084,,,,,612.2234044563129,494.1944758551895,,,667.5040884504544,488.6082340844226,637.4612426757812,418.5701599121094,572.4346313476562,418.41314697265625,584.0427055207041,490.1065079086428,,,,
labeled-data,Camera4_stitched,img156827.png,758.9081938194586,406.4171750649891,773.7398722343512,538.749794555879,728.2446456934957,397.2690206168152,670.1376644737635,353.14188100827454,594.7804727810765,308.4228987325232,516.4228212729014,428.2319191794789,499.0831551984821,413.2154234491836,474.4743279190311,411.6361124604481,,,,,,,652.9951076773768,521.611988014387,,,708.5584946935255,535.4760959589134,687.3818182676252,473.2487827111522,615.9166123961506,405.7767862930162,618.9358181956229,491.9161736718994,,,,
labeled-data,Camera4_stitched,img156838.png,767.8225708007812,405.5864562988281,772.6015697673474,513.221711679671,730.2844917619802,376.1379427181505,642.8259938328308,301.4538599535248,548.5455694946136,373.093944074765,502.4363381465462,433.1414823885648,489.8300788622964,417.4990466613266,471.93650856056126,417.6855275742828,,,,,,,637.56394487323,509.853796752777,,,713.9467689704579,513.1983352148272,676.2087158517957,442.7229014965697,594.8805513028415,403.488661626984,614.2961849094755,489.4277149680572,,,,
labeled-data,Camera4_stitched,img159039.png,677.6930541992188,387.1580810546875,734.2940222213665,509.0836093777418,649.4705216683225,364.4298010812505,580.4688110351562,316.2731628417969,501.86305535009706,387.643798196826,485.0153140014402,466.7667217389154,455.13112694782654,461.7241483137456,450.9878688430273,447.06747815302856,,,,,,,627.5605793831742,504.1569682470959,,,672.0302792950472,499.18299587428544,639.799127443234,431.2305134423572,575.8823466334593,419.788525846643,602.9460029808674,491.4083422988653,,,,
labeled-data,Camera4_stitched,img17279.png,675.6925659179688,357.0324401855469,713.8635901055609,460.48670093494815,639.2745361328125,348.1869812011719,579.9027709960938,316.16748046875,533.6148071289062,384.6793823242188,534.1815111535556,492.7985722531244,635.2520366421683,429.02550036334696,737.7853889379908,379.262813341073,833.4991765952052,383.1811581460082,,,,,,,,,,,635.2568359375,392.3997192382813,577.0437622070312,414.9791564941406,,,,,,
labeled-data,Camera4_stitched,img17283.png,672.4815673828125,358.65576171875,,,638.7830810546875,349.1903686523437,580.5475463867188,313.924072265625,534.74755859375,385.2865905761719,554.0587014968387,493.7786352350861,644.5774189146789,460.56009995284455,686.8391367050167,440.3026872063966,,,,,,,,,,,,,634.0097045898438,398.2410278320313,577.4083251953125,417.879638671875,,,,,,
labeled-data,Camera4_stitched,img18084.png,794.950927734375,379.3338317871094,861.9045965614939,505.98170779657823,732.785888671875,329.0287170410156,639.3231811523438,315.1844482421875,562.2272477746928,403.1526748340152,511.538975271131,466.31314951687136,447.3264915889261,482.4738326806764,463.70488242371607,548.1291016373382,574.1885727514552,597.3959949965298,,,,,660.9012091070897,512.6332626168663,,,797.9740830956274,496.2030517867617,747.9214976204735,404.3793208233379,638.7457275390625,441.6952209472656,630.9094798582696,498.75679492239055,,,,
labeled-data,Camera4_stitched,img22072.png,675.2325439453125,353.6997375488281,701.3645629882812,509.1082153320313,639.586669921875,343.4652709960937,575.8602294921875,315.1690368652344,506.1822509765625,385.6744079589844,492.2393605242499,499.9980137238053,543.3212009580118,541.621299282117,702.7239431200953,568.608859567955,840.4165848977166,522.0156333896274,,,,,598.3248291015625,510.5836181640625,,,648.5822651157553,492.1344972633037,632.918308860832,414.4422538775362,585.3357957871534,416.53152526999776,590.8364868164062,480.5862731933594,,,,
labeled-data,Camera4_stitched,img23727.png,637.0062255859375,381.09716796875,,,614.0081787109375,348.3964538574219,600.0529664082288,283.9666217283233,526.2101573253731,366.4092562485709,,,520.8552864811229,423.20190404778737,497.5556965916777,428.8065346148533,467.1981340403487,447.78542821977055,,,,,580.3186281669507,496.41908812330325,,,548.7524814415292,531.285897512975,555.0539873054454,449.34476925602326,,,,,,,,
labeled-data,Camera4_stitched,img23733.png,675.120361328125,382.7904052734375,705.3230590820312,511.0835571289063,643.6867065429688,352.605224609375,587.6791818645877,311.4823322271504,528.885032282687,375.6566248026298,,,513.9600583783393,422.4994146859544,496.7460480259772,429.7564382936124,473.7955336632066,441.43573638624406,,,,,,,,,629.8501636046852,521.8495754286292,587.4215829482131,444.5179166953973,,,,,,,,
labeled-data,Camera4_stitched,img24136.png,702.8431396484375,357.254638671875,736.375625540788,482.7185372938046,666.4525146484375,346.7909851074219,576.9868774414062,292.3408203125,493.1374754979914,395.4333739354914,429.0268883890469,482.1232792604269,364.51651883471845,502.4165246833684,461.1849052979902,584.6662651608915,630.1231533543883,569.2697106009934,,,,,602.1342767069085,499.8621691040999,,,675.2163507736716,492.1514185506823,642.01220703125,419.3404541015625,573.6668701171875,421.6690673828125,576.3463755898592,503.8192341675384,,,,
labeled-data,Camera4_stitched,img24843.png,782.7816451166061,335.89548665243467,950.5651565525664,351.2349175463009,741.000839137809,369.8668732262991,686.9312279499585,349.8592069020808,630.9031400664026,333.84898693552384,,,,,,,,,,,,,604.2119785011541,497.4535374666759,,,761.1064095480863,544.2159641773608,749.5888674348721,465.1820371061436,601.9638859561462,407.9523782765697,601.0961922571245,473.3632532326201,,,,
labeled-data,Camera4_stitched,img25216.png,788.2511120754448,364.5053154316432,,,748.0193027052308,363.4802344196942,669.0268275168823,317.98377930851365,574.6165161132812,411.8694152832031,503.5781354844526,459.3984158569615,448.6904892435663,452.84372861860766,410.4953970879294,428.3154233586532,,,,,,,689.8413034823468,514.1112246087231,,,817.6380537355185,504.4184637525663,773.7477312147662,428.0998594319848,668.1085113716267,453.4904283774085,657.1689576885296,505.3658244317908,,,,
labeled-data,Camera4_stitched,img25253.png,791.7854884987133,367.3047881760834,,,755.5636197849238,351.6588604910172,668.6909890407289,316.8300697280042,577.3135375976562,411.1280212402344,506.7297698061136,458.602431012889,445.3559991483521,444.0741080370937,384.513046292147,426.6285233550656,,,,,,,689.3512428192815,512.9898482225399,,,826.0137110081445,474.5914255917066,777.2941088389989,434.61090413793534,672.3833093653664,442.5563912899074,649.2116347490621,494.90697650105415,,,,
labeled-data,Camera4_stitched,img25410.png,773.5535222368048,368.9731699993924,790.232240180012,480.3447650839386,718.1890472825644,336.3085745880961,662.2995830714104,290.6594850500941,574.2859724183796,395.7945158457517,518.0017146612511,461.78962902334456,444.47621562919846,459.2519384038795,357.5979659193946,449.2551559175544,,,,,,,683.4365589092372,515.6753376785184,,,744.2294658817391,493.2816218478406,709.0414375468379,426.0670306477481,647.0885456863309,432.7874319340297,657.9735341549322,508.075485220754,,,,
labeled-data,Camera4_stitched,img25413.png,765.5888671875,347.5819702148437,782.6244412286433,486.66374884532354,707.547607421875,322.5234375,640.8294163314802,290.7290278892474,573.9048253356316,405.1060939773097,519.4157392288157,464.8011867370262,436.55340965502535,462.6697910461769,356.72198347403975,456.69300574727527,,,,,,,668.8968633063593,509.3079480842599,,,743.841874592489,491.38038673558106,712.4719923011548,411.3617767814216,648.4404837707314,419.1024121955881,642.7349173644814,501.4996983687856,,,,
labeled-data,Camera4_stitched,img25561.png,771.2928466796875,349.9241027832031,,,731.0466918945312,325.0748291015625,640.850341796875,300.14014969236905,576.5199727883258,406.3973139927622,521.4231608838999,461.57673155545285,446.1468501713756,464.6056992100836,383.6512717043271,475.2493284280952,292.9067295100133,491.6815297478578,,,,,675.0508779374766,502.1825478611065,,,776.2276178292541,485.6543924133532,729.6516910023174,411.1188214443174,650.8634747195154,428.64844786404666,643.8822120979222,497.98195183447206,,,,
labeled-data,Camera4_stitched,img26749.png,672.9907836914062,354.7037353515625,695.3822064613161,483.6366698597783,640.6832885742188,342.7201538085937,578.59912109375,288.7476806640625,478.2706909179688,379.1335144042969,429.4467061010091,465.358701651924,331.72086033202646,483.9237478344346,245.89885065843063,536.8843982116667,346.31468313532605,582.2117237227524,,,,,582.8599620748771,491.00531523066,,,648.4010740717002,475.659904948761,630.288818359375,412.3741760253906,546.7713623046875,414.81256103515625,550.5253731674859,484.00677903999673,,,,
labeled-data,Camera4_stitched,img29076.png,768.5443115234375,352.3917541503906,,,729.8385009765625,323.3099365234375,641.182373046875,286.74127197265625,572.9301226038567,390.0900411673093,555.4245956976253,430.0973103713318,507.8450222295297,417.5242176573753,436.98545949088896,435.8208750393651,,,,,,,639.3452782031701,493.01369658191845,,,743.0292305770415,495.64272594150793,705.9024047851562,416.62109375,641.13037109375,415.6042785644531,612.8565673828125,481.85888671875,,,,
labeled-data,Camera4_stitched,img33985.png,770.0541381835938,329.1667175292969,,,731.7054443359375,323.2607421875,641.6570434570312,303.30859213372497,577.284578006492,392.68577494869845,529.1234612646041,438.3806537891018,449.41731432740687,446.6963719022177,474.5690226914003,420.0218008315367,,,,,,,670.2001310190072,493.00934368168,,,830.9365357465518,476.3712781206219,779.208614206326,405.2756697524711,649.1608124471412,402.543950173376,643.8107088811679,481.0172232649827,,,,
labeled-data,Camera4_stitched,img36248.png,732.306640625,353.1688232421875,775.6792647417195,485.5081731011711,671.5882568359375,344.2942199707031,578.947265625,315.93817138671875,503.6912753230852,393.84515772646967,457.5806021531327,530.8828318898452,438.3203698040994,590.2615923449442,519.9780244126923,595.6078848388515,771.9972433177516,594.5990931735167,,,,,634.6288452148438,512.8472900390625,,,716.6342526529091,493.97661563651536,666.0579440322681,418.4287721446592,589.6919274055327,442.1670962594999,587.0228625690874,516.141844444036,,,,
labeled-data,Camera4_stitched,img37393.png,773.8806620167275,372.21335087850497,,,739.5438842773438,356.0432434082031,642.6804292932843,296.2057664541071,578.2142944335938,411.1505432128906,514.8089599609375,485.7708589792675,419.8937479397862,488.1777481535838,308.7446958622271,506.5908235150282,,,,,,,717.2435864081082,517.5436915642904,,,740.1468721057004,491.0801147269988,730.4400088464627,415.5422973632813,663.7531004670914,413.14494151498167,674.6611722113093,512.5619998771082,,,,
labeled-data,Camera4_stitched,img37583.png,771.0982055664062,357.4502868652344,854.3313241444592,501.4925162680071,732.7221069335938,349.4444274902344,641.4002075195312,315.4027404785156,573.3216468803989,420.220970895688,522.3132758713771,463.06682858504695,442.3622830914072,469.7788176438937,364.3289981071081,479.8982150841261,331.5142588072224,490.26480490717097,,,,,693.3419774073025,501.6920344445333,,,768.8609214277402,510.8822809025255,731.4912127833452,426.1997477621105,660.8950272948106,437.6216073804648,658.8755917366419,499.1067626482554,,,,
labeled-data,Camera4_stitched,img37993.png,770.4189453125,356.6444702148437,826.3263066915127,489.7189320061792,732.5403442382812,348.9664611816406,640.5308566399369,311.9514090772148,574.8656458015494,407.7246402787713,518.4019061209472,469.3432672964227,446.2633972167969,476.5463562011719,353.16548858221574,488.6829821358394,,,,,,,709.6871622195497,504.0686254543058,,,762.1379344896905,486.61859046807416,732.8013916015625,398.0675659179688,647.6203288083992,422.2781982421875,659.9670330070344,500.7216032904125,,,,
labeled-data,Camera4_stitched,img38859.png,765.1600952148438,355.9374084472656,829.2164270736648,489.399270957285,731.2397705528999,345.72741616306376,636.6816030305515,303.8827366178465,559.4850588235746,425.63059414790746,516.6549087340602,472.38982175348383,427.91559892214,488.3087275034195,331.0970805338842,494.04054354935016,,,,,,,694.5972263842854,501.1873673772037,,,743.6384642260525,492.6681072185807,704.5697021484375,419.40179443359375,645.9776675396777,417.55196728992826,660.6644238300701,497.6390603122783,,,,
labeled-data,Camera4_stitched,img40473.png,672.80224609375,356.6382751464844,,,642.189697265625,344.45928955078125,579.762939453125,288.8788757324219,487.611659139698,374.20596696271815,421.0997890778706,417.571519486216,314.15263776099846,402.7998931567113,282.52485502573967,491.0231295595337,363.314931942648,530.4865625892273,,,,,578.4392237609414,481.36709988768325,,,648.0978037244085,475.7288805167381,630.9188232421875,412.5740356445313,546.5230712890625,410.9224243164063,543.8906860351562,475.9919738769531,,,,
labeled-data,Camera4_stitched,img42005.png,667.75732421875,377.4150085449219,702.2759424700712,494.1200667596058,632.876220703125,349.7818603515625,544.3667993746166,289.89907231270683,451.7928161621094,358.9100952148437,398.79357488712094,447.12735812289714,273.6342528687061,471.4212638055492,251.24286286190764,556.9332986091276,376.8789456890635,582.4781000995919,,,,,562.2419267408612,507.62484346820304,,,622.4313661575812,483.9533562752333,597.5974644138302,416.33648972664,540.8630981445312,416.7388000488281,518.0563354492188,479.7223205566406,,,,
labeled-data,Camera4_stitched,img4441.png,,,,,492.7981916966612,329.9293636510848,568.5404487709839,337.80622375534927,643.5979778838116,391.0379840602432,699.6309481913352,438.1659395755104,808.1412292827538,432.3589404082504,837.2927236117789,530.4868247397046,728.4635203534409,579.057305128374,586.3305916923505,423.0026303945207,535.9298106696242,498.7561442370713,,,450.3342247089202,381.2431013471396,,,,,,,,,582.8015942711257,484.4824429114661,443.48522684329816,459.9827414208195
labeled-data,Camera4_stitched,img45288.png,697.485107421875,355.97222900390625,723.4052891982367,482.0263275999587,646.0660400390625,345.56219482421875,580.1383666992188,289.88507080078125,480.4381713867188,380.48388671875,448.1218211971325,479.6603760914748,355.215388600788,507.7169182761886,252.6254694005288,530.5831833612929,217.6629996431949,595.094085758797,,,,,585.1686252585599,494.4228543869581,,,680.6931983113169,487.8244754301958,638.5608520507812,414.5877075195313,573.9312744140625,416.8111267089844,562.3583971355631,486.1799885493864,,,,
labeled-data,Camera4_stitched,img45975.png,675.2935791015625,353.94293212890625,699.3348206067498,491.2314200465819,641.1766357421875,342.5404357910156,578.1343994140625,288.88800048828125,479.818593235593,385.87211496005455,412.32053399331903,454.9105578629229,322.66310127243435,468.3440405282551,264.5541474172908,534.590177403918,356.61019396069446,569.4025669952666,,,,,578.28515625,509.3500671386719,,,641.2175903320312,484.69970703125,612.5457153320312,415.3118286132813,570.6385498046875,415.9711608886719,547.7535400390625,480.3481750488281,,,,
labeled-data,Camera4_stitched,img47034.png,734.8471033123197,360.2858934611571,741.3901423577955,468.4201602108553,696.7795420968014,335.1214319754353,606.4384759824655,282.4685363769531,538.446533203125,381.6216735839844,472.2460084992077,433.2236603448313,411.3889868351428,420.7769844210391,,,,,,,,,621.0835822890625,488.9884709567423,,,688.3011984609337,478.75191655406593,642.8284912109375,391.5989990234375,596.3450566159659,399.4782781580634,587.8564403306206,480.3416823869106,,,,
labeled-data,Camera4_stitched,img48903.png,703.5216674804688,357.3720397949219,729.724629582347,486.52389039244326,669.5206298828125,345.8070983886719,605.6560668945312,289.2601623535156,518.8942558118285,388.5607733969975,471.6551555668855,442.03064358814606,428.95284796202486,449.6966507738828,394.881203207766,443.3875253261042,,,,,,,620.5369499875171,485.37225315797934,,,688.0950704389929,483.8055330835625,640.0675659179688,416.9118957519531,574.970947265625,413.8681640625,592.2644398339867,475.93297339923765,,,,
labeled-data,Camera4_stitched,img49677.png,770.78564453125,356.193603515625,,,732.6654052734375,326.0860595703125,679.6994670993151,313.30938073832294,586.9919982042047,383.8101827684076,540.6490461735216,418.4885524526196,474.20091745279,409.6730022733465,405.9128863644622,429.4524335906272,371.30521605423326,446.37094274064873,,,,,700.839599609375,515.0029907226562,,,751.7743645374262,532.9849609640385,711.6361787166622,429.01016903455735,645.949543331906,417.8608574239116,673.0472229183395,494.24012468534056,,,,
labeled-data,Camera4_stitched,img49688.png,,,,,515.2473487045775,386.7366662079629,647.9598820053204,349.2002668402881,768.0564846358068,446.9683438015844,811.6371174024285,479.7319492035343,849.7783816143163,452.5068518958163,,,,,665.4979322185584,492.0476765394018,645.4779693608061,569.9717411157903,,,520.9253346867688,457.3897304261266,,,,,,,,,674.6832248843576,564.4435323089056,567.5082186123659,519.8851359125725
labeled-data,Camera4_stitched,img52976.png,676.1156005859375,359.48980712890625,,,641.0653686523438,349.377685546875,552.4113190467956,308.65581554634014,456.006883876137,368.7194488983702,391.30930611359,438.18779677250217,296.7987158098685,450.3083281095768,248.90957620350417,540.1382370526396,,,,,,,536.9677300209713,496.6756071037733,,,663.053466796875,479.1443786621094,633.2696533203125,395.3723754882813,541.4290771484375,414.2825317382813,512.5803325248141,492.9370035793434,,,,
labeled-data,Camera4_stitched,img53245.png,622.242354119034,368.4117551956249,634.7993500119271,475.1302154177604,600.7610473632812,344.8044128417969,522.6211334222155,285.2875878010096,445.4490356445313,353.04803466796875,370.0850725124824,448.1286160333812,277.6542013978956,496.5288303734494,250.6034650595604,577.7383604685906,,,,,,,523.0416332364623,501.7478450055808,,,588.6095785801709,476.7066600499838,569.8914184570312,414.7357177734375,505.1603758447536,414.6819376920512,493.3798518555591,494.3951379865604,,,,
labeled-data,Camera4_stitched,img53498.png,641.248862473903,371.91778862977816,662.8233032226562,476.4566345214844,607.1649169921875,355.9739685058594,521.4419815418148,293.2802365107313,431.1268540386136,371.04094893960473,365.1700951110329,456.4806938168621,280.7741223192237,499.7124796331464,240.54894214884217,580.3080373030309,,,,,,,541.65185546875,479.3950805664063,,,611.6807372286215,480.092904562678,577.715087890625,413.1275634765625,513.357666015625,416.634521484375,511.6174011230469,476.1988525390625,,,,
labeled-data,Camera4_stitched,img5472.png,327.2114822076936,450.6550465661959,,,390.39007603877445,399.4302241782861,456.887583354857,371.5404217383559,526.7193995022715,348.2124492491862,649.9241589144267,415.1499815180841,693.4024388257569,389.2411451412186,727.3271239482458,374.0672985954117,683.7825387231541,416.5468408117687,569.6236235187419,462.3822665166439,547.9575077712448,541.9727284739315,,,432.6596850557948,514.9512487277605,,,,,,,,,574.028466329933,523.6679674175675,393.9364960603742,586.199312874582
labeled-data,Camera4_stitched,img55430.png,708.5300903320312,348.50146484375,725.1274737371549,488.0702045686771,675.1192016601562,316.980712890625,610.6957397460938,283.4664001464844,537.0755204152938,383.29551739215736,508.97443136213866,461.6217069307888,446.5844583876901,462.2535366439909,450.286737100259,429.2242315642345,,,,,,,643.8922631329731,503.98526372204674,,,685.9443182982089,483.7295812217179,666.3506469726562,391.6898193359375,605.5006713867188,394.976318359375,617.3031698009243,492.6330954009728,,,,
labeled-data,Camera4_stitched,img55435.png,731.5624389648438,347.8033752441406,738.3640910776484,465.3269535226907,695.4927978515625,317.9566650390625,610.7847290039062,284.1540222167969,536.4989919288104,385.9365127477906,486.7994913176632,471.104015908531,447.7424562227914,463.8913362801224,450.3141280157976,430.8632686435535,450.295809274867,419.4475482143434,,,,,643.0039632181303,497.142710205852,,,695.1302633477036,488.72509399295,668.516357421875,389.97796630859375,606.3350219726562,394.5701904296875,611.0779717616829,494.15225016375257,,,,
labeled-data,Camera4_stitched,img55774.png,640.5951538085938,389.4328201140046,665.2588262792059,499.3315871497275,607.9885348833034,357.03270880069056,517.5217197540451,290.4092946741939,451.5081224599056,384.6589240146535,412.8223961122493,432.9728876239835,333.3209114719068,456.7455618083327,267.4909090765556,521.555778468271,322.99827578026725,570.7070618853829,,,,,520.537328155719,492.5341604409912,,,603.2161566440153,490.29692284961936,576.59716796875,418.8189697265625,499.5536203486912,408.4312194917944,480.2886932061513,471.42923643545583,,,,
labeled-data,Camera4_stitched,img55800.png,641.4432983398438,386.4429016113281,666.5901440264138,493.1675558251343,609.2854614257812,360.6077880859375,522.5355135581938,290.0989471906365,449.20512456323377,357.6485652723552,420.3380764214646,437.8679670437401,354.6677150743934,450.8149058702604,281.8107112305564,500.1066319308568,319.0784551731069,566.7530617946354,,,,,507.61055744402086,490.1760698736184,,,605.5223946261018,497.4204855218843,577.0213623046875,417.5317993164063,506.2130749752466,412.9252895259921,484.4181956768357,475.8194744627835,,,,
labeled-data,Camera4_stitched,img56088.png,738.7150222733354,350.98688917348727,758.9778987863642,497.2038374908446,696.9635009765625,321.93438720703125,612.7183227539062,285.0629577636719,542.8536983437594,381.7530410785967,499.7520138002146,430.1019301774716,441.2677229935107,423.4744013116832,385.3992206645247,454.73688922721465,,,,,,,647.612466434537,482.57894897460943,,,709.2517549139454,485.74949445351433,675.7579371166714,418.0570755904737,605.1392822265625,393.7308044433594,622.0047765141214,480.5464554732862,,,,
labeled-data,Camera4_stitched,img56561.png,795.982177734375,384.8023376464844,821.825696156419,489.49927563764766,742.2368774414062,357.9198303222656,654.3908495005538,294.5339451591436,578.8756713867188,410.5353088378906,524.2346730185214,474.5483585772855,476.8405936401721,477.10487684873806,421.4398650834667,438.38624681849865,,,,,,,697.7284464149694,508.481353644414,,,754.8482172976569,490.9426484644106,739.2733154296875,419.15521240234375,664.132938958107,400.43475886788497,667.9801447302154,501.774137510757,,,,
labeled-data,Camera4_stitched,img58287.png,767.7529907226562,351.7888488769531,,,729.3106079101562,323.33380126953125,639.7633056640625,288.3263854980469,550.25537109375,384.8067626953125,506.7659455787599,428.7635346324122,429.2155744513626,451.86131656677696,341.2453821810199,513.493057995881,,,,,,,616.9268709918716,496.39550964836405,,,765.5329741475263,488.2931254023563,729.5922241210938,396.1907348632813,639.1936645507812,395.3503112792969,593.646514950254,479.2682306677155,,,,
labeled-data,Camera4_stitched,img60663.png,764.0225219726562,354.99072265625,,,706.2199096679688,345.26129150390625,636.209228515625,290.3155517578125,545.816162109375,386.21185302734375,529.972795822373,463.3187266383746,396.2955634755358,484.4579046018763,392.9575417217643,450.2234361361389,369.2878527683371,431.8359415622207,,,,,657.4648209129987,500.56471380696286,,,769.0557763485648,491.1395398270197,705.3035278320312,418.74017333984375,636.9458618164062,417.5535278320313,636.485291844014,496.79841902460254,,,,
labeled-data,Camera4_stitched,img60891.png,739.7742919921875,358.2581481933594,791.1113891601562,514.0799560546875,703.0380859375,348.5047302246094,637.375305590343,300.3076323662892,557.5154194954257,392.9956148196546,518.1461418434508,459.4708681807634,420.0152375056318,485.6816117819445,389.9854773094828,464.4920763383576,375.9907524249869,434.65805651777725,,,,,649.7540483024044,500.62972834007326,,,730.689727528641,525.0135883589409,689.0472619390306,448.9888054381323,605.2232055664062,418.5086669921875,629.777809679995,492.8019035622008,,,,
labeled-data,Camera4_stitched,img60895.png,739.51025390625,358.1998596191406,789.2520141601562,511.80511474609375,703.3071899414062,348.0378723144531,640.4457980441155,295.1074533318657,553.5471081920866,399.7406356384972,512.2237677437352,455.06086331312633,400.6519050487557,487.2484484715503,397.1961011853992,448.0318569857025,370.8825329496614,432.95872875512384,,,,,651.3565186153128,503.0979195601115,,,742.0449275995669,518.3040780680024,696.503173828125,442.0611267089844,607.3928833007812,418.1188354492188,629.5906442604244,495.7003418170835,,,,
labeled-data,Camera4_stitched,img66568.png,641.6439208984375,357.0952453613281,667.5380859375,481.3929748535156,609.85009765625,346.057373046875,548.956298828125,289.7014465332031,450.2716369628906,380.3471984863281,398.9951338223249,475.6966594590968,283.54994996031786,509.6689533137679,240.86955928415148,540.3217168403622,,,,,,,551.2113806408175,505.179565005731,,,620.0737515374486,488.7337279020644,599.7453002929688,415.86907958984375,538.241943359375,419.0113830566406,520.7685095470675,494.5757885513751,,,,
labeled-data,Camera4_stitched,img66735.png,641.2129516601562,357.4522705078125,663.9226751074075,483.6467815842261,611.177978515625,345.4478454589844,526.6211383626594,295.00667983672133,451.9251098632813,381.4915771484375,418.6553909912423,482.9253741210812,340.69525132658293,506.69349216576654,253.1330323704601,524.3987377956307,,,,,,,551.4065767190071,503.687541960176,,,623.3865120883507,489.5618075133947,598.743896484375,417.7966918945313,538.86376953125,419.6940612792969,521.62301186427,493.7477123079165,,,,
labeled-data,Camera4_stitched,img71718.png,673.004638671875,353.4192199707031,673.4696044921875,478.3016052246094,641.5001220703125,321.2833557128906,579.4636840820312,287.6224365234375,483.115234375,355.02642822265625,435.0675494718587,443.57162005739787,364.9318213438686,439.10354376494666,319.4581134008279,469.59959763034107,,,,,,,572.1478271484375,482.9954528808594,,,617.8215064762331,477.59419277564615,608.2807006835938,415.34716796875,544.8583984375,412.2150573730469,561.296031705152,468.82893199953867,,,,
labeled-data,Camera4_stitched,img73297.png,611.7592163085938,379.71978759765625,637.7393257129398,480.7469314551764,577.2338256835938,351.8204345703125,506.00337603588366,284.13011744673736,425.9117736816406,333.0614929199219,382.5603148220917,471.6530699679912,304.8335249675439,478.20078084852713,270.9718487414168,518.80635387908,389.25642812494993,558.4370197482083,,,,,538.5908447792626,503.7155737036294,,,585.9827291432998,489.98043383585457,568.67041015625,414.3833923339844,507.34515380859375,418.0289306640625,504.7508874780113,504.2332983657044,,,,
labeled-data,Camera4_stitched,img76657.png,670.0181274414062,351.39337158203125,668.5666094542282,468.0364839937648,639.3720092773438,318.5511779785156,565.0443023017294,274.63353994158206,493.4795156436898,357.2520000680438,447.12034220305645,464.2753880016295,420.7736003062676,458.7945185880578,409.9510646827394,435.039206355607,,,,,,,600.8421487580965,486.81864425158005,,,635.0457763671875,477.8089294433594,609.7703247070312,393.8159484863281,551.8742956098853,407.5888550703714,572.7515687887184,467.4997481268159,,,,
labeled-data,Camera4_stitched,img76663.png,671.869873046875,353.41265869140625,689.0076570461852,459.6921304668911,639.5103759765625,341.1035461425781,573.5487097244147,272.84129471643814,494.6997046690942,362.6719025016366,457.1382203961984,464.1246318277053,419.3849138893776,452.1625251059377,417.3187539943469,428.2218397626567,,,,,,,605.97754193063,489.0574509752846,,,658.7487714813927,464.827778932528,630.560302734375,393.779052734375,563.6456848860856,401.8274460208396,582.0738917300612,478.247962360281,,,,
labeled-data,Camera4_stitched,img80247.png,721.494376448393,384.0231472597515,746.7987270251913,518.9785327285526,673.328857421875,347.24224853515625,613.0568278890846,296.10857785344155,513.9698486328125,362.6004943847656,507.5056578159266,433.1087787395616,455.2901192071917,420.9574920445048,429.76564912794686,410.5057252605001,,,,,,,619.4237222372619,511.24695095725775,,,676.4676287969712,516.0763324641586,641.2597045898438,421.55224609375,577.3899536132812,416.6997985839844,592.6094087766071,500.1346610408734,,,,
labeled-data,Camera4_stitched,img80268.png,729.701229141412,364.21366449381134,735.0515747070312,510.5540771484375,672.7307739257812,323.7899475097656,608.8599243164062,287.09259033203125,531.538347037474,366.240727932492,501.4432022646163,434.0508584815064,460.6150708670013,419.3890041672396,429.4097787420799,416.3710281738506,,,,,,,616.6949534496766,507.6103489243791,,,671.4084284063385,493.432052390635,640.4235355061408,422.013731340541,597.0173901201638,416.5562126251573,584.7505564770203,489.72153463709776,,,,
labeled-data,Camera4_stitched,img80271.png,733.9401245117188,354.989013671875,734.2529907226562,510.5074157714844,674.3218994140625,324.8054504394531,608.9706420898438,287.80926513671875,530.8257604542162,369.0955334276174,505.8952905258324,433.0409924724485,466.2245507192824,426.1321802422831,436.34386712250966,415.760619059716,,,,,,,609.5325317382812,510.6195983886719,,,679.4871180756038,501.504057272638,626.1980863579141,415.04752937285,600.3345947265625,417.8135986328125,577.5662231445312,483.4410705566406,,,,
labeled-data,Camera4_stitched,img8036.png,409.4558123903778,438.5881516950831,376.5230755097561,587.0188485093518,449.4343472302878,398.1435490162811,502.99648803882144,367.2806839909493,592.278982191449,333.2178873939599,,,,,,,,,614.911512785741,395.5915945927343,640.144977419349,469.1310181436973,,,539.5117869339816,474.2713370982686,,,,,,,,,628.5341975543436,460.9964547283977,554.446434245141,535.4537792919643
labeled-data,Camera4_stitched,img82456.png,743.9522467352036,368.4017044844935,,,701.517333984375,348.8738098144531,612.4360961914062,315.0595703125,538.562295742727,409.51201814172185,501.7250944982679,500.1850223990879,402.30330225128864,522.412939191835,291.7162542461693,540.0601375739886,,,,,,,662.9451293945312,514.9096069335938,,,754.3097516901757,515.2580061879333,700.6033325195312,424.045654296875,633.5631713867188,443.7063293457031,628.3826703874258,510.6193394654086,,,,
labeled-data,Camera4_stitched,img85231.png,794.5026245117188,386.805419921875,,,764.5870361328125,380.58245849609375,642.3337215034412,301.344012090208,577.1141357421875,413.3526611328125,511.6572647891768,450.15380522687406,429.3462246341741,476.0518419796764,269.1720899266585,554.1410519225531,,,,,,,659.3739978061035,521.2813000670285,,,754.6092313122757,504.8469264486779,724.6457923103831,421.5731513467789,641.9479978311812,417.9863254099298,615.6724188862659,503.4762788290866,,,,
labeled-data,Camera4_stitched,img85716.png,711.12548828125,382.0616149902344,778.5047478001758,533.9472092792463,697.54638671875,351.1543273925781,617.7557029912919,301.0221753262196,538.7897046369118,401.5081659424384,498.59998935055256,463.56750071719785,423.0799146703378,469.3518090856628,315.17665702306635,526.6793858558771,,,,,,,650.9866619166319,519.3039616887773,,,710.547945781412,504.09247023744126,670.9012451171875,444.6782836914063,605.9945678710938,421.3170776367188,614.8036762543072,504.07850551886287,,,,
labeled-data,Camera4_stitched,img85722.png,741.4777854377589,366.053038759234,746.500026987558,500.3323014590776,677.1065063476562,345.1175231933594,610.1284790039062,288.3558654785156,538.9536832146575,386.9766067689249,497.56093430129454,464.248085518126,419.41817229812216,471.8397004643306,319.07095064706044,529.0307797728203,256.0141864063409,551.3737694442818,,,,,651.7522234452432,520.1822274078588,,,695.0612054294775,499.0908531834249,674.1043701171875,419.591796875,609.41943359375,419.7828063964844,611.7415478075327,504.0900620797404,,,,
labeled-data,Camera4_stitched,img85994.png,737.4315185546875,354.3442687988281,,,699.8675537109375,345.15020751953125,612.0225219726562,288.7874450683594,543.5767997917458,388.98220506289147,506.9661011526781,463.1384640416315,438.4337373591507,463.0534825460349,342.8779799278931,501.0409173018456,,,,,,,644.6525348734826,517.2606347623441,,,724.2851952356147,509.4876947709831,692.4962549121342,433.27545062367744,610.3493041992188,420.42572021484375,614.3484630431199,503.9936750887233,,,,
labeled-data,Camera4_stitched,img86966.png,705.8641357421875,348.6470031738281,718.3689032673248,492.04670383229495,671.9971313476562,318.8492431640625,606.2765502929688,286.6763000488281,515.7982747154094,382.4788775562244,487.1197033401319,473.9263190329682,438.8072422306074,454.6145962933424,397.6800544570525,454.9623483757899,,,,,,,625.4402955241632,511.23901795158815,,,688.7444885196383,507.2503308070956,664.1289672851562,414.22406005859375,603.2205810546875,417.5222473144531,599.9953873794612,507.71178064527817,,,,
labeled-data,Camera4_stitched,img94060.png,739.0078735351562,356.7823181152344,783.5747365095388,525.7957071007822,701.098876953125,347.3583984375,612.5425415039062,314.63873291015625,533.8671828487177,395.7690377979387,484.5538200982036,485.6034250759478,390.97224428446,496.6970244954218,307.05784727657306,515.086664038042,360.6951735929992,483.9646706089882,,,,,654.3075530596486,534.6582928593829,,,715.3288681526587,531.3788410779587,684.1128480991669,453.1387186943426,608.14794921875,445.9330139160156,620.3666751708058,518.2119642365046,,,,
labeled-data,Camera4_stitched,img9489.png,798.0594622945284,381.3520448759567,,,737.805178583443,371.79732685837854,645.056418984671,330.83373010510417,554.1861852891318,422.0134179521245,498.27563402068256,474.853718102008,407.7092317079679,455.0941329381926,315.7552009826274,430.208148718236,350.7345200690941,450.3299237161891,,,,,691.7824999365212,529.9079065228574,,,830.8395285274728,535.2065832685785,774.2765342409481,445.32926631207965,648.4214074540778,442.0382519712618,657.672116647831,520.6735180392009,,,,
labeled-data,Camera4_stitched,img9493.png,780.9243186319358,371.2499171360011,,,735.4481898838809,355.9288635253906,646.668827607956,336.5533228977198,561.2680926008612,425.5230298998647,500.9937111532203,474.6993015711973,404.1249606224798,460.4005039209737,315.49165538985795,434.5828180299735,,,,,,,694.4448713461636,528.3534923407694,,,860.9818016286605,497.8787706385485,800.9785593411355,449.8737502299157,666.4707006397979,428.8997210283308,663.13976760841,514.6334756027117,,,800.5697657941038,501.40585707995126
labeled-data,Camera4_stitched,img9498.png,776.4511913240032,364.9271972340428,,,731.8512573242188,355.2313232421875,649.4017272452251,340.69273831398675,574.2101440429688,416.942138671875,502.9642891323703,473.2804784967035,435.8466676573898,469.5862493367858,310.8499539737504,428.8488219001508,,,,,,,687.8869486867902,528.664297318486,,,840.9711202078707,501.6929520623276,803.0770178584427,420.0857371659007,665.9415283203125,448.0915222167969,661.9933915078632,520.7248490154477,,,,
labeled-data,Camera4_stitched,img97581.png,802.4826601928464,359.1072295080829,,,753.697361106616,349.2791152772351,677.7741594348975,315.5189245822132,584.7371269713354,415.5544780225718,515.3413081791882,459.32117445430106,445.7835048242865,438.4720893619957,375.5814699112997,440.69966257856834,,,,,,,714.2299642630124,526.6012830365106,,,802.8748691955195,503.808728869555,755.151004274145,429.5823611205808,701.038621083153,413.91941699236304,680.379796065052,514.0354323118886,,,,
labeled-data,Camera4_stitched,img98228.png,736.09375,381.9985961914063,763.3035798458403,518.0244131420262,699.3406982421875,353.7033996582031,611.8053857323581,311.3180900456237,544.0329015735726,433.69506499351166,487.3023105722714,482.1773881151912,429.34114685753406,491.3631648846477,357.94287286177166,501.2895994863817,,,,,,,669.7029573549335,518.8205041466772,,,705.0056762695312,510.590576171875,675.2686157226562,444.2265930175781,632.5498046875,444.8571166992188,618.6929513709729,501.37491735923686,,,,
labeled-data,Camera4_stitched,img98716.png,734.3666381835938,380.969482421875,765.8301083825887,509.22970597599465,696.9807739257812,353.1164245605469,612.6729736328125,316.9325256347656,536.5356673321525,406.85414629009387,488.8141199190118,488.1174135599029,387.883731438401,506.38766495492166,344.50752275757003,505.9268173494086,,,,,,,654.3129496999018,515.459882840318,,,711.4418009192316,502.4123137028431,674.3612670898438,444.9655151367188,609.5596313476562,444.11431884765625,619.6055695166838,503.5153510127817,,,,
labeled-data,RAT 11 FR1 10-02-25,img00100.png,986.6807633096026,402.1406602290978,,,916.3986520306984,371.4697169661977,779.43359375,312.30859375,635.52734375,416.640625,568.37109375,486.1953125,487.3631758009789,451.12646194839226,414.3507591673832,378.06374480730045,,,,,,,,,,,1104.7129450467023,468.35231493549946,975.8877945596024,458.4679975645005,709.2626496479807,491.4576777937803,,,,,921.6318807629,631.4101210209022
labeled-data,RAT 11 FR1 10-02-25,img00270.png,907.7728101440777,399.5415470757845,,,861.6018868973051,384.8507987699932,724.1384563216867,314.5450747351349,585.625686581369,468.7979319459433,538.4054241698971,555.8930826159915,414.5834027353706,574.7811875805801,230.9490489129797,587.3732575569726,324.9602987473711,517.4813348575078,,,,,725.1648103183817,656.7701246076405,,,909.7725795513204,630.7206812458746,849.3455739082212,523.9511599967902,735.7609768347274,538.0356500339036,686.6924308989779,629.8120044692868,,,,
labeled-data,RAT 11 FR1 10-02-25,img00814.png,,,,,,,755.5499937278246,360.9679270758459,638.084347910021,528.6543924824205,564.8811193568972,646.120038300224,439.7546705509761,624.8400299998973,308.66981942096345,594.1968180474267,,,,,,,867.9653782007596,704.8323527050326,,,1019.726335612069,425.0731568934782,919.0373981215436,394.1442315202624,842.4293682403675,563.5330975908631,799.869351639714,677.5939420806144,,,981.2307192806558,539.9354737943843
labeled-data,RAT 11 FR1 10-02-25,img01434.png,,,,,,,758.1605353710738,395.8466321842885,661.9748978535969,578.0035032350853,557.2772570159893,708.2371540330848,,,,,,,,,,,829.4068652267495,715.2754297219594,,,1020.3765624652592,470.1382596429352,943.5505919291204,435.13594757119847,828.9318180705113,607.064108359112,,,,,,
labeled-data,RAT 11 FR1 10-02-25,img01441.png,,,,,,,758.1605353710738,395.8466321842885,661.9748978535969,578.0035032350853,555.8963079333555,706.856204950451,,,,,,,,,,,828.6697671222628,711.9584882517688,,,,,912.4792375698588,418.5645585795924,828.9318180705113,607.064108359112,,,,,969.4169163302096,541.5742428303297
labeled-data,RAT 11 FR1 10-02-25,img01647.png,,,,,924.63164786219,312.6493950363184,787.5883944080861,356.9118123009979,663.3131459341781,545.8782860078992,586.7051160530018,702.4991470983039,,,,,,,,,,,829.0438947978555,714.9248312400096,,,,,1013.143084344678,375.1914082153356,827.4054327304259,601.667057767286,,,,,,
labeled-data,RAT 11 FR1 10-02-25,img01894.png,,,,,,,811.8107252549996,359.2040138878266,763.2923063302547,566.8968948990155,666.1459785175375,711.964381797404,,,,,,,,,,,917.4256085507938,698.6461225046653,,,,,,,919.4970321747444,565.3845360304995,863.1142677071821,688.7044810966981,,,,
labeled-data,RAT 11 FR1 10-02-25,img02216.png,933.9473864226316,406.661213075372,,,882.4980229931604,378.64702594997664,798.2601289524961,315.8138426901368,649.1176280280408,445.6230564577181,599.4034610532223,507.7657651762411,455.6192389567988,548.8392547646224,263.83281290158754,614.0988445390471,,,,,,,786.4402277842503,595.2415229556004,,,925.013436213913,646.5817608328196,863.6777537942263,517.0953201690364,767.8123538641972,522.0930424402702,739.6433737899708,592.5154926258365,,,,
labeled-data,RAT 11 FR1 10-02-25,img02603.png,,,,,,,850.8632023710726,357.65808960319384,704.4567452648248,613.8693895391275,,,,,,,,,,,,,932.9014095140976,714.6038767561582,,,,,,,924.723318524806,588.752143198727,885.6502171315243,710.0604928732184,,,,
labeled-data,RAT 11 FR1 10-02-25,img02800.png,881.139173107019,369.1465572032095,,,843.0525519272716,354.0239282053685,726.5522989068677,287.37234114081053,615.6530195893677,445.3197995627044,597.1698063697844,538.8560604012016,557.4028930791658,642.4740739049264,461.4267107844831,712.8696744020173,,,,,,,795.5665574529248,591.8122514489332,,,862.1167051920531,531.5577094608514,821.1593619540247,456.519073309427,764.7544990010884,498.4165605713395,737.9485340917438,578.3801169110793,,,,
labeled-data,RAT 11 FR1 10-02-25,img02950.png,964.0493304246676,307.78584456902547,,,912.9773105038832,328.2146525373391,775.0828567177662,306.9346442370124,661.0220122280149,460.1507039993649,604.8427903151523,531.6515318884626,440.7378311340688,587.6870030439233,276.2794621581078,670.3971860065928,,,,,831.287758230854,594.259914662825,751.5918716452426,620.1726505207666,,,1119.9246833629568,473.8504222778537,987.137431568918,472.1480216138276,771.0903469850766,535.1741537066698,727.7413340689152,600.3471524357952,,,,
labeled-data,RAT 11 FR1 10-02-25,img03184.png,943.462890625,342.79296875,,,879.41015625,339.1328125,731.173828125,320.83203125,595.748046875,491.029296875,555.486328125,631.9453125,366.98828125,679.52734375,178.490234375,703.318359375,,,,,,,778.755859375,681.357421875,,,1005.685546875,531.291015625,919.671875,494.689453125,729.34375,553.251953125,729.34375,642.92578125,,,,
labeled-data,RAT 11 FR1 10-02-25,img03669.png,,,,,,,777.8860536119421,369.06675352583136,674.0396131063477,574.206033540981,,,,,,,,,,,,,872.7627913217063,711.6363280331234,,,,,911.429365635454,425.0893933866008,858.2628259540511,597.0175541745144,803.0248626486973,702.6601589960034,,,,
labeled-data,RAT 11 FR1 10-02-25,img04132.png,,,,,888.6490040463905,369.86175477912775,726.220766662173,320.57318619357227,593.4776899033475,485.8019104292413,537.8842507612221,581.9467377998151,371.479886303844,629.5894811506828,269.9801287302564,588.8514832129842,,,,,,,780.9312893047786,610.2561939938088,,,,,956.311822799277,454.2089476561844,769.193222102391,526.7087744944613,734.669495036545,598.5181267914211,,,,
labeled-data,RAT 11 FR1 10-02-25,img04673.png,,,,,,,766.4313239371234,348.5663428346953,649.7411264545635,505.3040637136367,573.7889269097021,627.5180575267318,393.5750716259855,614.3990412417104,232.00402895782568,673.7798517949657,,,,,,,816.8359654532587,671.017953629698,,,,,945.2642301382062,396.8995607268799,814.7645418293079,568.8277215147934,767.1217984784403,662.041784592578,,,,
labeled-data,RAT 11 FR1 10-02-25,img04683.png,,,,,,,761.5980021479049,360.99488457839993,611.074552140816,518.4230799986582,551.0032670462438,635.1132774812181,397.0274443325701,624.7561593614643,206.4564709290996,677.9226990428673,,,,,,,813.383592746674,673.7798517949656,,,,,928.0023666052832,423.8280678382399,795.4312546724341,568.1372469734765,771.9551202676586,662.7322591338949,,,,
labeled-data,RAT 11 FR1 10-02-25,img05235.png,878.0719870402272,425.77556154493686,,,817.5255457311615,392.793851945644,688.79296875,328.9140625,575.853515625,482.51171875,524.654296875,583.404296875,380.091796875,572.2228385801207,233.5669173225151,569.4426659723642,,,,,,,745.9147905894823,606.4514504597727,,,932.319723702904,537.3931511083207,829.2235552594191,526.2824750355177,712.88671875,514.134765625,704.3748607076136,589.427734375,,,,
labeled-data,RAT 11 FR1 10-02-25,img05811.png,,,,,,,800.9550510029695,378.9472226526399,689.0981753096281,597.1371777087872,,,,,,,,,,,,,927.3118920639664,708.9940534021287,,,,,949.4070773861076,423.8280678382399,903.8357576591908,587.4705341303504,867.240606969394,700.7083589063255,,,,
labeled-data,RAT 11 FR1 10-02-25,img05940.png,,,,,,,821.669287242477,303.68549764909545,767.8122730197572,505.3040637136367,720.1695296688896,640.6370738117535,655.955397326416,711.0654770260794,,,,,,,,,895.5500631633877,659.9703609686271,,,,,,,936.9785356424032,490.1136238046644,861.0263360975418,624.0656848201472,,,,
labeled-data,RAT 11 FR1 10-02-25,img06115.png,,,,,,,756.7646803586864,368.59010453288624,636.622110169542,530.8516217423628,583.4555704881391,657.2084628033597,421.1940532786624,661.3513100512612,292.07531405239786,712.4464261087134,,,,,,,829.2645071969633,710.3750024847627,,,,,897.6214867873387,416.2328478837538,804.407423709554,606.8038212872242,772.323669319902,692.4648485205771,,,,
labeled-data,RAT 11 FR1 10-02-25,img06461.png,667.3822136834386,490.9391690312574,,,725.2638362603275,409.2239371580027,789.1038611613077,357.3007169052055,,,,,581.4109801501187,476.4687633870352,375.420499802956,539.4575879560025,,,,,,,,,780.5918578411771,582.8688048886687,,,,,,,,,,,723.4355505990694,678.7615860687457
labeled-data,RAT 11 FR1 10-02-25,img06488.png,871.3367022208319,482.9340725494725,,,806.6454769878387,413.1356453244008,768.3414620472505,337.3788157752377,,,,,601.506196972689,479.5292712214203,371.6821073291604,538.262094130322,,,,,,,,,,,787.9153518385758,614.2841927580813,741.4272701044724,511.226276624647,,,,,,,,
labeled-data,RAT 11 FR1 10-02-25,img06992.png,897.8620052280558,341.11603252564134,,,835.9221625716638,345.3410269410739,739.2931330025032,318.02872036716565,621.4087325677601,471.8770210198418,596.723922939381,548.485050901018,433.2934591928719,642.9682877544686,223.04697718564387,700.8499103313573,,,,,,,772.8955989348135,556.9134640390532,,,925.4904725658536,510.6516697708196,855.7525438928443,457.4851300894165,770.1337007695458,460.9375027960012,727.3242792078966,543.7944477540318,,,,
labeled-data,RAT 11 FR1 10-02-25,img07090.png,866.8358318625388,422.6600052390937,,,837.8359011272282,361.2077710618877,785.3598359871422,290.0888933062447,,,,,622.0632967390903,481.6537781136468,416.0728163919276,508.0409884060519,,,,,,,,,,,769.8353752236836,535.4285065292885,,,,,,,,,,
labeled-data,RAT 11 FR1 10-02-25,img08450.png,910.0375359380216,453.47434854159246,,,838.3585608120882,408.4537597237288,692.7602210790598,345.00727929494053,594.7128362120569,507.95927104573417,533.9510765761677,601.1733341235187,392.40379560619874,570.1019797642572,,,,,,,,,781.1409623676259,646.0541793091186,,,937.3645409986168,585.9948327357846,857.8553230471708,539.652317129799,765.6246302234937,546.0130545659147,732.0035894897396,630.5199947885942,,,,
labeled-data,RAT 11 FR1 10-02-25,img08759.png,,,,,,,762.0341229171336,357.2209266152945,647.9732784273824,525.758592353882,555.1924422379578,667.0578474680516,443.6851987442458,709.617864068705,,,,,,,,,844.6005551224013,682.3794534442868,,,,,930.5717886557212,416.8049498562093,825.8741478181138,586.19381592681,782.4629308854473,664.5042464720124,,,,
labeled-data,RAT 11 FR1 10-02-25,img09322.png,,,,,870.6708835176053,284.415643050739,774.8942331979462,284.415643050739,712.7234250957114,502.293520093706,681.3706045400402,582.6622911362427,519.9157191541148,657.7551025296427,274.10678244529043,695.7312023020734,,,,,,,848.5816008209699,618.398053674578,,,,,,,852.7244480688714,509.3030761465044,793.3436375156161,598.3742919763873,,,,
labeled-data,RAT 11 FR1 10-02-25,img09669.png,961.024241647067,308.54708336234773,,,899.737817742126,324.71988967059593,750.7777596398388,318.7614873465045,669.0625277665843,461.76314312470015,635.0145144860616,570.7167856223729,463.9232477514347,554.5439793141246,329.4335952933697,612.4256018910132,,,,,884.6901026603115,626.7417477789925,759.7142106819484,666.0987966340571,,,1127.046666662551,472.0754505240019,981.3565384446804,431.3374525863035,758.3332615993146,501.0753812593126,728.642856322687,630.8845950268941,825.3092921070559,612.9322569526541,,
labeled-data,RAT 11 FR1 10-02-25,img09930.png,966.1501597597268,317.3034835243461,,,904.0125355227729,335.17869049662056,714.1948614838585,327.5178875085029,624.8188266224862,507.12115756326045,595.0268150020288,640.7596096893122,449.4715582277941,626.2892040450901,356.52412716375613,572.5757065838133,,,,,,,828.4102795690578,697.3032947756266,,,1140.3070734557589,463.3363581795198,1008.4264360642264,467.4792054274213,786.0936337601775,544.8123540549166,780.5698374296419,674.6215678224978,,,,
labeled-data,RAT 11 FR1 10-02-25,img10005.png,,,,,,,724.564852149796,362.0814258500129,622.4208123082277,536.577493912692,573.9023933834828,661.703942718613,396.8527243247645,656.5967407265349,,,,,,,,,834.3696949794819,694.0495553351099,,,1008.14815470769,428.3003534272237,890.9288505278442,407.8551259539948,782.7173196306176,556.9883031493498,771.994778946165,669.7934008779965,,,983.8425047639244,529.7229714587179
labeled-data,RAT 11 FR1 10-02-25,img10918.png,,,,,,,846.2094011600922,333.5117743254811,711.7197487020273,553.1214599848529,633.4093181568251,701.2303177551269,,,,,,,,,,,882.8110154366542,699.5279170911008,,,,,1004.938144225026,398.0522006837369,885.3646164326934,598.2350775815455,,,,,,
labeled-data,RAT 11 FR1 10-02-25,img10986.png,897.2814210808762,427.99501117893175,,,836.8461975079485,408.4174035426312,704.0589457139097,359.8989846178862,623.1949141726682,585.4670726013495,587.4445002281194,702.932718419153,,,,,,,,,,,802.0125824678848,633.1947916081485,,,955.9884051815584,557.9330666046039,869.6790875169431,560.6949647698716,793.0364134307648,555.8616429806533,749.9182457323211,635.2422234200546,,,,
labeled-data,RAT 11 FR1 10-02-25,img11814.png,886.086985952737,397.0979561586992,,,815.4373583956526,377.52034852239854,681.7989062696005,334.10913158973204,577.9524657640061,492.4323933441629,533.6900484993265,617.5588421500839,372.8131857488565,646.4996534385282,254.4963395990399,710.3396783395085,,,,,,,769.4820325467232,609.7292822559951,,,926.309296228036,527.3949688233058,836.1336196112812,508.35165823343215,754.9195009191727,513.3925345660457,711.2319060365212,603.5682111828007,,,,
labeled-data,RAT 11 FR1 10-02-25,img12103.png,,,,,,,762.0243167609651,369.4044846878379,620.7250616467954,516.6621421260988,539.8610301055539,678.3902052085818,377.2817666910578,689.4558095247517,167.03528468382976,697.9678128448825,,,,,,,790.1467580894714,714.2848082534863,,,,,947.0565216481376,415.92740765601127,806.0276725397607,596.9041362296095,738.3611674907024,699.784842885831,,,,
labeled-data,RAT 11 FR1 10-02-25,img12129.png,882.9983473189975,428.454793019782,,,833.9746548854961,431.2166911850496,699.3321193286963,385.6453714581328,590.9276163419395,543.073566878391,512.2135186318103,696.3589150507478,322.8406502413043,675.1354867759838,121.95737188622005,701.522697068389,,,,,,,788.4472318524529,711.7371010525459,,,949.324094602923,560.2234419542195,874.4184653857731,545.7530363099974,785.8936308564137,567.0330446103242,728.0120082795249,695.5642947442976,,,,
labeled-data,RAT 11 FR1 10-02-25,img12205.png,939.1096906187664,487.8714137331088,,,867.6088627296683,449.56739879252063,695.6663956630284,371.25696824731824,581.6055511732773,545.7530363099974,527.1287299244409,692.1594934162454,315.1798472531867,677.6890877720232,151.74938350667747,713.4395017165721,,,,,,,788.3882245726178,710.0752010425549,,,955.8573382894484,677.5895535657113,880.8042906705343,568.930663729373,788.3882245726178,599.7360190953452,732.9385849138677,698.3131562664563,,,,
labeled-data,RAT 11 FR1 10-02-25,img12225.png,933.3893165488762,488.4183256153765,,,860.9849141846194,460.08616816849326,713.0280919620072,358.3002691926538,569.2686263981927,562.9214063090321,525.1963814808188,690.940784402356,339.46334932902926,681.4967319200616,156.83230606181334,708.7577210282958,,,,,,,786.5642471148459,712.1037068955404,,,,,866.659293907609,605.0801529914177,768.611909040606,600.9373057435162,735.4691310573937,701.0561142344698,,,,
labeled-data,RAT 11 FR1 10-02-25,img12323.png,,,,,,,794.4920977059346,365.0545333173084,694.8048770594938,574.9223662571837,615.4150405618218,704.5939533942885,429.3140160342239,675.9619384435435,241.48230555303545,709.5407917139237,,,,,,,902.3568150507272,711.2307943482812,,,,,944.5029206520984,418.4810086520505,892.6901714722901,590.3977496178197,837.0880985678089,700.2720093604345,,,,
labeled-data,RAT 11 FR1 10-02-25,img12493.png,1012.0611850304226,312.340081327334,,,920.9055925152112,323.8828125,734.5400293978169,336.9757226850905,693.6573992279377,625.7415300152113,,,445.8379279794024,711.3269605958803,,,,,,,,,890.921875,711.3046875,,,,,967.7764763681314,456.421875,870.53125,582.1640625,832.13982685538,699.8644946505977,,,,
labeled-data,RAT 11 FR1 10-02-25,img12620.png,,,,,,,780.2212565735759,384.4329953715278,702.7620263603867,614.2570850150564,,,,,,,,,,,,,887.4724984072227,707.037921204481,,,1033.2163092432131,444.6414199108463,947.9077219801504,418.4810086520505,,,,,,,1014.8701665897712,531.0377462679644
labeled-data,RAT 11 FR1 10-02-25,img13592.png,,,,,862.4524186433739,394.2676113919073,762.7550867316822,393.7075140216169,729.6700673586762,656.7877974503144,,,,,,,,,,,,,927.3320049164348,687.8773283255333,,,1007.4270517091978,434.47317166222285,925.9510558338012,444.8302897819767,907.998717759561,598.8061124956503,876.2368888589826,702.3772936931887,,,,
labeled-data,RAT 11 FR1 10-02-25,img13839.png,,,,,,,797.647193848201,359.9494404790084,663.3317807666808,559.3238817718898,609.8154833670125,662.1591199124288,381.0595454625485,684.1952423711157,,,,,,,,,874.9349161734696,694.5750978420324,,,,,956.4109120488664,455.6709065463774,868.7206453016172,584.0991712313249,823.8398001160174,684.9084542635953,,,,
labeled-data,RAT 11 FR1 10-02-25,img14014.png,910.0320954428864,388.168611461628,,,847.1418042581538,388.8528556282215,734.7833604324288,338.6320360394504,615.6153139505991,478.2288904895937,575.6088983459849,542.0689153905739,448.2530804958759,539.4195250560974,300.9474721094997,625.6745200808195,,,,,,,735.5830143620375,649.1986096330165,,,993.2278046956231,685.0448413316024,899.6915438571259,559.583030386552,704.7776589960655,534.9387460937742,695.8161010714189,613.912475304721,,,,
labeled-data,RAT 11 FR1 10-02-25,img14253.png,,,,,,,802.0620731004599,383.496051243863,693.108430602787,621.8321442075223,,,,,,,,,,,,,889.6960009416376,709.6522146283484,,,,,987.7433858086406,462.4623288368903,885.553153693736,606.0810334308101,,,,,,
labeled-data,RAT 11 FR1 10-02-25,img14267.png,,,,,,,830.3151903883822,371.31968938305664,703.9583493273856,590.8905935218379,,,,,,,,,,,,,891.0769500242714,712.414112793616,,,,,,,893.8388481895391,583.9858481086686,836.5294612602345,711.7236382522992,,,,
labeled-data,RAT 11 FR1 10-02-25,img14288.png,930.433998879336,403.08151828363503,,,892.4578991069053,406.5338909902197,739.8630254758655,360.2720967219859,660.4584532244194,644.7476077445579,,,,,,,,,,,,,882.7912555284681,712.414112793616,,,982.219589478105,612.9857788439795,935.9577952098712,566.0335100344287,866.9103410781792,608.152457054761,827.5532922231147,704.128418297813,,,,
labeled-data,RAT 11 FR1 10-02-25,img14597.png,840.4058192088889,182.8846534391625,,,836.1498175488238,268.00468664046934,820.8282115725884,372.7023274780769,812.3162082524577,465.4831636675013,796.1434019442095,566.7760031770565,673.5705541343275,689.3488509869383,,,,,,,,,,,,,,,,,,,,,,,,
labeled-data,RAT 11 FR1 10-02-25,img14645.png,935.7402563943529,445.9055560312008,,,880.4122348135033,421.22074640282176,766.351390323752,334.3983125374888,629.308136869648,436.542352379057,572.2777146247723,500.3823772800372,425.02005718651145,589.7584121414094,343.3048253132568,691.9024519829777,,,,,,,733.1545773752423,595.7168144655009,,,916.162648758052,689.3488509869386,862.5370278412289,568.4784038410827,720.3865723950463,508.8943806001679,690.0028712933969,575.4688301405934,,,,
labeled-data,RAT 11 FR1 10-02-25,img15644.png,882.0608924279866,417.7813320756216,,,804.0372692591743,379.1147577618739,698.3946644376853,342.519607072077,584.4663651203931,494.4240061617999,530.3014707218465,586.0359295065032,447.15754566404894,528.3349541931682,,,,,,,,,775.4224695606006,598.8286299046948,,,,,838.1533750331259,503.6120769553262,773.7421774497294,492.97022691980857,722.2132193830122,592.10746146121,,,,
labeled-data,RAT 11 FR1 10-02-25,img15689.png,825.529131039252,401.7886595264066,,,771.9035101224285,386.4670535501714,670.6106706128733,318.3710269891259,559.1034271191613,474.9918880795306,512.2874088584425,581.3919295811643,446.7449832934362,531.1711099923932,,,,,,,,,773.7190774832347,603.8626037144063,,,866.2067858384407,555.1437753558082,800.7820579241081,505.1665526434709,738.9920371161276,505.62089103176487,720.8185015843685,588.3104777012686,,,,
labeled-data,RAT 11 FR1 10-02-25,img15991.png,877.213546920241,457.1201267991329,,,810.2693245705063,382.3308386933214,770.2218011741248,337.44999350772144,,,,,594.1507931383096,530.0923905351426,438.7940213420023,533.5447632417273,,,,,,,690.8172289226787,621.2350299889765,,,,,,,663.1982472700018,491.4258162213951,,,,,937.31664017282,686.1396368727671
labeled-data,RAT 11 FR1 10-02-25,img16088.png,,,,,,,658.3649254807834,320.18812997479847,530.6271353371528,485.2115453495428,482.9843919862852,588.7827265470811,521.6509663000329,709.6157712775425,,,,,,,,,674.9216727750113,622.8047731419525,,,,,766.7776415026374,451.414977833089,682.2029385887863,507.4247148621294,623.3927147082941,609.3624362549829,,,,
labeled-data,RAT 11 FR1 10-02-25,img16688.png,,,,,,,720.679620686313,324.308125060833,601.9179995798027,463.0935078655343,,,543.227663567864,510.045776675085,399.6089589739443,516.2600475469374,,,,,,,691.6796899510024,628.8073977815957,,,1004.4646571675682,440.3078480020759,878.7982906478883,381.61751199013753,684.7749445378331,536.9742837864451,685.2100690250077,599.8318480187156,,,984.674901798104,526.2768081277404
labeled-data,RAT 11 FR1 10-02-25,img16820.png,979.8765106482628,309.9904712694554,,,910.8290565165704,310.6809458107723,774.805571877137,301.01430223233547,658.115374394577,457.0615485699598,616.6869019155619,553.0375098130121,501.37765351563576,532.3232735735044,392.9731505288789,526.799477242969,,,,,,,812.0690346697189,620.449515152599,,,1131.2691591746195,465.5310547262204,984.0115017363588,445.9534470899199,785.6818243773138,519.1566756430437,787.38422504134,590.6575035321416,,,,
labeled-data,RAT 11 FR1 10-02-25,img16867.png,,,,,,,775.4674203931569,329.3390016041294,628.209762954896,514.0494736509654,601.8225526624909,566.8238942357757,485.2081071767004,529.3710796272006,,,,,,,,,785.6818243773138,656.199929097148,,,,,962.7314934360322,444.2510464258937,766.9554170730262,553.2046889235666,741.4194071126342,621.300715484612,,,,
labeled-data,RAT 11 FR1 10-02-25,img17419.png,,,,,,,741.9772221215762,352.32128466431243,623.4018965105466,539.1036559808015,546.8001374874921,669.2217124035242,362.11644450040177,653.4816249330333,,,,,,,,,803.1864319369104,687.9984798077433,,,,,915.5891639640504,414.5494073016239,788.7603144941032,584.7894737042377,747.9911162763461,669.3493808161058,,,,
labeled-data,RAT 11 FR1 10-02-25,img17617.png,,,,,,,769.6730902521809,324.0746587749595,617.572265625,474.3984375,554.7752082948792,591.3441699074547,435.75390625,620.2265625,290.39360027003016,680.6673112652113,,,,,,,809.2748585285867,669.5569650934245,,,,,,,757.873046875,533.015625,762.4164308809776,645.9609375,,,,
labeled-data,RAT 11 FR1 10-02-25,img17754.png,,,,,,,841.0034300258435,367.0946770756119,691.997268638532,574.8638316860885,597.4709811711564,713.9352361788544,350.3108979392334,683.040225774864,192.4824381666197,709.9527594358087,,,,,,,904.2860242265284,715.2645797541079,,,,,1030.3079325418691,421.2134603516461,882.4422267852026,631.2499742105474,,,,,,
labeled-data,RAT 11 FR1 10-02-25,img18101.png,904.5969903745288,364.5647904494896,,,867.373536097945,373.04141865108784,770.8136844101739,396.2600089424221,704.6278326545558,644.6175793157482,,,,,340.8777229655246,706.0233671816659,,,,,,,917.1080480878102,707.5325700535848,,,1018.9244425078132,503.3672378279658,941.5291415366988,459.50990061100106,883.2983912822413,584.0794802692708,849.3918784758482,713.4401976067048,,,,
labeled-data,RAT 11 FR1 10-02-25,img18146.png,,,,,,,814.3788792626818,339.32892721453953,656.2584590437802,531.3033809187802,593.9631749792003,696.2892046771001,398.5281189772214,704.13512781458,218.2578903353796,702.0164272145395,,,,,,,834.0059762154358,691.1245263238045,,,,,,,826.703125,578.693359375,781.3671875,679.080078125,,,971.331224392798,638.339270616101
labeled-data,RAT 11 FR1 10-02-25,img18346.png,974.2396281494216,315.3528322518429,,,890.8219956121409,331.5256385600912,708.6651245613443,328.1208372320389,551.1930631389263,533.2601172471884,501.8234438821683,631.9993557607045,336.69057947163293,665.1961687092141,131.55129945648332,702.6489833177893,,,,,737.7429845663238,626.5017332503664,721.0067153001088,703.3417307817751,,,1147.656148818364,474.57982820200897,996.9936900520509,465.2166245498652,726.3119844718949,566.5094640594205,667.303462532812,658.0887734421522,,,,
labeled-data,RAT 11 FR1 10-02-25,img18933.png,,,,,,,733.750609834289,313.1729784284097,587.3441527280411,495.3298494792066,525.206528491087,585.5570846725918,436.681693961728,550.6578710600559,370.4428079409213,516.0055303269608,,,,,763.3954177767815,579.948179658575,718.5876281535493,650.5204483151658,,,1015.3232767487704,444.4642699735389,945.8712028327602,350.367911764751,730.3683951937271,550.8150040259352,685.7739598722753,633.3699917284572,,,939.7042568679792,530.5448061525481
labeled-data,RAT 11 FR1 10-02-25,img19112.png,817.8033209599353,262.8131576570097,952.7509787084132,108.8000434601972,730.1130542126859,271.0988521528128,592.7086204906186,342.2177299084558,523.6611663589265,524.5030088161232,469.80415213620654,597.693310195717,307.5426349267299,631.5265627202461,,,,,,,701.8035980186921,648.0979517118523,678.3556303904084,701.8958375459647,,,820.5060858365907,382.6957130410639,800.9284782002902,321.409289136123,655.3732214260555,562.2989830958213,639.4651423061205,675.614660471799,,,893.733487501798,547.0686705274632
labeled-data,RAT 11 FR1 10-02-25,img19335.png,,,,,,,776.6899217407787,354.7397979965095,671.7377914606063,603.3106328706015,597.8570155396957,708.9532376920906,,,,,,,,,,,861.61829032276,682.7152051220478,,,,,936.8800153263046,403.0730158886941,841.5945286245692,599.1677856227,802.6853043720818,686.8566626910363,,,990.890979785042,548.1761570267668
labeled-data,RAT 11 FR1 10-02-25,img19355.png,,,,,,,781.2172482920215,353.6658832852819,673.9660064583746,570.7219679486143,604.1675792333032,709.4676220667445,,,,,,,,,,,864.3212981653896,681.0259293973679,,,,,954.1242806578836,418.4232633749776,852.1865592650302,586.4524744620986,798.4172117171515,691.7507800766946,,,993.8480872377264,539.6341928664242
labeled-data,RAT 11 FR1 10-02-25,img19438.png,862.9436103529927,262.55827545328134,,,803.5627997997374,278.43918990357054,759.3724291554543,364.0580330268689,738.6581929159466,505.60531399683794,709.6582621806358,596.0574789093547,630.2536899291898,698.2477110242592,,,,,,,,,858.1700655219717,570.7251085034765,,,,,,,864.0764645697933,457.1405114299824,823.3028586818216,569.7214463262646,,,,
labeled-data,RAT 11 FR1 10-02-25,img19493.png,927.518193669092,454.66780305204986,,,877.8040266942737,415.3107541969854,773.5423709554185,310.3586239168132,634.0665136094002,402.1917379119639,570.3577887835459,480.11901373144747,417.245751928476,509.196670582262,289.467769826078,607.6445075694919,,,,,,,762.4802108819445,579.4787581008025,,,877.8360642341291,609.6997803847613,822.9222554498624,504.29475144314847,738.1559734338799,481.4447102040576,707.9349511499211,561.0513054886324,,,,
labeled-data,RAT 11 FR1 10-02-25,img19509.png,963.4384308979808,447.1811227646608,,,878.53515625,395.5703125,788.421875,346.7578125,,,,,520.4462442370999,493.3714875822986,337.2698898532009,551.7061891637003,,,,,,,753.8632488826647,584.1020361761955,,,933.51953125,676.2421875,884.64453125,558.787109375,724.2493534562196,496.1706327605009,712.663614876687,561.837890625,,,959.7617060873968,627.4770184508693
labeled-data,RAT 11 FR1 10-02-25,img19888.png,,,,,,,893.5337158848106,339.0101993159344,760.625,580.3828125,661.1195964503019,682.3272851850905,489.1376504870999,628.4085073064984,373.607546754898,689.0048379870999,,,,,,,,,,,,,,,,,,,,,,
labeled-data,RAT 11 FR1 10-02-25,img19909.png,,,,,,,836.8214678108026,368.1941322626115,767.023040585731,648.2390414949111,626.5749858035747,695.0550597556299,429.9477091085558,645.6854404988719,,,,,,,,,,,,,,,964.5015176127628,432.8853574956048,,,,,,,,
labeled-data,RAT 11 FR1 10-02-25,img20411.png,909.8265575312404,457.2182971163766,,,851.7933262296301,418.5195426822686,730.0029448149136,392.9011457198733,640.1941911157837,604.8278245622446,561.8837605705814,687.3942567675123,437.0789991459947,654.1445303523186,271.0949344034463,705.2165502731028,,,,,,,845.2497991427283,698.3147971767207,,,,,,,855.3315518079555,578.4539599345744,783.6390884107839,683.19216817888,,,,
labeled-data,RAT 11 FR1 10-02-25,img20831.png,,,,,,,863.268761915706,350.1259810500395,737.2911127777721,562.0748637212937,,,,,349.16852732693644,684.6034953769009,,,,,,,916.1204540520564,705.5784506563166,,,,,,,910.5296728182184,611.6674463950967,874.5884506557242,707.1218218078498,,,,
labeled-data,RAT 11 FR1 10-02-25,img20874.png,925.8714466724527,439.1082875916911,,,872.1020991245739,418.9447822612366,752.2412618824278,399.90147167136286,699.5051226486158,598.9868087463424,,,,,339.4473822070878,687.5116432757015,,,,,,,912.3052056518832,700.2796482558977,,,1016.4718868844402,556.3939546502088,931.0562698851728,562.7546920863244,879.9884784383303,594.338309402445,842.7028532072164,701.3618633065678,,,,
labeled-data,RAT 11 FR1 10-02-25,img20949.png,997.7871184865298,298.8986666839167,,,933.9470935855496,332.0954796324264,727.1054129063738,333.7978802964526,663.2653880053937,599.3723838845301,,,,,325.417279468982,693.5140158195805,,,,,,,920.9276353822736,707.1044455834563,,,1140.6144661134954,461.0779977607297,1003.9005069327452,463.83989592599744,880.9960385783329,589.5062624456773,851.9961078430221,699.2917145150678,,,,
labeled-data,RAT 11 FR1 10-02-25,img20972.png,936.067314432079,374.5133491805647,,,862.8640858789549,356.6381422082902,745.3984400611514,352.3821405482249,674.7488125040668,657.9630597409166,,,,,330.01267803877386,693.7134736854656,,,,,,,917.3409071277912,708.1838793296877,,,1128.4385894670324,441.75817540959713,1009.2705429852028,468.9965860340153,883.2928938472685,613.700642476237,859.4592845509026,703.9278776696224,,,,
labeled-data,RAT 11 FR1 10-02-25,img21119.png,816.5372538910025,393.08423305973474,,,746.8152521449888,366.2063065225565,618.8228821784899,325.31245125459594,501.7625317877957,415.48812787135086,485.0027909076189,505.4760124362057,619.7068579293298,583.3715148869987,708.2316924586889,713.6051656849984,,,,,,,,,,,818.1110298600495,533.6201042839007,759.0470393818325,468.64971475786206,612.7500783511722,466.37802281639216,,,,,,
labeled-data,RAT 11 FR1 10-02-25,img21208.png,,,,,,,758.4859698730104,301.1329344255163,627.4011187429977,472.2242011601432,595.0555061265011,525.8498220769666,427.3690407199265,502.8674131126136,303.52918486048185,542.4843615988725,,,,,802.5395853315279,569.168112484195,744.8578385442921,621.2104669962765,,,,,904.7849512237716,425.3906216415728,745.312176932586,499.4477789334909,719.8692271881234,593.4958253103439,,,955.042364065218,537.4895233115487
labeled-data,RAT 11 FR1 10-02-25,img21614.png,,,,,,,799.147735440277,368.9157646974065,680.8308892904602,530.6438277798896,581.2404504449312,661.7286789099023,393.9763774020561,653.2166755897715,,,,,,,,,834.898149384826,695.776692190425,,,,,973.643803502956,424.243786278256,837.451750380865,582.5670480326869,793.6436708650114,682.433923619001,,,1026.589336023177,556.5049524033714
labeled-data,RAT 11 FR1 10-02-25,img21968.png,,,,,,,835.5006353986357,355.10366060390203,788.684617137917,514.278122690346,742.7197992092113,629.1901675121103,569.9261318105582,707.5005980573126,312.0124312105984,713.4590003814039,,,,,,,905.4122196822428,635.1550414137405,,,,,,,913.6979141780456,541.940978335956,861.9123235792765,628.9407705418882,,,,
labeled-data,RAT 11 FR1 10-02-25,img22184.png,,,,,,,721.9325716049698,333.1159277776359,591.603515625,487.734375,549.28125,558.828125,445.9711939980211,538.1922084645396,331.8221099542408,609.6211715853796,,,,,789.9033609054733,563.5710479675514,724.03125,635.390625,,,1016.6557321396608,452.16116498336027,,,695.361328125,519.1796875,678.3833854833208,617.7980684079672,744.524445726728,565.7056556016761,993.6733237583198,528.4937919290792
labeled-data,RAT 11 FR1 10-02-25,img22697.png,,,,,,,813.289972548293,391.4637154844853,697.5267273945153,645.1214144243797,,,,,,,,,,,,,944.5088712712708,716.02018474529,,,,,970.2733503046292,432.61091537834574,907.9065666314942,610.2900711019889,,,,,,
labeled-data,RAT 11 FR1 10-02-25,img22782.png,,,,,,,734.7410461438913,332.01242097781346,734.5482594618206,513.8246780737813,731.9946584657815,611.7127162552842,668.1546335648013,709.6007544367872,,,,,646.9022923293358,475.53820776619966,634.0030755008166,579.8375895510824,,,,,,,,,,,,,,,,
labeled-data,RAT 11 FR1 10-02-25,img23460.png,,,,,,,,,,,,,588.5280603273629,521.0226740820628,406.2427814196956,520.3321995407459,,,851.5988605691105,495.4751160533368,881.2892658457381,611.4748389945797,662.4088362482737,613.5462626185304,777.7180846481997,349.0945132941493,625.1232110171599,441.61810183061687,,,674.1469034506613,513.4274541275768,698.3135123967537,593.5225009203397,833.1802640558344,577.399573686257,695.7522508600325,446.5730276844182
labeled-data,RAT 11 FR1 10-02-25,img23475.png,617.4035541988885,405.7688419382633,579.9507395903133,576.008908340877,649.749166815385,362.35762500559673,751.8932066569533,333.4168137171524,,,,,,,451.0746336180569,507.568023860894,,,832.8901939020323,490.5989767510581,865.3424973439278,604.5272760683501,,,725.8666399979093,541.0036182671934,557.3908519165803,672.8842556587254,,,,,,,833.5806684433493,568.6225999198701,640.9382714159279,664.5985611629224
labeled-data,RAT 11 FR1 10-02-25,img23524.png,964.1548061557904,327.60640107236054,,,876.2195190201971,332.0871800346837,742.916344891081,319.20494051800443,,,,,604.0725346969126,473.4082775830466,420.9206946119507,507.0141198004708,,,,,,,661.7549472911353,614.0498635798402,,,920.682900284981,681.7163686288986,908.2543585412764,491.835869766745,695.5881998156644,493.2168188493789,685.5772807848487,586.268941553318,,,,
labeled-data,RAT 11 FR1 10-02-25,img23658.png,,,,,,,487.60099760613787,349.089181162676,590.6589137395721,467.2697262939511,664.5917666179053,545.1232607643171,845.5032172217058,559.1256950215773,969.2847360558848,495.2745948084713,,,438.3124290205823,513.1977106577642,446.153792204648,589.3709530172591,,,373.90123143718586,480.7120631809208,,,,,,,,,492.14439471800034,593.264607446477,,
labeled-data,RAT 11 FR1 10-02-25,img24396.png,,,,,,,814.9800847603924,296.4036946374245,647.9921875,487.099609375,571.33984375,579.82421875,502.10546875,555.09765625,408.4058930893876,509.899732994421,,,,,821.1068202944749,575.6735022793472,774.09765625,659.6531111501513,,,,,,,772.2208422002619,565.9062169128279,739.48046875,644.11328125,,,954.0405957175452,523.3996972223641
labeled-data,RAT 11 FR1 10-02-25,img24528.png,927.5356299261956,359.37124295777096,,,891.4149689967346,374.0176374629898,781.1032392529282,338.3588207501655,638.853515625,546.21875,576.412109375,692.8203125,393.3213990687398,711.1342612583198,,,,,,,,,841.109375,695.53515625,,,1011.2750077363576,502.2709783314692,947.4146530166312,475.73349238227945,814.5353342639694,604.9241626973878,786.4252815209219,679.6948388238045,,,,
labeled-data,RAT 11 FR1 10-02-25,img24558.png,,,,,,,815.376078037277,337.01498789895066,690.2496292313559,501.29665197747295,594.9151920458924,643.4471074236554,397.4367150188603,706.4359319926223,,,,,,,,,833.9305608386376,696.1383177317995,,,,,,,866.9763056857715,562.2750462323932,777.3607264393069,673.7344229201834,,,,
labeled-data,RAT 11 FR1 10-02-25,img24597.png,873.994140625,132.23828125,,,835.181640625,229.26953125,825.478515625,337.216796875,793.943359375,454.8671875,783.02734375,551.8984375,677.3828484178473,670.1075130400603,426.591398008796,701.9575036883721,,,,,,,887.2155845158267,593.2219981058468,,,,,,,893.9970323338085,491.7433045391147,855.1085756386593,582.5537735557963,,,,
labeled-data,RAT 11 FR1 10-02-25,img24684.png,,,,,,,846.9905656339736,326.9016130209327,811.1443339353877,431.6398212652383,789.300536494062,575.5848454298718,702.9064494388583,712.7474544975453,,,,,,,,,886.5478941474912,596.4708710301211,,,,,,,906.2791689920888,515.1541019735973,858.4457754294277,594.3781600617546,,,,
labeled-data,RAT 11 FR1 10-02-25,img25079.png,972.296875,301.546875,,,879.6484375,304.6875,755.7161340903007,319.6331711032008,634.1661067900603,474.28125,570.296875,579.4921875,443.1015625,576.3515625,,,,,,,,,789.1953785740145,624.2941518631292,,,1113.258727485056,461.5114527017933,976.1786233071732,457.0078125,766.5859375,518.25,740.5156910740145,597.4225227472106,,,,
labeled-data,RAT 11 FR1 10-02-25,img25426.png,975.5802199308218,399.6786217191101,,,897.5565967620096,367.2263182772148,738.0569777178005,313.3693040544948,642.0810164747484,448.01183961129465,613.2164950564274,506.38021180896186,485.7552034429036,503.1838277033652,396.76325475521446,579.7643026362746,,,,,806.6237287135195,556.4899487235573,749.4937969438984,614.7400752337592,,,1126.9994245196303,448.9512536277998,998.737126723128,461.2733957741887,720.3687336887972,516.7230354329386,737.7317521677998,586.1751093489486,,,,
labeled-data,RAT 11 FR1 10-02-25,img25436.png,,,,,949.5585085168196,374.5033937845744,773.4875004810048,321.3368541031714,637.4640158415712,484.9793203952819,569.7975107925128,578.8838580143833,450.3454151446852,528.479216498248,,,,,,,824.9021848634077,599.578954090997,796.5510527471394,701.4831725697013,,,1130.74073074453,468.7932521458986,985.741077067976,459.81708310877866,780.67013829685,555.1025698105138,759.9559020573424,666.9594455038552,,,,
labeled-data,RAT 11 FR1 10-02-25,img25459.png,,,,,,,809.0584635041353,304.87267475116755,661.1927577474687,490.8250016875816,594.5905514529568,621.9120871097981,466.9105016509964,623.6144877738243,413.284880734173,559.774462872844,,,,,,,797.2586374363915,703.7494032351094,,,,,981.6153399680096,335.72647271319005,815.9014500519485,598.1067984136204,761.3539612879114,681.654217912968,,,979.9414609977166,526.3631965783454
labeled-data,RAT 11 FR1 10-02-25,img25632.png,,,,,,,856.37565795899,300.22351893613126,806.0073780534199,577.2490584167666,759.4702857158143,712.2245104400159,,,,,,,,,,,949.9037398078246,676.8514174317202,,,,,,,965.586466175956,565.9521381142205,900.0550738519789,669.0100542476546,,,,
labeled-data,RAT 11 FR1 10-02-25,img25997.png,963.9537269073974,339.0785287488586,,,892.1443746104376,331.48330879437253,731.9542810249116,301.102428976428,614.5736090010349,522.054282197843,564.1689674848994,624.2445143127475,380.4834413773015,656.8614028316466,249.3381365082324,702.3686227253615,,,,,,,784.056135429547,644.7395373176374,,,1130.6743551706418,465.9066311165546,994.6508705312082,440.3590730878285,783.3656608882302,539.7874070374653,740.5562393265809,634.3824191978835,,,,
labeled-data,RAT 11 FR1 10-02-25,img26108.png,,,,,,,829.2627527531297,334.95127908618275,667.5346896706467,500.0841434967181,575.6050538132351,650.7466022630315,414.7281910627652,633.7225956227699,260.9613370924758,692.533374653445,,,,,,,839.818557095311,689.219846921821,,,,,980.5356349997278,372.79811446612246,829.7368044300838,597.3638781941947,789.4097937691746,678.5779968863033,,,,
labeled-data,RAT 11 FR1 10-02-25,img26309.png,487.7112043758439,433.3637667974895,,,578.91434238174,400.9049997688292,689.0175406561505,342.7264008524122,818.7265271850981,470.9297358182283,835.6373809987854,590.6155834528996,660.8870014681794,667.3489231826849,375.0719031307577,702.4595988072076,,,689.7667486387342,531.2811400213379,,,,,,,,,,,,,870.1181018722439,623.6972061192546,,,,
labeled-data,RAT 11 FR1 10-02-25,img26602.png,905.69140625,437.27734375,,,849.3867358987226,396.7156603984259,743.4006614855414,397.852777752181,687.865234375,615.763671875,,,,,,,,,,,,,877.9030990917568,714.2523247057267,,,,,,,873.9696648231943,598.1462690453282,834.2981189698384,703.5054849202561,,,,
labeled-data,RAT 11 FR1 10-02-25,img26620.png,898.6070587015154,445.2595817079487,,,815.3057824317473,400.09400460658486,692.1551708477557,413.4977528073703,667.9885619016634,576.4497445581638,,,,,,,,,,,,,827.2487058702402,648.1778950772225,,,,,,,802.0443242071719,558.5623158307578,765.0778977680053,657.1394530018689,,,1000.2594231812346,452.98309829640095
labeled-data,RAT 11 FR1 10-02-25,img26924.png,,,,,,,877.2913574243214,391.25088942490936,774.2961172507399,641.5037870367516,,,,,,,,,,,,,958.3405324337564,713.4425463506793,,,,,,,997.8679722153322,596.6775805591276,898.3678651789515,714.3512231272675,,,,
labeled-data,RAT 11 FR1 10-02-25,img27187.png,338.0309792457039,146.1417410509756,,,467.8612010420925,245.8109308646075,604.2647851850907,350.2277117279376,672.16015625,472.296875,714.7360546298189,550.3478938273339,893.0150393509056,565.4234993826057,962.4267481478172,636.664316665815,,,,,,,484.0270697620414,641.0059321045859,388.34667397850376,274.47162862147565,,,,,,,540.2445202967768,622.8833296689585,,,321.1352486500683,318.88274435730784
labeled-data,RAT 11 FR1 10-02-25,img27291.png,675.7607833865166,385.517498388248,,,591.5228893458519,341.327127743965,486.5707590656798,348.23187315713426,424.4280503471568,461.4696979331095,,,440.308964797446,651.350196795263,,,,,,,,,,,,,,,,,564.5943822344921,455.25542706125714,,,,,,
labeled-data,RAT 11 FR1 10-02-25,img27361.png,,,,,,,708.2130868284117,335.80333141342965,539.7372987470828,409.6841073343404,469.3088955327568,525.6838302755833,413.380457686086,692.0881947329615,,,,,,,,,,,,,,,,,,,,,,,,
labeled-data,RAT 11 FR1 10-02-25,img27438.png,943.6844809438765,456.28208861641207,,,873.2560777295504,408.6393452655444,741.3754403380182,339.59189113385224,,,,,558.570086894043,466.6003391529981,375.9260547998647,506.5821173228681,,,,,,,,,,,,,,,,,,,,,,
labeled-data,RAT 11 FR1 10-02-25,img27464.png,874.3545829415843,407.1620778501359,,,801.8547561033074,371.257401701656,689.9978804099661,351.9241145447821,,,,,518.0697196220526,508.6618354237235,325.42732259463133,568.7331205182957,,,,,,,,,,,,,,,,,,,,,,
labeled-data,RAT 11 FR1 10-02-25,img27885.png,730.264232484069,316.39231108446984,,,768.2403322564999,308.1066165886667,822.0973464792198,371.6302743898236,777.9069758349367,529.0584698100819,688.8357600050538,635.391549172888,513.4552265105556,648.5105654579093,320.12235494181743,634.010600090254,,,,,,,,,,,,,,,,,,,,,,
labeled-data,RAT 11 FR1 10-02-25,img28227.png,839.0150541903137,235.4447074801204,,,832.7497203021759,251.29231672658665,807.6883847496247,343.4295797874371,820.7724723418626,493.5728752831517,,,809.7132907332763,685.4981065894369,516.9003765207806,674.4325022732671,,,,,725.7288724198645,573.579559309082,,,,,,,,,,,,,,,,
labeled-data,RAT 11 FR1 10-02-25,img28544.png,,,,,,,793.0867219014494,331.8345251345836,810.3485854343724,507.2150586290818,,,817.5941710295075,704.4836796664869,,,525.6030957161623,623.3009189783679,,,,,,,,,,,,,,,,,,,,
labeled-data,RAT 11 FR1 10-02-25,img28694.png,,,,,,,816.6993265932988,400.6238098912694,722.1043144328805,518.6949564564629,676.5329947059637,618.1232904060997,504.60483391805,698.2183371988627,,,,,,,,,875.0451427594513,633.4934376611047,,,,,,,885.0405873019187,548.5321590501312,838.2437333076392,650.3039580279818,,,,
labeled-data,RAT 11 FR1 10-02-25,img28699.png,,,,,,,823.6094468356943,403.2173631947283,760.2165952155132,536.3326887347887,668.09375,618.875,509.8727733798189,698.4427571374245,,,,,,,,,873.6505141036112,633.6188304126769,,,,,,,874.7445743159343,567.2875905072601,830.6736730188384,647.7918988206438,,,,
labeled-data,RAT 11 FR1 10-02-25,img28883.png,813.1511748501114,404.3392342517346,,,,,,,465.8614393887793,406.0416349157607,364.9619521616028,493.8931704614686,224.11705179047016,563.406943870447,,,,,,,,,472.0045215837856,580.7480892268993,,,863.3225107794322,593.5697083423344,782.9788173903705,516.17440737122,476.35742779673376,504.59628065708046,430.4368118347448,549.7540975517679,,,,
labeled-data,RAT 11 FR1 10-02-25,img29152.png,663.6986980255035,370.1856785068952,,,715.4842886242727,381.92374570928297,819.7459443631279,399.18560924220594,823.8887916110294,491.0187232373567,746.7708349869472,563.2614690666755,544.5902521961278,604.6062624014274,359.86577285174,676.5491987746364,,,745.130818713626,488.8061278808663,,,906.9610219966272,630.416965454018,672.0639933637144,454.509956798577,,,,,924.107809994396,538.5245623421374,,,,,627.734260445769,522.3173276505072
labeled-data,RAT 11 FR1 10-02-25,img29157.png,609.125,395.25,,,697.3154040547045,384.0773725645005,816.0773373354027,406.9880667193018,830.75,485.25,,,583.8510277513102,627.226239125897,402.125,690.0,,,,,,,,,635.0,475.125,,,,,,,,,,,581.9406040354604,527.14879968958
labeled-data,RAT 11 FR1 10-02-25,img29306.png,743.7776281042004,346.8603193916397,,,694.4867546563005,356.9268678187399,623.5663284146203,377.8448365687399,553.0828334645396,470.87991498336027,497.796875,546.580078125,374.6724254687958,602.3826344860306,192.9313868461533,666.8459190214081,,,,,,,,,,,798.4501340989467,463.37275722351205,770.1875,422.234375,681.71875,480.33984375,,,,,,
labeled-data,RAT 11 FR1 10-02-25,img29355.png,,,,,,,682.5119641683842,363.1403222351381,596.893121045086,446.6877417344857,544.4170559049999,510.9018740769594,366.274624245234,565.4493628409964,166.7274818046435,657.9729513774639,,,,,,,,,,,809.9468046025187,463.0758742696749,769.88633749379,409.2633065116812,707.7029258623307,482.50819040450585,,,,,,
labeled-data,RAT 11 FR1 10-02-25,img29794.png,815.953125,308.12109375,,,728.484375,342.13671875,642.23046875,368.86328125,543.828125,464.8359375,470.56575970621975,554.2387212749595,304.2223468369718,550.2588898922435,154.94047847859403,582.5923520897418,,,,,,,668.95703125,594.82421875,,,851.2176144063696,535.0549433000505,828.1015625,429.60546875,677.3613146313409,489.74428280210014,616.2733720491115,580.2166216143465,,,795.2548193048945,519.4205340602225
labeled-data,RAT 11 FR1 10-02-25,img30413.png,795.9627755179984,350.00770159142104,,,757.2962012042508,354.84102338063946,634.3917328498385,375.5552596201472,541.1776697720541,475.6740681111008,479.0349610535312,539.8882004535745,343.01147641409744,618.6022981637037,,,,,,,,,656.002866251458,597.3846972431759,,,878.9216196270387,545.2956418061683,837.4744142255488,450.0790888567997,677.8466636927837,521.211454883681,603.9138108144505,582.262068245335,,,797.7921915706027,537.7928889478114
labeled-data,RAT 11 FR1 10-03-25,img00097.png,869.585376343975,201.14335159707585,1125.720875726378,137.4712500556874,764.6711181223687,248.8974277531172,654.6920336417887,303.1634233849824,598.2553981846489,411.6954146487127,554.8426016791568,536.8689779062149,430.3925850300794,549.1692702494378,292.91872804929864,552.0634511629145,113.47916915993122,652.6364297339715,770.459489609712,485.4971659479379,744.4118117064168,583.1759580852952,710.405121110448,672.8957375299789,,,959.3051557886585,371.9003484252336,898.5272406809695,350.9174967809124,691.592910671457,536.8689751461037,680.739711545084,629.4829410244869,,,,
labeled-data,RAT 11 FR1 10-03-25,img00157.png,894.909507638845,377.6887212926325,996.9295794267516,473.1968736047152,811.7016476699852,321.25208583549284,698.1048301472807,314.0166197512441,612.0027837447215,395.05383989482937,538.9245762938097,536.8689751461037,398.5565342593852,512.991937068083,263.9768650923596,505.0329243754095,169.19225938870176,649.0186994519584,,,751.647279170721,587.5172377358444,705.3402962315295,667.10736466258,,,941.9400371864612,533.9747887124042,895.6330542472698,490.56199220691207,702.4461097978299,513.7154836765078,667.7158725934362,621.5239283318133,,,927.469105017964,555.6811869651502
labeled-data,RAT 11 FR1 10-03-25,img01578.png,,,,,,,,,,,637.4802513890314,562.1110802340359,504.12299262400217,563.7177941950604,386.8328734692175,556.4875813704504,315.3341022036295,637.626636402185,864.0269198934785,497.0391648125458,836.712782556063,593.4420024740127,827.8758557704284,673.7777005252349,947.5760458667496,252.81864273682964,815.0221440822327,198.1903680619984,753.1636565827918,253.62199971734185,779.6744369396948,524.3533021499613,791.7247916473782,644.8568492267949,,,924.2786934318952,216.6675786137796
labeled-data,RAT 11 FR1 10-03-25,img01693.png,966.053256418531,455.2646018259102,1030.3218148595088,595.0487164350371,881.7007734647474,378.9456886772489,778.0677229786703,304.233489489612,651.9406770382515,387.7826154628833,610.1661140516158,554.0775104289137,471.9887134035132,553.2741534484014,345.861667463094,562.9144372145481,316.1374591841418,642.4467782852583,,,,,814.2187871017205,678.5978424083085,,,937.935762100603,614.3292839673304,901.7846979775528,558.0942953314748,764.4106543099626,529.1734440330347,774.0509380761093,640.8400643242338,,,,
labeled-data,RAT 11 FR1 10-03-25,img01949.png,631.0533955449336,133.92180962102051,632.0868010932938,74.15842884722088,613.3795419736646,211.044079750194,611.7728280126403,320.30062909985645,650.3339630772268,442.41089013771455,757.9837984658649,534.7969428966203,877.6839885621863,530.7801579940592,963.6431854769942,450.4444599428368,823.8590708678672,400.6363271510789,539.4706997665401,480.16866822178906,544.2908416496134,575.7681489027437,,,553.93112541576,226.30786237992623,,,676.0413864536181,222.29107747736512,710.5857366156436,417.5068237418356,,,614.9862559346891,570.1446500391581,,
labeled-data,RAT 11 FR1 10-03-25,img02045.png,781.9996835927952,394.1971667675049,,,717.1497288036851,331.8738335935548,591.6608552507316,337.7692840289285,544.4972517677426,457.3627071465083,,,,,,,,,,,,,,,,,,,,,,,,,,,,
labeled-data,RAT 11 FR1 10-03-25,img02434.png,934.722334178554,453.6578878648857,999.289142496567,524.7392835507786,859.2067780104051,360.4684781254677,700.9454528494971,319.49727211934425,610.969471032128,437.5907482546412,553.93112541576,564.5211511755726,424.590651553292,550.0607255263526,287.2166078857017,543.6338696822547,210.8976947370404,647.2669201683317,,,804.5785033355738,590.2285745519638,817.4322150237695,670.564272603186,,,,,,,773.2475810955972,517.9264463058636,772.4442241150847,631.1997805580871,,,,
labeled-data,RAT 11 FR1 10-03-25,img03003.png,971.6767552821166,499.4492357540825,,,896.9645560944797,386.1759015018589,757.983798465865,377.3389747162244,706.5689517130827,537.207013838157,652.7440340187637,714.7489065313584,,,,,,,,,,,923.4753364513832,678.5978424083085,,,,,,,891.3410572308942,579.7849338053048,844.7463523611851,685.0246982524061,,,,
labeled-data,RAT 11 FR1 10-03-25,img03540.png,,,995.0781064713002,490.2087881435901,735.8816649737357,364.06506780047823,695.1964629735736,460.829872557621,677.6028621086384,588.3834788284,631.419659838184,707.1402846667115,430.1928499454894,714.8374850451206,230.06564010685327,714.8374850451206,,,,,,,997.5864778396444,707.1402846667116,952.5028756232488,545.4990767201209,1015.1800787045796,428.9414709899262,958.0008758935406,445.4354718008029,893.1244727040927,544.3994766660624,885.4272723256836,692.8454839639517,,,1003.0844781099368,530.1046759633027
labeled-data,RAT 11 FR1 10-03-25,img03859.png,,,976.549547960126,496.9464457840171,920.6144740555536,278.29626358392005,777.6664670279562,359.6666675842446,692.9972628654565,499.3158744496664,634.7184600003592,675.2518830990168,463.1808515672426,693.9450840180103,323.53164470182065,657.6582822340819,165.1892369174053,718.1362852072959,,,,,912.9172736771444,706.0406846126532,945.9052752988975,505.9134747740172,,,1030.5744794613977,336.5750664490174,894.2240727581509,576.2878782337573,831.5468696768199,680.7498833693091,,,,
labeled-data,RAT 11 FR1 10-03-25,img04305.png,,,,,851.9028816122259,354.61342812999607,701.147791907671,398.4082027927718,640.5088731438277,544.1100492670063,611.8738281720127,713.3936974827354,,,323.8389640437573,710.8670758675754,172.24166713414914,715.9203190978957,,,,,894.8554490699481,715.0781118928422,918.4372508114428,566.8496438034476,1016.1332865976348,446.4140134808145,958.8631966540048,414.410139688786,882.2223409941473,605.591175235903,830.005494280838,704.9716254322017,,,992.5514848561404,551.6899141124868
labeled-data,RAT 11 FR1 10-03-25,img04535.png,1036.7486707036066,287.3629928988553,1207.060350572198,449.64110296232457,898.5712700555042,279.32942309373306,746.7368007386938,311.463702314222,,,684.8783132392525,522.7465881889369,578.8351918116391,505.072734617668,445.4779330466099,517.1230893253514,312.92403126209285,570.9480070196704,866.4369908350152,517.9264463058636,869.6504187570642,603.0822862401594,778.0677229786706,636.0199224411605,,,1115.4776547938047,480.16866822178906,999.7942496000444,473.7418123776913,774.0509380761096,525.1566591304736,771.6408671345728,611.9192130257939,815.0221440822327,585.4084326688904,,
labeled-data,RAT 11 FR1 10-03-25,img04586.png,902.5880549580652,327.5308419244665,,,778.8710799591828,300.21670458705086,663.9910317459348,362.0751920864921,602.9359012270058,480.16866822178906,551.5210544742233,573.3580779612071,495.2860658383677,545.2405836432793,447.0846470076343,502.6626636761314,373.979161781022,552.4707964678893,,,,,793.331505608403,669.7609156226738,,,1030.3218148595088,425.5403935469578,958.823043593921,407.86653997568897,782.887864861744,549.2573685458403,735.4898030115228,639.2333503632094,,,929.9021922954807,533.1902320001595
labeled-data,RAT 11 FR1 10-03-25,img04723.png,860.0101349909173,416.703469825887,995.7774646974832,545.2405867078429,759.5905124268893,350.02484044337245,631.0533955449336,345.20469856029905,551.5210544742233,430.3605384945948,493.67935187734327,581.391650830893,422.1805806117553,647.2669232328954,335.4180267164351,709.1254107323366,,,,,,,719.4226634012781,615.9360009929186,,,865.6336338545029,599.0655044021619,806.1852172965984,536.4036599222084,708.9790226546193,511.4995935263294,645.5138211941536,593.4420055385764,,,,
labeled-data,RAT 11 FR1 10-03-25,img05113.png,,,,,949.9861168082864,274.50928427522337,852.7799221663073,364.4852660925925,779.6744369396948,509.89287956530507,687.288384180789,671.367632648262,563.5714091819067,693.8616281026043,428.6074364558531,667.3508477457009,315.3341022036295,691.4515571610677,,,,,974.8901832041654,713.1421956348975,,,,,1032.731885801045,356.45169628747027,973.2834692431408,587.8185066749908,898.5712700555041,701.0918409272142,,,,
labeled-data,RAT 11 FR1 10-03-25,img05984.png,,,,,894.0132418648947,374.8264010512772,766.8399539018346,387.45950912707787,737.3627017249662,566.0074365983942,698.6211702925108,710.024868662522,,,,,,,,,,,981.6027911904462,688.1274813311343,967.2852687045388,544.1100492670064,,,998.4469352915136,455.6782927364016,941.176845347884,552.5321213175403,915.9106291962828,681.3898236907071,,,,
labeled-data,RAT 11 FR1 10-03-25,img08317.png,861.6168489519418,398.2262592741059,923.4753364513832,566.1278682011607,761.1972263879138,330.74427291107907,628.6433246033968,345.20469856029905,582.8519767142001,456.8713188514983,569.9982650260044,570.948010084234,484.8424250917088,593.4420055385764,427.80407947534087,587.8185066749908,419.7705096702186,619.1494289149675,,,788.5113637253294,591.0319345970397,637.4802513890314,599.0655044021619,,,847.1564233027218,549.257371610404,801.3650754135251,491.4156690135238,746.7368007386938,477.7586003448161,,,721.0293773623026,577.3748659283319,,
labeled-data,RAT 11 FR1 10-03-25,img08382.png,982.9237530092878,384.569190605398,,,880.8974164842352,316.28384726185897,745.1300867776692,322.7107031059568,671.2212445705447,419.9168977479359,,,636.6768944085192,536.4036599222084,488.8592099942699,555.6842274545018,414.1470108066331,627.9863557006018,,,,,807.7919312576225,676.1877745313354,,,1150.0220049558302,449.64110602688817,987.743894892361,454.4612479099616,782.887864861744,542.027158785794,781.2811509007194,636.0199255057241,,,,
labeled-data,RAT 11 FR1 10-03-25,img09691.png,,,,,,,789.3147207058416,317.89056122288343,735.4898030115226,431.1638954751071,690.501812102838,566.9312251816729,632.660109505958,660.9239919016031,521.7968461952711,690.6482001805554,420.5738666507309,693.8616281026043,,,,,828.6792127509407,585.4084357334541,,,,,,,844.7463523611851,468.9216735591816,758.787155446377,571.7513670647463,,,,
labeled-data,RAT 11 FR1 10-03-25,img09776.png,962.03647151597,284.95292502188227,1178.9428562542705,395.01283135205705,852.7799221663073,286.5596389829067,711.3890935961559,333.957700833128,671.2212445705447,442.4108932022782,644.7104642136413,542.8305157663062,553.1277684352478,579.7849368698685,480.0222832086354,619.1494289149675,418.9671526897064,701.8951979077266,849.5664942442584,530.7801610586228,899.3746270360166,613.5259300513819,782.0845078812315,642.4467813498218,,,1141.988435150708,460.8881037540594,1003.8110345026056,452.85453394893705,770.8375101540605,529.1734470975985,763.6072973294505,605.4923602462598,816.6288580432572,587.8185066749908,,
labeled-data,RAT 11 FR1 10-03-25,img09891.png,,,,,817.4322150237695,360.46848119003135,787.7080067448171,454.4612479099616,748.3435146997181,606.295717226772,700.1420958689847,716.3556235569467,,,531.4371299614178,702.6985548882387,422.1805806117553,689.0414862195308,,,,,978.1036111262144,709.9287677128488,,,,,,,961.2331145354576,560.5043693375751,891.3410572308941,716.3556235569467,,,,
labeled-data,RAT 11 FR1 10-03-25,img10424.png,,,,,864.8302768739906,313.87377632032235,743.523372816645,387.7826185274469,692.1085260638627,528.3700901170862,634.2668234669824,664.9407768041642,513.7632763901488,705.9119828102877,,,,,,,,,918.6551945683096,698.6817699856776,,,,,,,910.6216247631876,577.3748659283319,843.1396384001606,676.1877745313354,,,,
labeled-data,RAT 11 FR1 10-03-25,img11432.png,,,,,872.0604896986007,348.418126482348,785.2979358032804,465.7082456371327,730.6696611284493,599.8688613826741,698.5353819079603,713.9455526154098,,,292.8401067492872,713.1421956348975,266.32932639238385,600.6722183631864,,,,,1007.8278194051666,713.1421956348975,,,,,,,994.1707507364588,616.739357973431,933.1156202175298,718.7656944984833,,,,
labeled-data,RAT 11 FR1 10-03-25,img11483.png,,,,,855.9933500883562,358.0584102484946,823.0557138873551,466.511602617645,782.0845078812315,609.5091451488208,713.7991645376925,715.5522665764344,,,300.07031957389734,713.1421956348975,263.9192554508472,599.8688613826741,,,,,999.7942496000444,709.1254107323366,,,,,,,995.7774646974832,596.6554334606253,,,,,,
labeled-data,RAT 11 FR1 10-03-25,img11744.png,900.1779840165286,419.1135407674237,1032.731885801045,529.9768040781106,801.3650754135251,361.2718381705436,653.5473909992759,370.1087649561781,592.4922604803468,500.2525957991584,626.2332536618602,647.2669232328954,557.1445533378089,713.9455526154098,,,,,,,,,860.0101349909173,628.7897126811141,,,933.1156202175298,612.7225730708699,860.0101349909173,546.8473006688673,807.7919312576225,502.66266674069504,775.6576520371339,625.5762847590653,,,932.3122632370176,582.9983647919173
labeled-data,RAT 11 FR1 10-03-25,img11918.png,,,735.4898030115226,499.44923881864617,882.5041304452595,358.86176722900683,820.6456429458183,315.4804902813468,701.7488098300092,387.7826185274469,658.367532882349,541.2238018052818,537.8639858055155,566.9312251816729,391.6530153522908,577.3748659283319,246.24540187957825,648.8736371939196,,,,,,,969.2666843405798,509.08952258479286,814.2187871017205,640.0367104082853,819.038928984794,529.9768040781106,,,,,,,974.0868262236532,656.907206999042
labeled-data,RAT 11 FR1 10-03-25,img12886.png,,,,,888.1276293088451,282.5428540803456,784.4945788227683,360.46848119003135,698.5353819079603,509.08952258479286,639.890322330568,680.2045594338965,496.8927797993922,703.501911868751,334.6146697359229,693.058271122092,198.84734002935707,717.1589805374588,,,,,902.5880549580652,699.4851269661899,,,,,,,913.8350526852364,570.948010084234,823.8590708678672,682.6146303754332,,,,
labeled-data,RAT 11 FR1 10-03-25,img13312.png,967.6599703795551,509.08952258479286,,,908.2115538216508,396.6195453130814,766.017368270987,385.3725475859104,688.0917411613015,533.9935889806717,650.3339630772268,713.1421956348975,,,,,,,,,,,967.6599703795551,699.4851269661899,,,,,,,930.705549275993,574.9647949867951,900.9813409970408,707.5186967713119,,,,
labeled-data,RAT 11 FR1 10-03-25,img13811.png,,,,,921.8686224903588,298.60999369059004,762.000583368426,322.7107031059568,667.2044596679837,459.28138979303486,595.7056884023957,621.5594998565041,452.7081458712198,598.2621474216496,410.9335828845842,542.027158785794,465.5618575594154,497.8425248576216,,,,,856.7967070688685,687.4347722585064,,,,,1039.9620986256557,402.243044176667,835.9094255755506,563.7177972596239,789.3147207058416,658.5139209600663,,,,
labeled-data,RAT 11 FR1 10-03-25,img14084.png,941.9525470031642,450.4444630074005,1055.2258812553878,578.1782229088441,827.8758557704284,358.86176722900683,681.6648853172037,353.2382683654214,637.4802513890314,496.2358108965973,630.2500385644213,652.0870651159685,526.6169880783444,684.2213443364576,403.7033700599741,683.4179873559452,337.8280976579718,671.367632648262,,,,,895.3578421334552,636.0199255057241,,,,,,,836.712782556063,520.3365203119639,807.7919312576225,629.5930696616264,,,,
labeled-data,RAT 11 FR1 10-03-25,img16160.png,,,,,859.0368710282811,370.662668124829,695.1964629735733,347.5710669896017,605.0292585407813,452.0330721251535,559.9456563243853,572.989078071582,545.6508556216255,505.91347477401706,427.99364983737246,498.2162743956081,304.8384437828272,509.2122749361925,,,,,779.8656671360732,632.3674809907378,898.6224729743847,579.5866783959327,995.3872777315274,468.5270729360302,889.8256725419171,468.5270729360302,739.1804651359108,520.2082754767769,711.69046378445,608.1762798014521,,,968.9968764341248,538.9014763957704
labeled-data,RAT 11 FR1 10-03-25,img17040.png,859.2067780104051,469.7250305396939,930.705549275993,671.367632648262,809.3986452186473,395.81618833256925,758.787155446377,353.2382683654214,679.2548143756669,361.2718381705436,592.4922604803468,466.511602617645,520.1901322342467,501.8593097601827,441.4611481440487,517.9264493704272,372.37244781999743,549.257371610404,,,,,683.271599278228,558.8976553765507,,,763.6072973294505,636.0199255057241,745.1300867776692,546.0439436883551,663.1876747654223,436.7873943386926,652.7440340187636,505.0727376822316,,,,
labeled-data,RAT 11 FR1 10-03-25,img17446.png,,,,,832.6959976535018,322.7107031059568,659.1708898628613,348.418126482348,604.5426151880301,470.5283875202061,549.9143405131989,580.5882938503808,474.3987843450499,545.2405867078429,436.6410062609753,484.98881316942607,347.4683814241185,484.98881316942607,,,804.5785033355738,582.9983647919173,758.787155446377,676.1877745313354,877.6839885621863,538.0103738832329,,,967.6599703795551,419.1135407674237,748.3435146997181,550.8640855714285,721.0293773623026,636.8232824862365,,,,
labeled-data,RAT 11 FR1 10-03-25,img19779.png,907.4081968411384,470.5283875202061,1031.2930162885957,484.3133377082165,831.8926406729895,411.0799709623016,693.715240024887,374.12554985873913,619.0030408372501,534.7969459611841,555.5378393767844,700.2884839467021,,,,,,,,,,,786.904649764305,649.6769941744319,,,,,,,,,,,,,,
labeled-data,RAT 11 FR1 10-03-25,img20250.png,670.4178875900325,424.7370396310093,,,749.9502286607426,346.00805554081137,818.2355720042816,415.9001128453748,768.4274392125237,559.7010123570628,692.1085260638627,688.2381292390189,498.4994937604166,709.1254107323366,153.05599214016024,709.9287677128488,,,692.1085260638627,517.9264493704272,,,,,,,,,,,901.7846979775528,533.9935889806717,,,,,,
labeled-data,RAT 11 FR1 10-03-25,img21705.png,319.3508871061906,434.377323397156,303.6259911224762,548.3210852922732,441.4611481440487,372.5188358977148,576.4251208701023,333.957700833128,676.0413864536181,383.7658336248858,750.7535856412549,490.6123120330117,,,,,496.08942281888,561.3077263180874,620.6097547982746,524.353305214525,630.2500385644213,605.4923602462598,569.9982650260044,560.5043693375751,413.3436538261208,554.8808704739896,458.3316447348054,601.4755753436987,,,,,,,672.024601551057,566.1278682011607,361.9288070733385,611.9192160903574
labeled-data,RAT 11 FR1 10-03-25,img23011.png,937.935762100603,315.4804902813468,1125.9212955404637,377.338977780788,810.2020021991594,309.85699141776115,682.4682422977158,350.02484044337245,615.7896129152014,443.2142501827904,552.3244114547356,523.5499482340128,443.0678621050731,554.0775134934775,324.9743859697762,586.2117927139662,202.06076795140592,650.4803511549442,,,,,788.5113637253294,587.0151496944786,,,922.6719794708708,569.3412961232095,873.6672036596253,484.98881316942607,748.3435146997181,493.0223829745484,711.3890935961559,569.3412961232095,,,,
labeled-data,RAT 11 FR1 10-03-25,img23075.png,,,,,835.9094255755506,391.79940343000817,679.2548143756669,372.5188358977148,576.4251208701023,448.837749046376,503.3196356434899,555.6842274545018,410.9335828845842,540.4204448247694,304.8904614569707,559.7010123570628,187.600342302186,662.5307058626277,,,,,702.5521668105214,652.0870651159685,884.9142013867963,599.0655044021619,1039.1587416451432,445.6243211243271,978.1036111262144,489.0055980719872,679.2548143756669,523.5499482340128,659.1708898628613,623.1662138175286,,,990.1539658338976,627.9863557006018
labeled-data,RAT 11 FR1 10-03-25,img23152.png,,,,,776.4610090176461,346.8114125213236,680.8615283366914,440.0008222607415,647.9238921356903,550.8640855714285,609.3627570711035,668.9575617067254,468.77528548146427,668.154204726213,350.68180934616737,613.5259300513819,217.3245505811382,632.8064975836752,,,,,895.3578421334552,702.6985548882387,954.0029017108474,547.6506576493796,,,958.823043593921,418.3101837869115,850.3698512247707,587.0151496944786,807.7919312576225,697.0750560246531,,,,
labeled-data,RAT 11 FR1 10-03-25,img23974.png,801.3650754135251,415.9001128453748,733.0797320699859,585.4084357334541,838.3194965170874,346.00805554081137,754.770370543816,332.3509868721035,667.2044596679837,413.4900419038381,618.1996838567379,519.5331633314518,499.3028507409288,562.1110832985996,377.1925897030708,562.1110832985996,272.75618223648166,542.027158785794,,,,,,,913.8350526852364,550.8640855714285,756.3770845048405,619.9527858954797,,,,,,,,,887.324272328333,642.4467813498218
labeled-data,RAT 11 FR1 10-03-25,img25352.png,823.8590708678672,370.1087649561781,950.7894737887988,425.5403966115215,746.7368007386938,322.7107031059568,641.4970362915925,342.7946276187625,594.9023314218834,443.2142501827904,562.7680522013945,554.8808704739896,469.5786424619765,629.5930696616264,325.7777429502884,668.154204726213,192.42048418525928,709.9287677128488,,,,,757.1804414853527,574.9647949867951,,,806.1852172965984,539.6170878442573,814.2187871017205,468.9216735591816,756.3770845048405,470.5283875202061,688.8950981418135,560.5043693375751,,,,
labeled-data,RAT 11 FR1 10-03-25,img26585.png,888.1276293088451,372.5188358977148,1039.9620986256557,430.3605384945948,778.8710799591827,335.5644147941524,665.5977457069591,340.3845566772257,598.1157593439324,431.9672524556193,558.7512672988333,535.6003029416962,463.1517866178788,544.4372297273308,385.226159508193,546.0439436883551,403.7033700599741,582.9983647919173,,,791.7247916473782,549.257371610404,711.3890935961559,623.9695707980408,,,955.609615671872,533.1902320001595,853.5832791468197,523.5499482340128,688.8950981418135,513.9096644678662,686.485027200277,591.0319345970397,733.0797320699859,550.0607285909161,920.2619085293342,510.6962365458172
labeled-data,RAT 11 FR1 10-03-25,img26742.png,908.2115538216508,328.3342019695424,1122.7078676184146,360.46848119003135,825.4657848288917,316.28384726185897,748.3435146997181,319.4972751839079,,,637.4802513890314,481.77538524737713,569.1949080454923,508.2861656042805,478.41556924761096,519.5331633314518,409.3268689235597,558.8976553765507,,,,,684.0749562587403,575.7681519673074,,,872.0604896986007,693.058271122092,849.5664942442584,538.0103738832329,702.5521668105214,493.82573995506056,688.8950981418135,546.0439436883551,,,,
labeled-data,RAT 11 FR1 10-03-25,img27321.png,416.5570817481697,294.59320878802896,,,467.1685715204399,284.14956804137006,566.7848371039556,303.43013557366345,627.8399676228846,395.01283135205705,688.0917411613015,519.5331633314518,779.6744369396948,542.8305157663062,862.420205932454,510.6962365458172,849.5664942442584,452.85453394893705,481.6289971696599,485.7921701499384,,,,,400.48994213792525,462.4948177150837,386.8328734692175,538.8137308637451,,,,,,,,,,
labeled-data,RAT 11 FR1 10-03-25,img28407.png,949.9861168082864,378.9456917418125,1027.10838693746,532.3868750196473,841.5329244391362,314.6771333008346,700.9454528494971,321.1039891449324,622.216468759299,432.7706094361315,,,580.4419057726634,496.2358108965973,461.5450726568543,486.5955271304506,346.6650244436062,486.5955271304506,,,,,744.3267297971571,652.0870651159685,895.3578421334552,565.3245112206484,1120.297796676878,448.837749046376,958.823043593921,433.57396641664366,,,739.5065879140836,607.9024311877963,,,962.03647151597,623.1662138175286
labeled-data,RAT 11 FR1 10-03-25,img28462.png,,,,,834.3027116145263,370.9121219366903,673.6313155120814,391.79940343000817,602.9359012270058,496.2358108965973,521.7968461952711,607.9024311877963,403.7033700599741,595.0487194996008,392.45637233280297,536.4036599222084,377.1925897030708,484.98881316942607,,,,,740.309944894596,703.501911868751,922.6719794708708,539.6170878442573,,,943.5592609641886,427.9504675530582,755.5737275243282,563.7177972596239,696.1253109664236,672.1709896287744,,,,
labeled-data,RAT 11 FR1 10-03-25,img28919.png,908.2115538216508,268.8857854116378,,,776.4610090176461,308.2502774567368,672.8279585315692,369.3054079756658,615.7896129152014,486.5955271304506,562.7680522013945,605.4923602462598,476.0054983060743,597.4587904411375,431.820864377902,549.257371610404,380.40601762511966,536.4036599222084,,,814.2187871017205,598.2621474216496,778.8710799591827,681.811273394921,,,,,955.609615671872,391.79940343000817,779.6744369396948,560.5043693375751,698.5353819079603,656.907206999042,,,,
labeled-data,RAT 11 FR1 10-03-25,img29083.png,,,,,,,797.3482905109638,320.30063216442016,786.1012927837928,444.8209641438149,827.0724987899162,594.2453625190885,811.0053591796716,709.9287677128488,465.5618575594154,710.7321246933611,373.1758048005096,656.1038500185298,698.5353819079603,501.0559527796705,729.866304147937,586.2117927139662,,,,,,,,,880.094059503723,475.3485294032794,,,,,,
labeled-data,RAT 11 FR1 10-03-25,img29336.png,807.7919312576225,303.43013557366345,,,695.3219539859115,264.06564352856446,608.5594000905912,321.1039891449324,582.8519767142001,430.3605384945948,560.3579812598578,547.6506576493796,455.1182168127565,614.3292870318941,527.4203450588566,711.5354816738733,,,,,,,778.8710799591827,560.5043693375751,,,,,,,750.7535856412549,454.4612479099616,709.7823796351314,552.4707995324529,,,,
labeled-data,RAT 11 FR1 10-03-25,img30144.png,815.0221440822327,219.88100960039213,851.9765651857952,278.5260691777845,727.4562332064004,235.94814921063664,652.7440340187636,305.8402065152001,612.5761849931523,414.2933988843504,560.3579812598578,520.3365203119639,405.3100840209986,587.0151496944786,475.2021413255621,713.1421956348975,,,,,,,782.887864861744,566.1278682011607,,,,,,,782.0845078812315,449.64110602688817,714.6025215182049,542.8305157663062,,,,
labeled-data,RAT 2 FR1 10-02-25,img00910.png,909.6796875,376.234375,,,858.3515625,364.828125,727.1796875,319.203125,603.13671875,440.39453125,550.3828125,547.328125,424.9140625,545.90234375,312.27734375,635.7265625,,,,,,,767.6533559867669,640.6172157076019,,,949.6015625,563.01171875,874.03515625,503.12890625,728.5520367468686,518.6171289478712,719.22016337479,622.4387662468857,,,,
labeled-data,RAT 2 FR1 10-02-25,img01667.png,,,,,831.1710511210232,386.949477099392,711.5463863452943,353.37062382901183,583.5270082519703,470.896610275342,509.0239275583145,589.4719358863715,441.8662210175544,616.7547541685551,344.27767870051235,630.3961633096471,,,,,,,763.0325259921103,637.6549210701586,,,1008.1782216118742,496.35566595598925,914.5461850904368,429.1108397269568,725.5797113835354,550.8324872048256,717.0677080634047,629.994118082041,,,981.791011319469,529.5524789044989
labeled-data,RAT 2 FR1 10-02-25,img01790.png,,,,,803.8901419287376,303.98439092103564,711.1093057393133,372.9316178140942,631.9476748620978,466.5636543355318,528.1012343565034,604.458108121649,464.2612094555232,630.8453184140541,368.0755719380464,632.5477190780803,,,,,,,771.5445293122411,642.762123062237,,,,,881.9458656851377,349.0497456693133,772.141022855452,533.7602177161492,721.0690029346677,625.6898535735606,,,,
labeled-data,RAT 2 FR1 10-02-25,img01900.png,947.488291250144,494.6050024435481,,,868.3266603729287,455.4497871709469,738.0930095749292,371.1809543016532,631.6929680732954,424.8065752184765,543.1681335439363,572.9154329887504,448.6848966904857,609.5170472653124,373.7792674733356,613.7730489253777,,,,,,,773.8434235194779,647.8210622059005,,,955.1490942382616,623.9874529095346,930.4642846098828,545.6770223643322,730.4322065868115,525.2482143960185,715.1106006105762,620.5826515814822,,,,
labeled-data,RAT 2 FR1 10-02-25,img02479.png,,,,,,,728.0996637967023,330.7946529225993,586.046875,464.078125,510.34375,597.671875,415.34375,658.53125,262.453125,703.0625,,,,,,,779.015625,646.65625,,,,,,,709.25,529.390625,712.21875,627.359375,,,,
labeled-data,RAT 2 FR1 10-02-25,img02578.png,972.2152348793326,242.6697061286066,,,871.7735957017903,275.8665190771163,731.3255409196341,317.5753353457567,612.1574944378044,464.8329927840176,545.7638685407851,555.9114283094159,465.7510373315566,601.8762462381217,361.9045968259621,650.3946651628667,255.5045553243285,652.0970658268927,,,,,773.5476507023374,646.4102020197377,,,1127.1749492060271,439.6903865739606,999.1555711127036,375.6806975272987,746.2648324201537,508.9467714441194,725.2780491261661,623.3247403963513,,,,
labeled-data,RAT 2 FR1 10-02-25,img03055.png,906.7624563326948,393.7610790497732,,,846.9641971800304,374.2056317396087,742.0302807100926,314.3932993517442,632.8990075813576,409.88316333938735,566.7906402052968,506.42236649173,498.5835944998374,505.3730273270306,418.8338179826848,465.4981390684544,539.1299025871735,492.7044866013264,,,,,778.010732446309,604.4897896728116,,,953.3912659408074,625.2040259123194,893.3199808462351,496.0852866860549,720.7013455170046,466.3948814094273,749.7012762523152,563.7517917351133,,,,
labeled-data,RAT 2 FR1 10-02-25,img03439.png,880.171875,187.41796875,,,807.08984375,230.103515625,682.98828125,300.328125,594.73828125,440.77734375,523.03515625,539.91796875,432.02734375,560.572265625,294.13671875,594.99609375,,,,,742.2850177019421,567.9283566724406,741.2890783137752,646.2466983608712,,,1068.4713091878032,255.4152030433761,934.647864366101,275.54296875,710.56640625,486.216796875,686.9516371934849,599.4541474880303,,,,
labeled-data,RAT 2 FR1 10-02-25,img03487.png,919.3545263090874,355.9848691205957,,,848.6881766386643,348.83826714444285,740.5857344730048,303.7246495477501,609.5008833429921,426.2974973576321,509.9104444974631,549.7215454995271,429.0464129562215,538.6559411833572,328.6047737786794,516.5247325510175,,,,,754.2049397852139,566.7455521397885,738.8833338089786,647.60958368103,,,1030.8450476894614,467.15511329425937,899.7601965594486,438.2143020058151,721.0081268367042,516.5247325510175,691.2161152162467,610.1567690724548,,,934.6594101719844,541.2095421793964
labeled-data,RAT 2 FR1 10-02-25,img03488.png,916.2065088149892,357.0342082852951,,,847.8369763066514,347.13586648041667,724.4129281647563,309.6830518718416,590.7744760387045,439.91670266984113,521.827249145646,548.0191448355009,422.2368103001169,542.0607425114094,314.1343681344572,514.8223318869913,,,,,755.0561401172268,567.5967524718016,738.0321334769656,643.3535820209647,,,1001.9042364010168,490.1375222586123,899.7601965594486,439.06550233782815,711.6449231845604,509.7151298949128,691.2161152162467,615.2639710645333,,,937.2130111680236,541.2095421793964
labeled-data,RAT 2 FR1 10-02-25,img03555.png,890.32421875,459.4609375,1119.205051137682,470.5265415354604,819.6171875,422.5703125,710.482421875,345.71484375,587.513671875,468.68359375,531.7995805604995,524.7344998798981,424.580078125,545.473229383899,309.296875,530.16796875,,,,,,,730.46484375,642.3516859786112,,,898.5798716061793,665.1030112583198,845.748046875,590.115234375,682.814453125,527.09375,682.814453125,614.708984375,,,,
labeled-data,RAT 2 FR1 10-02-25,img03861.png,889.9871029327047,261.92634111677535,,,830.3288658637641,276.5093596020593,717.9242297647027,336.9201079331229,610.0674871836661,465.008909381579,542.2774358332358,551.270953891964,459.7110036279682,597.2357718206697,349.0549604662693,608.3013761368397,,,,,,,735.4999112002025,642.3493894173627,,,,,919.6902673215096,319.173813078012,733.2773946106477,495.3722818047173,685.6101760179156,606.8795252984294,,,,
labeled-data,RAT 2 FR1 10-02-25,img03932.png,876.331620556413,159.75844532181225,,,832.0166331241635,210.2201705803392,750.3014012509091,292.78660278560693,669.4373697096675,387.2698396390575,607.2997454727133,484.30667748854745,497.4949026430275,537.9322984053708,372.3684538371063,543.8907007294622,,,,,743.8767324592983,567.3092977847367,735.3761631107293,647.5102012729802,,,,,926.3669292982986,215.21970925917472,747.9792712994047,449.2223429871357,685.0189214174421,592.9818085509503,,,,
labeled-data,RAT 2 FR1 10-02-25,img04361.png,922.3155388681312,446.6292322760985,,,833.9597124644822,415.9987907782576,704.2962387615784,342.0793342217424,587.171875,441.0703125,539.09765625,504.65234375,452.25390625,490.6953125,258.40625,538.76953125,,,,,,,705.8503690920329,628.2388542333208,,,906.6328125,650.42578125,849.25390625,549.625,666.26171875,510.16920959929297,679.270120047096,598.6899026297096,,,,
labeled-data,RAT 2 FR1 10-02-25,img04392.png,891.0223688622042,411.59984484966265,,,835.2404054721162,402.82347533829306,704.050242621901,338.60934299581925,563.193436193249,452.53764231311135,500.360252933409,513.9898764903174,397.5091060006208,505.86490778521056,279.40839971199387,542.2993326843113,,,,,,,704.1984658855176,627.8835304851189,,,989.3030221505016,546.9243616011872,,,683.4228003471053,506.8768382048057,670.3037840620837,603.5432739891748,,,,
labeled-data,RAT 2 FR1 10-02-25,img04449.png,,,,,849.581452660868,379.7163926126648,707.9206654264519,347.18687850698404,576.75326983903,439.5287250005293,483.3620841807856,544.4626414704669,391.0202376872404,562.3014072703563,259.8528420998184,565.4494247644544,,,,,725.7594312263416,566.4987639291538,700.5363834320167,628.4925530178458,,,996.1128667969592,418.3469610476775,888.4070017547451,397.5551584125542,678.9297429284065,525.1157817927701,665.810726643385,603.1394049615824,,,1008.9765736778952,536.8538489951577
labeled-data,RAT 2 FR1 10-02-25,img04546.png,855.3448372624254,364.3795824381907,,,790.6218606303606,357.4890872393005,679.1146171366485,325.9946749548169,567.6073736429365,454.5259250887903,482.4873404416296,548.1579616102279,379.4921002680483,561.7771669224369,270.53845777037543,582.2059748907507,,,,,726.7818357293804,565.1819682504893,703.7994267650275,635.831595807574,,,995.7611406455104,447.7163224326857,892.765900471929,431.5435161244375,695.2874234448971,493.6811403613915,668.0490128204787,606.8907845191295,,,,
labeled-data,RAT 2 FR1 10-02-25,img04848.png,749.1908105542813,410.5774006208401,800.4697546578229,580.5387055893876,673.9764068292408,391.1935015521002,552.2944953436994,326.0774006208401,487.875,540.5,513.0625,594.9375,543.6057473347727,698.5120447760985,,,,,,,,,,,,,,,,,,,,,,,,
labeled-data,RAT 2 FR1 10-02-25,img05125.png,798.822265625,405.890625,813.8562992619553,616.2911324654357,759.5703125,365.44921875,683.4453125,307.166015625,559.7421875,439.1953125,508.595703125,527.21484375,409.87109375,524.8359375,286.16796875,529.59375,,,,,,,692.9609375,628.318359375,,,,,,,627.1175461032009,536.0695792571051,628.73046875,602.150390625,,,,
labeled-data,RAT 2 FR1 10-02-25,img05210.png,786.0884523922665,363.3302432734913,828.0746752389356,585.6107762188029,745.508243033668,340.4650805990391,683.3706187967139,297.05386366637254,559.9465706548189,409.4123074920976,503.7673487419564,525.175552645875,422.9033172007148,525.175552645875,310.5448733749897,528.5803539739272,,,,,,,690.1802214528185,631.5755941475086,,,,,709.757829089119,483.46673637723467,634.8521998719689,515.8123489937312,625.4889962198251,599.2299815310121,,,,
labeled-data,RAT 2 FR1 10-02-25,img05223.png,830.1606973096406,388.5143832262763,784.6634583062689,608.5931851831557,781.2586569782168,356.6378869072874,677.4122164726224,291.09546134228106,567.6073736429365,394.0907015158624,504.6185490739695,527.7291536419142,423.7545175327279,523.4731519818488,310.5448733749897,527.7291536419142,,,,,,,690.1802214528185,632.4267944795217,,,,,714.8650310811975,483.46673637723467,636.5546005359952,497.9371420214568,628.0425972158645,602.6347828590642,,,,
labeled-data,RAT 2 FR1 10-02-25,img05444.png,,,,,,,729.751953125,328.65625,568.109524207771,482.9550844394527,490.396484375,569.3125,367.52734375,548.59375,194.9634255043859,609.1911386368514,,,,,,,726.9928103839666,640.3604391928268,,,993.9015737381292,458.6264276424498,,,707.9887612406482,533.536402017933,683.6871755315755,615.978457204782,,,970.9461387025168,526.2713621103396
labeled-data,RAT 2 FR1 10-02-25,img05578.png,832.4353106428426,472.5788064047622,820.9994751159529,698.0308401277672,809.9338707997829,417.13473056345447,780.1418591793256,328.60989603409524,,,,,,,,,,,,,,,641.3962050611951,595.0355999541858,,,,,752.052248222894,548.219581693467,672.0394170136658,437.5635385317681,648.2058077172999,554.1779840175585,,,950.3819255819392,664.8340271792574
labeled-data,RAT 2 FR1 10-02-25,img05817.png,891.0223688622042,336.0474249913075,,,833.7674800961487,330.3122966981214,755.4570495509465,303.92508640571623,655.0154103734044,408.6227272433237,637.9914037331429,461.397147828134,517.1209565872871,421.39073222351976,383.48250446123535,471.6115518122909,309.4280755760984,635.0420155588001,,,806.5290694717306,572.053190989833,727.3674385945152,606.1012042703558,,,880.5834983568677,631.6372142307478,867.8154933766715,478.4211544683954,707.7898309582147,458.8435468320948,685.6586223258748,566.0947886657415,785.4483748912794,540.8377067569469,1012.5195498188936,509.0643664208659
labeled-data,RAT 2 FR1 10-02-25,img06377.png,961.8494492660042,304.10697362099893,,,877.2507172064016,319.0051965903007,760.093176866101,318.0225057629001,651.046875,464.279296875,571.9453125,533.802734375,424.0387038967992,568.3653240258002,280.81758774689587,573.7418097041946,,,,,,,813.99609375,633.34765625,,,1015.7009324423022,505.577060331762,920.355763148548,442.6592730543561,768.1171875,518.001953125,768.1171875,595.42578125,,,,
labeled-data,RAT 2 FR1 10-02-25,img06419.png,,,,,856.2379297787793,356.4634107924795,737.9210836289626,328.37379983604825,617.0506364831069,443.28584465781256,560.8714145702443,557.3466891475638,453.6201727365977,565.8586924676945,319.98172061054584,599.9067057482173,337.8569275828203,550.5370864914593,,,,,813.6779131781259,627.9963167046485,,,1001.793186553014,480.7386592663876,930.2923586639164,414.34503336936825,752.3914892731848,532.6618795191848,774.5226979055248,613.5259110604263,,,936.2507609880078,537.7690815112633
labeled-data,RAT 2 FR1 10-02-25,img06769.png,,,,,850.269851181382,374.3633961679735,723.4410017114349,326.6961775752417,616.1897598777882,404.155407788431,518.3017216962853,556.5202672187703,425.5208855068609,570.1394725309794,298.6920360369136,608.4434874715674,325.0792463293187,562.4786695428618,,,,,812.8170365728072,625.467494111829,,,990.7179059635384,456.07862804122817,903.0442717661924,399.0482057963525,755.7866143279316,529.2818565943521,764.2986176480622,609.2946878035805,,,966.0330963351596,523.3234542702605
labeled-data,RAT 2 FR1 10-02-25,img06879.png,,,,,,,748.1258113398139,335.2081808953724,628.9577648579842,467.99543268941113,523.4089236883638,555.6690668867573,422.9672845108216,581.2050768471493,279.114428400613,639.937899756051,319.9720443372403,570.1394725309794,,,,,812.8170365728072,628.0210951078681,,,,,,,779.6202236242976,514.8114509501299,764.2986176480622,612.6994891316327,,,,
labeled-data,RAT 2 FR1 10-02-25,img06941.png,407.4387115960928,447.1378826180227,307.2040393570443,662.0691083883909,475.7417050956318,395.6434044683002,588.1001489213569,340.3153828874508,710.6729967312388,439.9058217329799,811.965836240794,519.9186529422084,948.157889362885,573.5442738590317,1039.2363248882834,674.8371133685869,771.9594206361799,626.3186944438419,611.9337582177229,503.74584663396,545.5401323207035,637.3842987600119,,,529.3673260124551,511.4066496220776,,,,,,,,,623.8505628659059,597.3778831553976,445.94969347517446,628.8722954398811
labeled-data,RAT 2 FR1 10-02-25,img07097.png,682.3254595992929,422.8269315920328,,,577.097361851452,391.2515194340657,443.6544361673864,353.58505430435605,301.81006574273994,442.0802174173864,251.19140625,542.6875,439.9436823695076,573.0727151297095,560.5745447760984,698.8142822050631,,,,,,,425.94739925811865,626.6015090467525,,,657.5262939154738,564.5976509231351,599.78125,491.71875,453.24609375,507.19140625,370.421875,599.1171875,,,,
labeled-data,RAT 2 FR1 10-02-25,img07317.png,,,,,878.3594621378136,388.8338018121955,733.6554056955916,334.35698056335906,591.5049502494094,449.2690253851234,560.8617382969389,536.9426595824696,486.8073094118018,510.5554492900644,380.4072679101683,513.9602506181167,,,,,788.1322269444282,555.669066886757,749.8282120038399,628.0210951078678,,,998.3787089516564,479.9122373375938,907.3002734262578,426.28661642077054,688.5417880988991,491.8290419857768,714.9289983913042,593.121881495332,,,994.973907623604,527.5794559303256
labeled-data,RAT 2 FR1 10-02-25,img07362.png,,,,,854.5258528414475,367.5537935118688,733.6554056955916,340.3153828874506,597.4633525735009,440.7570220649928,542.9865313246644,536.0914592504564,473.1881040995928,514.8114509501297,366.7880625979592,518.2162522781821,,,,,783.8545262542636,556.0084270249961,748.0082945556778,629.3811825330389,,,998.9319164457786,433.3471029313978,890.8331239797308,398.0609686031024,683.5970969722814,504.4794689582791,713.2822575976729,593.5349508344532,,,1011.814155962458,522.4025848075719
labeled-data,RAT 2 FR1 10-02-25,img07920.png,,,910.1646451489828,42.99421501220127,,,,,,,572.2381133397945,525.6248032636114,508.3980884388144,550.3096128919904,417.319652913416,522.2200019355591,,,,,765.4605887067612,555.4168148840687,747.5853817344866,616.7032387890097,,,791.8477989991663,229.40708772306337,720.6863566092127,319.58231964017887,697.3645621457158,500.9399936352325,719.4957707780554,589.4648281645915,,,871.0094298763815,283.8839089718998
labeled-data,RAT 2 FR1 10-02-25,img08320.png,,,,,867.3623083438151,397.2614327914166,737.2442519210924,376.2746494974292,580.8927163808853,514.7874192377469,491.6988873814384,602.9319090724946,360.5314917940164,619.7213357076848,172.6997813128279,671.1389547779546,,,,,778.168479344368,620.7706748723838,752.9843393915831,685.8297030837454,,,1022.6510350200404,511.3155011202805,915.531716773674,457.72905283048885,715.4996387506028,545.4026870278349,692.5172297862501,664.5707335096645,,,1034.6997632555035,556.4682913440048
labeled-data,RAT 2 FR1 10-02-25,img08428.png,928.7985787913818,333.9487466619088,,,861.6963115705994,352.19526501258275,710.5914718538891,334.3564992126933,575.2267196076696,458.17852064721967,491.2795864317195,596.6912903875373,325.483998409218,610.3326995286292,177.52717618660597,673.2930494105917,,,,,763.0584300888579,616.6287345168255,748.3676817830667,684.835780222285,,,936.199392264255,668.0463535870952,916.2619481349668,482.3133214353055,705.3447760303922,536.8789579996728,694.8513843833985,661.7503185988986,,,,
labeled-data,RAT 2 FR1 10-02-25,img08600.png,,,,,821.8214233120231,381.5767616241653,684.3579927364046,389.9714749417602,576.276058772369,517.9908530350842,503.871656408112,638.6648569755123,352.7668166914018,669.0956927517941,176.4778370219066,699.5265285280761,,,,,767.2635650028487,609.8314589035679,762.674484397377,672.5511254591086,,,,,889.7669932406899,406.3626504152267,719.6867474590086,543.7683294924972,703.8058330087194,664.6013742229586,,,982.0670731594392,532.0302622901095
labeled-data,RAT 2 FR1 10-02-25,img08689.png,734.6708333219972,169.20249780410654,,,704.2631020923698,245.2462687913169,653.1910821715857,361.8607142771074,595.3094595946969,521.8863766955643,490.04130761945817,660.2372393917866,339.94935999077626,682.7632394460344,173.96529524822785,687.8704414381128,,,,,,,755.8419656896091,673.8243638256034,,,,,,,751.6446090308118,535.3115940852858,699.177650795843,667.5283288374071,,,,
labeled-data,RAT 2 FR1 10-02-25,img08804.png,538.87109375,352.568359375,,,597.3619959909721,361.4532801061616,649.8431928304544,413.808657005101,629.6285960376767,526.0139979010985,565.44921875,624.994140625,439.55570204119147,654.1396864161915,189.31740102445443,646.7793530656459,,,,,,,,,,,,,,,,,,,,,,
labeled-data,RAT 2 FR1 10-02-25,img09197.png,,,,,,,739.9680700230983,358.4825734361387,679.5328464501706,542.3418451509615,577.6681067175442,706.4769847185962,,,,,,,,,,,865.3738189379616,691.155378742361,,,,,,,856.8618156178309,545.6001219681261,804.0873950330206,679.2385740941781,,,,
labeled-data,RAT 2 FR1 10-02-25,img09288.png,871.0849247329159,284.62980592103804,,,840.0610316158529,300.86869740199785,837.2991334505853,363.01140612052086,815.8944226697608,490.0587217228345,788.9659155584009,606.0584446640773,694.3709033979824,673.0344751718189,534.1808098124566,700.6534568244961,351.2050563634721,677.8677969610374,,,,,,,,,,,,,,,,,,,,
labeled-data,RAT 2 FR1 10-02-25,img09363.png,898.3677430150999,380.1196699086814,,,846.6869567023555,363.2137310304249,760.3626629265,322.77761447226106,655.4104952305914,416.8256608491141,585.5325464815245,494.78550544806086,485.4137379905709,485.8093364109409,339.0331352313833,489.9521836588424,349.3902533511371,641.1661082072483,,,,,727.7703019928103,612.1661774719375,,,951.4840533794932,661.1898699054391,890.0318192022871,510.66641989835,714.6512857077889,487.8807600348915,669.079965980872,575.5710267821406,,,,
labeled-data,RAT 2 FR1 10-02-25,img09656.png,943.489327097173,475.6095338963247,,,886.96107443814,439.2505377890735,776.4851478274325,354.3221692070921,648.747357683802,388.8458962729383,576.938005386842,514.512262792618,490.62868772222674,531.0836517842242,364.96232120254695,562.1550061434857,,,,,,,720.5567099807619,610.4882240356702,,,913.8895815495,629.821511192544,837.2469074633218,514.512262792618,701.9138973652049,486.8932811399412,665.3187466754081,589.0835132548457,,,,
labeled-data,RAT 2 FR1 10-02-25,img10037.png,947.7134829515036,434.9228067370999,,,874.7507172064016,397.0602779225994,763.8094902580021,316.27121542259937,666.3331070596025,447.58203125,629.4659144818374,500.83569297067936,533.5006477472105,479.1532823338085,410.3210263212249,550.4220534553062,,,,,,,772.7304363826647,623.2903927410334,,,979.5999662107598,633.3409403101621,913.07421875,525.37890625,743.2100057629002,494.99566468860354,758.9765625,579.23828125,,,,
labeled-data,RAT 2 FR1 10-02-25,img10842.png,866.8875680741186,391.66240072037454,,,803.83670966798,380.48443880065497,680.2417667722509,359.77020256114724,552.5039766286204,486.127043622144,464.1248693151116,580.3460908303716,316.1680470924995,613.9249441007516,176.6059381874824,630.7143707359417,311.9841832702335,520.712601070451,,,730.51190977828,583.0600318410684,717.2038382922838,654.8943075917932,,,,,901.9143103391197,461.6718322248266,680.6022240157218,532.3214597819112,674.6438216916304,636.1679002875055,,,,
labeled-data,RAT 2 FR1 10-02-25,img11210.png,,,,,,,810.8358748137213,380.8078006835851,733.376644600532,525.5118571258067,656.7686147193558,614.0366916551659,485.67734798472907,688.0911205403028,268.62126332139644,705.115127180564,175.93085241282213,654.1807256684779,,,,,832.967083446061,592.7566833548392,,,,,,,852.5446910823616,493.1662445093102,804.75002491142,597.9679272059079,,,,
labeled-data,RAT 2 FR1 10-02-25,img11402.png,894.1703863563023,418.9452190025584,,,828.9147145741637,391.6472789349909,689.3178601240204,331.21205536206304,553.9770073339424,474.2137111402586,460.3449708125048,555.0777426815002,342.8793249947014,571.2505489897485,204.9848712085841,644.4537775428723,,,,,,,700.3834644401902,639.3465755507941,,,890.2011384791047,609.5545639303366,850.1947228744904,506.5593237567553,679.1034561398635,524.4345307290297,626.3290355550532,624.8761699065718,,,,
labeled-data,RAT 2 FR1 10-02-25,img11950.png,435.60917138267473,130.37694871022944,,,510.1333784411395,205.83004833484057,605.6232424287826,331.7507480987657,663.3368964872485,495.4476577918685,725.2479072045118,580.444130132518,846.9712503096393,604.5789309206036,858.5139811213323,540.5692418739417,708.1870689341949,500.4614948853027,558.2460175745213,523.11330217413,493.554792341528,679.7341632645348,472.27478404120126,615.0429380315414,456.953178064966,238.81239128176503,291.82031365443066,249.8779955979349,,,,,,,569.3116218906912,645.686149984012,306.2907192986528,204.76437800124225
labeled-data,RAT 2 FR1 10-02-25,img11976.png,,,,,366.0579195885555,380.8068525386837,526.0835820070124,343.3540379301086,658.8708338010512,516.1477053287615,725.2644596980705,591.9045348779247,864.0101138162008,594.4581358739639,880.1829201244491,512.7429040007092,,,503.9523733746726,533.1717119690229,503.1011730426595,677.8757684112447,,,314.13469933575817,506.7845016766178,,,,,,,,,566.9411979436397,649.7861574548134,,
labeled-data,RAT 2 FR1 10-02-25,img12635.png,692.6972667340219,427.33993232015314,613.7013126931289,606.1614767541978,748.0567697797424,397.6578858337485,767.1000803696159,325.4053250662863,,,,,564.3094009698343,499.5551078655616,448.54615581605697,493.59670554147016,320.86610601409654,564.2463330985548,,,,,,,804.3478945975196,507.2159108536793,674.1142437995202,630.6399589955743,,,,,,,,,723.4838630562782,622.9791560074566
labeled-data,RAT 2 FR1 10-02-25,img12684.png,891.0223688622042,400.0571140379696,1104.1521971901625,433.24061577659273,848.1134410035147,381.8229967063233,773.6103603098591,339.8494301183482,647.6896605459339,422.7472241295989,,,535.0362960866107,479.1547551894111,402.8053239909871,482.7354915212669,,,,,,,612.012128946155,615.8256304342842,,,934.1592525088636,687.1806936338418,859.6561718152079,544.4705672347266,667.6271046752221,452.1287207411815,635.0975905695414,566.5066896934135,,,954.0966966381518,651.5031620340628
labeled-data,RAT 2 FR1 10-02-25,img13494.png,,,,,,,714.4100730509409,310.6914000297777,677.6832022864628,456.5495439229911,639.9069923572853,601.358348651505,572.7492858165252,714.6869784390378,,,268.440928053706,625.4931494395908,,,,,783.6664579210997,581.4209045222169,,,,,,,798.3572062268911,455.5002047582917,751.1062989494662,584.3462464878771,,,,
labeled-data,RAT 2 FR1 10-02-25,img13535.png,918.5784093542004,384.44495031042,,,840.8225634728594,378.54969468126006,704.9592885564984,319.07808977090224,582.947265625,435.2578125,503.830078125,512.75390625,394.283203125,543.14453125,272.564453125,619.12109375,,,,,,,715.31640625,611.5234375,,,877.5575329015312,603.4665622290478,837.4689645306981,509.1605148532009,698.580078125,489.9609375,683.365234375,575.0546875,,,,
labeled-data,RAT 2 FR1 10-02-25,img13559.png,921.4073258096024,361.013671875,,,841.787557629001,365.6940765814017,704.0340452112996,331.72878457740063,602.765625,440.603515625,550.30078125,518.6015625,400.5999933646076,538.2100065200301,238.9764354170925,632.819599767998,,,,,,,686.7977899850557,627.9973332034803,,,906.8828448673352,656.1759888779889,876.21875,513.6200554481944,683.84765625,502.68359375,665.45001689462,600.2407664714133,,,,
labeled-data,RAT 2 FR1 10-02-25,img13590.png,921.095227970332,436.0623535877263,,,839.73828125,405.380859375,711.9032881416397,331.29860811252024,591.7109375,445.72265625,545.392578125,511.46484375,405.0341610102988,510.4053834437399,274.953125,598.125,,,,,,,689.0221656791844,634.9632150934247,,,905.8577004597728,653.5927116981944,847.8519246895801,560.7351637208805,667.912109375,495.029296875,664.6262839186729,597.3974743008118,,,,
labeled-data,RAT 2 FR1 10-02-25,img13711.png,,,,,835.807451087786,379.4608447575012,698.3440205121681,359.52340062821304,580.8180340658379,485.44410039213824,482.18015258409656,577.7859468856834,369.9008619612633,559.947181085794,219.67643743315995,600.5028594568264,,,,,,,774.9457795352225,651.2396884146397,,,997.4056824514904,474.9507087451444,898.7678009697489,419.3357330160776,726.6761779590512,522.1709711566164,721.4294821355543,630.2529051206523,,,961.7281508517116,532.6643628036102
labeled-data,RAT 2 FR1 10-02-25,img14193.png,958.1800754029643,511.2870654961035,,,867.2867654028507,480.4696525695077,722.4779606743368,376.5850752642695,597.6066000751109,483.6176700636059,518.9061627226577,557.0714115925622,423.4162987350144,531.8872716397772,311.1370081121811,571.7621598983535,,,,,,,773.8955797446062,648.363918921408,,,944.9378635906046,637.8705272744141,900.8656186732308,559.170089921961,725.6259781684349,535.0352891338753,718.2806040155393,624.2291181333223,,,,
labeled-data,RAT 2 FR1 10-02-25,img14319.png,845.9007847801311,389.5637223909758,939.0052907733572,436.9942181070664,805.3668386473055,374.00539353809927,735.5684114222338,338.2549795935504,596.8227573041036,463.3814283994715,524.4707290829926,551.0550625968176,445.3090982057773,536.5846569525954,323.58745072790845,557.8646652529221,,,,,773.8724263628219,602.9782828496147,773.491720743345,645.8899602853194,,,927.9396864571876,658.3063044304643,815.5812426314624,523.8166519723993,698.1155968136586,493.1734400199289,716.8420041179463,626.8118921459808,,,950.0708950895272,630.216693474033
labeled-data,RAT 2 FR1 10-02-25,img14385.png,914.1078304855904,403.2051315320677,,,867.1879383467358,379.2600588506356,757.3830955170498,329.89043959387755,632.2566467111286,430.3320787714197,563.30941981807,558.8633289053931,472.2309842926717,545.244123593184,346.2533351547375,542.6905225971448,,,,,799.0919117856902,604.8281468340989,770.1511004972458,648.2393637667653,,,,,944.6471685599248,483.957699688243,740.3590888767883,526.5177162888965,725.0374829005532,631.2153571265039,,,908.896754615376,600.5721451740335
labeled-data,RAT 2 FR1 10-02-25,img14436.png,,,,,846.5697092107878,375.7832464044073,742.7232687051933,340.03283245985847,592.0608099388802,481.3320875740278,489.916770097312,598.7977333918313,399.6895349039267,563.8985197792955,329.891107678855,553.6841157951387,,,,,784.4320849738339,581.7737267515699,774.7665472540131,646.9907017813536,,,998.9346580334548,483.50364615605895,914.2274016131717,428.7021210510536,740.9182917426242,546.7732676162473,721.5850045857505,630.3206871155949,,,,
labeled-data,RAT 2 FR1 10-02-25,img14756.png,907.8117954973942,151.3637320042172,,,883.249928596135,211.81721716579605,852.6067166436644,330.98526364762574,834.7315096713899,464.6237157736776,836.4339103354159,553.1485503030368,774.2962860984619,662.9533931327226,575.9666087394169,694.447805417206,381.5221485829021,626.3922815790261,753.0027551542621,436.68224558345,701.9076390968098,558.8962393965453,876.7530464930826,538.8811364757989,,,,,,,,,,,735.967308536103,570.2078059164882,,
labeled-data,RAT 2 FR1 10-02-25,img15096.png,,,,,,,456.5315602123232,370.2202219927399,433.7109375,549.017578125,478.11437781016207,630.3450478736981,691.2131248000378,701.2609906605178,908.9074908492928,686.1813145989014,1053.0234119356314,642.1346391147979,,,,,519.4608900586742,617.376953125,,,,,,,,,,,,,,
labeled-data,RAT 2 FR1 10-02-25,img15148.png,,,,,543.7399987118332,382.1772266508959,449.1449865514149,374.58200669640974,424.28790306400566,523.7245076208649,448.441362193862,608.092998948701,555.8454802856459,699.4910490286245,,,,,,,,,518.3926656770709,620.3294181514092,,,621.1928025948272,522.1114001070824,575.3046253771356,457.1410105810438,510.8723106070661,525.2458147027575,,,,,,
labeled-data,RAT 2 FR1 10-02-25,img15198.png,667.513126781237,419.9945581672576,798.1833307260114,547.2144641539294,599.431615374519,401.9092930930675,457.7708281401032,334.75158655230734,317.1593800703868,478.5110521161219,336.460871027132,572.3838086895289,496.2228222058668,646.1218704748426,670.1517376335722,685.4493501861422,,,,,,,516.6618041455513,623.1394610976704,,,679.6137958963449,578.9490904533875,610.5663417646527,509.2111617803784,494.5666188234098,518.8778053588152,,,,,,
labeled-data,RAT 2 FR1 10-02-25,img15461.png,943.489327097173,500.79367384910967,,,870.0425558664374,466.62171481655247,767.8985160248691,343.1976666746575,630.8552625707649,448.746507844278,598.5096499542683,506.6281304211667,479.3416034724387,495.5625261049968,339.7447490222953,529.6105393855196,242.70791117280547,593.4505642864997,,,,,739.8089050684378,647.0761852033231,969.0283899839512,415.6683092028985,920.2633754552083,665.8025925076106,877.7033588545548,544.0809450297418,693.8440871397321,487.9017231168792,728.7433007522678,603.6649682706565,,,1095.6106438499005,427.4664995439513
labeled-data,RAT 2 FR1 10-02-25,img16458.png,842.752767286033,327.65271167371253,,,801.4519873156192,342.07498396441315,779.3207786832793,409.3198101934456,706.9687504621686,538.7022606594321,633.7655219090448,602.5422855604122,504.3830714430583,619.5662922006736,329.035803048366,657.0191068092486,,,,,,,844.2835240770344,575.1947577741057,,,,,,,847.9690145994684,483.05749471325527,796.7406963376358,582.9342878712171,,,,
labeled-data,RAT 2 FR1 10-02-25,img16530.png,865.8382289094193,189.1399419333947,,,821.1366898667394,232.9587898164224,751.3382626416676,322.33482467779464,707.0758453769882,456.8244771358596,654.3014247921778,557.2661163134017,548.7525836225573,611.7429375622381,369.14931356779977,656.0053548269177,,,,,,,839.863097171027,578.5461246137284,,,,,,,827.946292522844,482.3604870962516,792.1958785782952,563.2245186374931,,,,
labeled-data,RAT 2 FR1 10-02-25,img16741.png,842.9956646886036,319.4572105516004,,,,,756.7381095210094,308.5310282748081,688.9136686677014,497.0746125822986,673.7862320596025,595.5604572241998,556.9058561677014,651.8680840080021,341.3629931049947,657.4425172887003,,,,,,,848.734375,572.0546875,,,,,,,817.35546875,484.41015625,787.05859375,582.875,,,,
labeled-data,RAT 2 FR1 10-02-25,img17101.png,908.8611346620936,417.89587983785896,,,850.0775011551838,394.6868528989055,765.80866828589,311.2692203616247,653.4502244601647,422.7764638553368,604.9318055354199,513.8548993807351,501.0853650298255,532.5813066850227,378.5125172199436,596.4213315860029,,,,,789.6184139207949,537.4193796971165,783.2131797620682,624.4199953145771,,,972.1796534689696,584.413579709963,894.7204232557806,495.0375448485907,744.057964489467,483.9719405324208,750.8675671455717,583.5623793779498,,,,
labeled-data,RAT 2 FR1 10-02-25,img17133.png,957.130736238265,316.1099808620195,,,881.7393519327113,326.8150934541447,774.4881100990648,317.451889802001,655.3200636172352,426.4055322996737,602.5456430324249,511.52556550098063,508.0624061789743,533.6567741333204,370.16795239285705,604.306401690405,,,,,,,779.5953120911432,623.8840093267057,,,1027.2946087069463,536.2103751293596,937.067373513561,445.13193960396126,761.7201051188688,492.7991581966931,751.5057011347119,585.5799943861176,,,,
labeled-data,RAT 2 FR1 10-02-25,img17240.png,,,,,857.9057426363456,360.0119064026544,739.588896486529,310.6422871458964,622.9744510007386,451.0903419280527,561.6880270957977,537.9127757933858,424.6447736416935,543.8711781174773,356.548747080648,639.205615302941,,,,,801.2147902129775,561.9907107944059,781.1910285147867,621.3715213476612,,,981.428645496694,489.490883956129,885.452684253642,419.06248074180303,743.9054032836731,496.3956293692983,745.2863523663069,589.6096924470827,772.5735339935766,559.4260755030432,978.4568193575506,526.2319475798228
labeled-data,RAT 2 FR1 10-02-25,img17295.png,,,,,829.1936539057895,387.9521439026393,682.8130511466021,367.92838220444855,574.4085481598455,492.2137996414945,528.1467538916116,530.1898994139251,421.8136745288057,541.237492074996,355.5281185623811,649.6419950617528,,,,,,,694.5511183489899,654.4753168509711,,,1031.0691955172251,423.3064571238448,897.9528694739238,417.5264446039905,683.9057616656779,499.6929150207043,659.0486781782686,615.6926379619472,,,974.6702594060876,535.8396904006877
labeled-data,RAT 2 FR1 10-02-25,img17407.png,871.0849247329162,467.2148205787296,937.241754245641,662.2112749233354,824.8833104199159,422.17278129565,721.0368699143215,339.6063490903824,595.0592207763874,454.5183939121467,543.1360005235902,513.2512168210484,423.96795404176055,541.3408277774797,353.3183264846758,648.5920696111264,,,,,,,689.5424576298379,657.1040729312571,,,858.9313237004387,666.4672765834009,760.1920851869227,526.8704221332575,674.2208516536027,480.9056042045518,664.857648001459,594.11524836229,,,,
labeled-data,RAT 2 FR1 10-02-25,img17633.png,595.1087244169801,342.3434599795037,419.71195238169526,417.9167796355847,660.6016463413936,325.9871437781733,756.7872838588705,368.5471603788267,809.5617044436806,457.0719949081858,838.5025157321252,493.6736091847479,869.5748908167986,471.76814714838974,,,,,742.6091857368642,502.0554074843245,684.5480044705724,611.4431275632129,,,600.533398927012,507.8251140594882,482.1921626366182,612.5487325652482,,,,,,,716.9535066843719,570.4297855449161,528.453956904852,671.2390685771866
labeled-data,RAT 2 FR1 10-02-25,img17685.png,917.2558479796886,428.3892714848527,,,852.2865167824885,415.0730137486087,720.4058793909562,352.2398304887687,,,,,567.1205312185996,511.0489749916608,,,,,,,,,626.809194876,559.2327376586105,,,815.813964406294,653.7351224237575,798.094767262829,540.6048637385575,623.1744877696481,464.73035289346353,647.2544223492288,544.2395708449094,,,,
labeled-data,RAT 2 FR1 10-02-25,img17896.png,863.7395505800205,380.1196699086814,,,809.659427868728,376.3765282833901,699.8739757993374,327.3528358498886,571.4457111143898,429.54306796479307,501.7077824413808,509.638114757556,,,,,,,,,,,690.2073322209005,634.6140067359189,,,980.2066395740078,479.9477094809284,876.6354583764696,454.40015145220224,685.3740104316821,482.7096076461961,673.6359432292943,594.5664833395374,,,,
labeled-data,RAT 2 FR1 10-02-25,img17969.png,531.099035370318,437.8333239671469,384.60921232258585,584.4978736881546,593.1532936657877,410.0018056254754,661.2493202268331,341.9057790644299,,,,,,,,,,,,,,,,,658.695719230794,545.3426584155534,479.0924491760365,682.3859118696575,,,,,,,,,628.0525072783234,668.7667065574485
labeled-data,RAT 2 FR1 10-02-25,img17996.png,489.125468782343,512.3364046608026,,,550.5932770651342,457.66902421820726,633.1597092704019,362.3345870327436,,,,,,,,,,,731.898947783918,472.9906301944425,722.5357441317742,570.0274680439325,,,637.4157109304672,570.0274680439325,,,,,,,,,720.5898903982666,537.2694254241044,626.3501066142973,673.0227082175138
labeled-data,RAT 2 FR1 10-02-25,img18191.png,577.2699586170907,429.43861064955183,,,515.4061099851654,418.0312887903349,400.78733612655634,401.45989979872894,224.71632809074123,487.76921746334426,95.59758886447676,576.8404332932272,113.51811878071015,458.4694849681057,309.6083350621574,383.344033491801,,,,,,,372.3719606744117,660.0322268810089,,,598.8974717126745,592.161400409032,558.477764320188,517.3926065955889,401.00570289777033,557.399022200203,303.9688650482805,668.055065361902,,,,
labeled-data,RAT 2 FR1 10-02-25,img18220.png,782.9404348981684,399.00777487327,,,714.4439475917573,385.0824713816936,591.8710997818755,330.60565013285725,448.8694440036799,432.7496899744256,369.9431885825044,541.106122326619,257.4556057995493,536.6459986266412,251.24133492769707,492.45562798235824,550.9072858592413,483.4794589452383,,,587.5024365490382,576.6935220230228,519.1454569586629,636.074332576278,,,743.5496828866626,582.907792894875,735.2639883908596,487.6223061931398,526.740676913149,519.3841350937182,453.5503755335552,590.5030128493612,,,,
labeled-data,RAT 2 FR1 10-02-25,img18267.png,812.3219315097509,354.9355299558963,891.3112347284839,547.0031167463951,760.1210718782687,351.59882155370616,661.3832124699488,297.7418073309862,548.8358622352905,440.6700373835891,508.788338838909,529.050778672155,417.64569938507526,528.3603041308381,274.7174693324724,542.1697949571767,,,,,725.5973448124225,568.4078275272196,668.978432424435,611.9077236301858,,,849.8827622494687,545.6221676637613,769.0972409153887,471.0509172015337,639.9785016891242,509.71749151528127,613.7404691190814,598.0982328038474,682.0974487094566,560.8126075727336,,
labeled-data,RAT 2 FR1 10-02-25,img18341.png,873.1836030623149,396.9090965438714,,,806.9825587355294,373.5016655828297,686.1121115896735,324.13204632607176,559.2832621197263,435.63928981978376,487.78243423062855,499.4793147207639,392.44799704516487,502.8841160488162,263.0655465791784,545.4441326494696,,,,,719.3089245381834,570.1289422778486,681.0049095975951,616.0937602065544,,,884.4417889487187,605.0281558903845,824.0065653757906,494.3721127286855,666.534503953373,506.2889173768684,618.8672853606412,597.3673529022668,,,,
labeled-data,RAT 2 FR1 10-02-25,img18371.png,802.8778790274566,397.95843570857073,827.411366703843,543.7417319854435,772.0833451229935,350.5192566184768,699.7313169018828,319.0248443339933,589.0752737401838,449.2584951319929,532.8960518273212,471.38970376433264,425.6448099936745,463.728900776215,282.64315421547894,524.1641243491429,,,,,,,635.8912920009027,606.7305565544107,,,749.9521364906539,592.2601509101885,723.5649261982486,485.0089090765417,629.081689344798,496.9257137247247,624.8256876847327,567.5753412818094,,,821.4529643797516,622.9033628626589
labeled-data,RAT 2 FR1 10-02-25,img18721.png,,,,,,,744.785479624103,349.7933625822987,691.1693187294634,482.27254225337407,749.7248783274007,598.6748495129002,825.5127561743933,651.6768539034912,911.34375,709.564453125,,,,,632.0241181346752,620.578332822087,,,,,,,,,,,,,672.7109375,626.080078125,,
labeled-data,RAT 2 FR1 10-02-25,img18757.png,,,,,,,711.6481215500658,349.6680562864638,679.302508933569,495.22331306069856,756.7617391467584,593.1113512422015,875.929785628588,690.9993894237043,,,,,629.081689344798,516.5033213610253,635.0400916688895,621.2009621986327,,,,,,,,,,,,,681.8561099296082,629.7129655187634,,
labeled-data,RAT 2 FR1 10-02-25,img19257.png,921.4532046384862,407.4024881908652,,,876.0013997922634,401.359607317428,749.1725503223162,326.45397810027794,614.6828978642515,437.1100212619768,551.6940732952843,535.8492597754929,456.3596361098205,534.9980594434799,369.5372022444875,613.3084899886821,,,,,,,810.4589742272574,631.1836969609565,,,961.1214329935704,635.439698621022,887.0670041084334,517.9740528032185,733.850944346081,480.5212381946434,760.2381546384861,603.9452863365384,,,,
labeled-data,RAT 2 FR1 10-02-25,img19366.png,,,,,856.4237921559629,360.50199138080063,733.850944346081,334.11478108839555,595.1052902279507,455.8364285662644,523.604462338853,555.4268674117934,410.3948181811148,553.7244667477673,355.9179969322784,651.6125049292704,,,,,780.6669626067998,572.4508740520548,795.1373682510218,626.9276953008913,,,,,891.9636644765772,389.0288505333443,709.6783855689097,504.3380989332703,754.5592307545096,605.8378565068579,,,,
labeled-data,RAT 2 FR1 10-02-25,img19410.png,,,,,856.4237921559629,395.4012049933365,726.4640215608234,364.49566090634016,605.3196942121077,466.9020328824343,515.9436593507353,569.0460727240024,410.3948181811148,553.7244667477673,355.9179969322784,651.6125049292704,,,,,804.8826180978967,590.0894379282861,795.1373682510218,626.9276953008913,,,,,901.630308055014,430.4573230123597,732.0822803805258,528.4222858557575,754.5592307545096,609.9269020015035,,,,
labeled-data,RAT 2 FR1 10-02-25,img20055.png,,,,,855.1176691573094,406.8124084589916,739.3544240035317,377.8715971705474,597.2039685573499,507.2540476365338,525.7031406682521,606.8444864820628,417.7401923340108,622.9808516179261,,,,,,,,,800.640847908473,654.5117050747949,,,,,925.8241717065544,436.9940968970291,727.0986698745434,548.9461153474351,746.4435050997514,640.2314689368659,,,,
labeled-data,RAT 2 FR1 10-02-25,img20159.png,891.0223688622042,422.0932364966564,,,840.1467678383142,416.76981978879576,708.2107163762885,349.52499355976335,579.679466242315,494.229050001985,506.4762376891911,629.569902792063,380.49858855125694,630.4211031240761,,,,,,,,,792.4795492455823,655.1059127524552,,,947.3980096719608,615.0994971478408,881.0043837749415,524.8722619544556,750.770732976942,548.7058712508215,751.621933308955,642.3379077722589,,,,
labeled-data,RAT 2 FR1 10-02-25,img20450.png,,,,,,,736.6681554837121,363.3422305659344,600.412109375,510.998046875,521.681640625,637.23828125,413.087890625,650.8125,337.072265625,635.880859375,,,,,,,796.8007228297821,643.5542722440223,,,1004.2977898231944,456.6352309434849,,,745.65625,554.435546875,744.7979131399441,644.0197972982066,,,994.7495979366164,530.4961095637753
labeled-data,RAT 2 FR1 10-02-25,img20454.png,,,,,842.7003688343532,391.2338098284037,725.2347230165498,357.1857965478809,606.9178768667333,510.40185631023337,518.393042337374,643.189108104272,377.09378722320463,647.4451097643374,,,,,,,,,790.7771485815562,647.4451097643374,,,1002.7260312528102,453.3714340653578,900.5819914112419,432.091425765031,766.9435392851902,538.4914672666646,747.3659316488897,642.3379077722589,,,,
labeled-data,RAT 2 FR1 10-02-25,img20552.png,,,,,,,770.3483406132424,365.6977998680116,651.1802941314128,532.5330649425731,517.541842005361,649.9987107603766,377.09378722320463,633.8259044521284,,,,,,,,,795.0331502416216,649.1475104283636,,,,,,,805.0221557722846,538.7492048076865,751.4342217278715,649.8045486324056,,,,
labeled-data,RAT 2 FR1 10-02-25,img20617.png,,,,,,,754.7800781131547,371.2600234289467,649.8741401063187,524.5712259483637,563.9029065729987,626.7152657899319,384.2996365182413,627.566466121945,,,,,,,,,803.2486515114643,645.4416730942194,,,,,,,806.4950011967235,538.1904312605727,753.6763404656446,645.7327507621158,,,,
labeled-data,RAT 2 FR1 10-02-25,img20703.png,930.8972571207804,325.5540333443138,,,853.0515216110563,330.7763615213456,708.0518679345025,328.70493789739487,612.7663812327675,497.18072597872384,498.8380819154752,638.0375324073759,374.5526644784293,628.3708888289391,,,,,,,,,803.3373546362378,649.0851250684468,,,978.717888130736,586.9424163499237,902.075214044558,488.2045569416039,779.1707456901455,520.6568603834992,733.5994259632287,638.7280069486931,,,,
labeled-data,RAT 2 FR1 10-02-25,img20767.png,,,,,888.9561977595363,388.7762229919671,732.2184768805948,349.41917413690254,598.0003528559419,506.1366931583096,509.885674576546,622.8470924984038,384.9097825981831,624.2280415810376,,,,,,,,,794.9120185759417,651.0372096248698,883.2927598645078,539.1803339315284,1103.5541385446058,453.5614908082299,958.5544848680522,428.7044073208208,733.4597843987358,551.6088756752329,746.5788006837572,644.1324642117005,,,980.649670190194,591.6563990716145
labeled-data,RAT 2 FR1 10-02-25,img20814.png,931.94659628548,447.2773764494415,,,870.0263075202557,436.0013025830581,713.4054464298512,347.47646805369897,581.4693949678255,487.0733225038422,521.2773476864908,608.7470436273411,385.1736867059227,622.1893805143108,,,,,,,,,782.3813633692527,650.0542356843781,,,956.877431431932,703.6798566012017,869.2037972345859,568.3390038111233,700.6661314959981,539.3981925226791,738.118946104573,646.6494343563259,,,,
labeled-data,RAT 2 FR1 10-02-25,img21290.png,551.0364794996062,395.85975737917175,,,601.3093594935685,368.1897909279103,693.2389953509798,363.9337892678449,692.3877950189669,516.2986486981843,631.9525714460389,635.4666951800139,526.4037302764184,708.6699237331378,360.41966553386993,656.7467034803406,,,,,,,803.8950385126789,649.9371008242359,557.0469422288888,489.9114384057792,,,,,793.0099943924572,506.6443420843178,760.9930426717829,640.4647448894157,,,535.4718715296956,547.4892660992667
labeled-data,RAT 2 FR1 10-02-25,img21326.png,,,,,,,613.4541864963171,363.4482806312053,707.086223017755,483.467527445048,778.5870509068527,628.1715838872695,780.2894515708788,709.8868157605243,,,,,564.9357675715722,510.7059380694662,591.3229778639774,613.7011782430475,,,498.54214167455285,452.8243154925775,,,,,,,,,649.9353626997831,615.0171392800173,,
labeled-data,RAT 2 FR1 10-02-25,img21401.png,523.7536612174224,426.2905931554537,543.2734995891652,623.0995830743111,549.4877704610176,362.1002064565146,662.7255952369928,315.147937646964,774.5824709303342,459.4571167822008,819.4633161159342,540.2426381162807,908.5345319458172,592.0282287150499,981.034358784094,635.528124818016,,,649.6065789519712,496.0522674719976,621.2971227579774,610.6710413306066,,,,,,,,,,,,,680.6779333112328,589.266330549782,,
labeled-data,RAT 2 FR1 10-02-25,img21955.png,906.7624563326948,444.1293589553434,,,856.0584826094391,421.4810064739642,708.9874053089347,333.7907397267152,580.5591406239871,441.50476817215497,496.3212465833227,534.7188312499395,356.8453892373044,551.9806947828625,373.4167782289105,506.4093750559457,480.4571920588522,484.0877229821572,,,,,719.1012516824877,619.336762326429,,,880.6722943506476,608.9796442066752,845.4580927434846,514.3846320462569,685.2679991579586,514.3846320462569,672.9500561430136,600.311346993586,,,,
labeled-data,RAT 2 FR1 10-02-25,img22267.png,842.752767286033,360.1822257793932,,,799.1802208362425,375.1267289061138,681.7995488123656,331.6268328031477,576.1569439908766,465.5788938186306,451.1810520125137,600.2214293754304,303.41950017069234,611.269022036501,,,,,,,,,739.7994102829872,640.9594273131288,,,980.084550661276,480.0788591862859,868.2276749679346,453.8408266162429,705.275683217141,530.4835007024212,679.037650647098,622.3166146975718,,,,
labeled-data,RAT 2 FR1 10-02-25,img22353.png,942.4399879324736,404.25447069676704,,,863.5414899517718,390.3626294531969,729.051837493707,346.1002121885174,591.1573837075899,461.0122570102817,503.4837495102439,565.7098978478891,386.0181036924403,582.7339044881505,293.23726750301586,603.1627124564642,,,,,,,741.8198424739031,640.6155270650391,,,980.1559354375624,664.4491363614052,904.3991058883994,525.703482243275,700.962226537276,561.4538961878238,694.6124354377704,627.3357072519743,,,,
labeled-data,RAT 2 FR1 10-02-25,img22447.png,,,,,824.0781795394666,388.5916023372318,701.5053317295844,362.2043920448267,562.7596776114536,483.92603952269553,492.3790444629368,592.4780362928711,391.4915424515874,605.8982646266859,263.08186832441766,630.9736446704363,,,,,,,745.4287371555229,633.1735088159968,,,992.643347866777,478.8313486166143,904.7316694567731,437.5472694580891,701.4169598749004,538.0286835926054,691.408262772041,623.8457147980616,,,985.7672975421442,527.2626595988086
labeled-data,RAT 2 FR1 10-02-25,img22571.png,778.7430782393709,226.9161518625723,,,720.1211197049366,282.26708468640766,640.0311573937427,337.01916524330017,581.452596688772,516.9785310844521,468.32792632496046,619.5377861592813,329.6043807599852,636.5839013526976,,,,,,,,,744.9680342292079,639.1153937955819,,,,,,,719.4320242688159,520.7985476457652,691.3424133123846,629.7521901434382,,,,
labeled-data,RAT 2 FR1 10-02-25,img23696.png,958.1800754029643,478.7575513904228,,,900.2825334819377,472.49426335044257,747.9176740515984,366.094221848809,609.1720199334679,447.8094537220636,526.6055877282004,550.804693895645,377.6455296259133,566.1262998718802,376.79432929390015,517.6078809471353,508.5225613359078,499.7352846209936,,,,,760.80983406069,619.6750528632131,,,994.0973163388484,672.6555457661442,878.670008221917,558.2775768139121,684.5422627525325,519.4520277200352,728.3350319717733,603.5546118431253,,,934.7827729154149,706.4374857163731
labeled-data,RAT 2 FR1 10-02-25,img24312.png,,,,,792.209659813489,363.9543640873853,691.0415227844319,352.0671191626355,595.1052902279507,455.8364285662644,519.9697552325013,572.6917261669646,395.4016513674137,578.7130781039359,260.0525970022494,590.2768225095836,,,,,771.5801948409203,565.1814598393512,766.0597114002073,621.9299730296575,,,,,888.5112917699926,407.6716631489013,717.8564765582014,508.427144427916,710.9427454782879,611.7442555546795,,,,
labeled-data,RAT 2 FR1 10-02-25,img25150.png,519.5563045586249,426.2905931554537,,,472.706661160062,387.1589031156558,364.3021581733053,335.37331251688664,336.68317652062854,506.6109987634834,492.7304228582528,595.6822145933663,659.8252618569479,650.9201778987201,843.4914898472491,703.3962430388061,,,289.04043316976083,565.9918093167387,,,,,,,,,,,470.6352375361113,512.1347950940187,,,,,,
labeled-data,RAT 2 FR1 10-02-25,img25333.png,601.4047594051763,400.05711403796937,,,521.0398711503926,383.7065198732661,366.3735738954021,324.3257093200107,250.3738509541592,509.37288639294576,214.4691748056792,601.2060003880963,107.44562090155628,684.062945346127,,,,,,,482.37329683664495,612.2535930491673,482.37329683664495,676.467725391641,,,,,539.6826837659495,510.0633609342629,425.7543844486573,563.2299006156659,424.3734353660235,657.8249127760843,,,,
labeled-data,RAT 2 FR1 10-02-25,img25656.png,684.3025534164269,426.2905931554538,,,616.6080216620264,413.7774939634276,451.4751572514909,355.0446710545258,311.0271024693345,485.2783218525254,223.3534682719884,611.2559709904596,93.11981747398886,684.4591995435835,,,,,,,,,490.630372524092,675.9471962234527,,,674.4896442389149,646.1551846029953,633.6320283022877,543.159944429414,446.3679552594125,555.076749077597,441.26075326733405,659.7743899152044,,,,
labeled-data,RAT 2 FR1 10-02-25,img26544.png,918.305187144388,418.9452190025584,,,838.7713083174369,394.1998830800554,739.1808694719081,330.3598581790752,626.8224256461829,424.84309503252587,584.2624090455296,489.5343202655191,477.862367543896,452.0815056569441,367.206324382197,546.5647425103947,,,,,,,727.264064823725,611.2559677433879,,,911.123336538548,666.5839893242375,859.2001162857507,514.2191298938981,670.2336425788495,481.8735172774015,704.7065028420549,565.8006034926761,,,,
labeled-data,RAT 2 FR1 10-02-25,img26935.png,,,,,825.0143330600487,371.8897489379252,720.2761248157432,327.64205668498334,601.5354823141776,412.7768569691247,563.4488611344301,512.4741888808164,491.1963003669681,487.2698072177483,396.5398447878898,518.0751625837206,,,,,,,,,,,,,840.5600092354616,405.49559115534953,664.6894349642748,476.0678598119404,,,,,,
labeled-data,RAT 2 FR1 10-02-25,img26957.png,,,,,,,728.9712399361875,349.9276350294013,598.4685526585235,462.5072064577724,534.6174524454176,503.3943144889719,465.7254758996979,475.38944597445175,379.9684717451488,541.1560225965527,,,,,,,,,,,,,,,,,,,,,,
labeled-data,RAT 2 FR1 10-02-25,img27054.png,839.1931309851143,414.8187134010943,,,797.7416619697965,382.2041877768605,686.5752608177719,353.2042570415499,562.289843380726,485.7753689743989,491.170965625083,543.7752304450205,421.43303695207385,507.8705542965405,,,,,,,,,,,,,,,,,711.0262794689984,499.6284254318924,,,,,,
labeled-data,RAT 2 FR1 10-02-25,img27166.png,850.0315183889857,396.5818546944504,,,781.6328186639519,367.2132542329073,706.3686396812186,338.0699030076888,581.2421908752974,437.6603418532179,,,,,,,,,,,,,,,,,,,,,,,,,,,,
labeled-data,RAT 2 FR1 10-02-25,img28162.png,676.9712524987315,378.4029883984061,,,674.5962597581781,342.5918345885535,657.2332412791754,295.5436554841597,,,,,494.2284335910141,515.3834538734943,,,,,,,,,,,,,,,,,,,,,,,,
labeled-data,RAT 2 FR1 10-02-25,img28305.png,691.9353601412879,405.45827209929286,,,790.1713810855555,365.6409352123232,743.4603170753535,324.43928220506314,,,,,561.2815073668821,512.6005537666397,457.1774635144587,502.6829472062197,,,,,,,,,,,,,,,,,,,,,,
labeled-data,RAT 2 FR1 10-02-25,img28319.png,750.9196821193646,392.15832294679336,,,791.1252394066283,348.28450543139286,,,,,,,526.9926552306384,516.8134735184551,,,,,,,,,,,,,,,,,,,,,,,,
labeled-data,RAT 2 FR1 10-02-25,img28546.png,,,,,,,482.7530937679437,340.7873187648902,581.4923322814597,474.4257708909421,656.3979614986099,579.9746120605625,762.6811432128872,636.5591564642256,,,,,,,,,,,,,,,,,,,,,,,,
labeled-data,RAT 2 FR1 10-02-25,img28971.png,,,,,,,720.6396784663452,323.4163990014235,576.3630680754845,462.4273557574127,515.8578270723832,543.0481932139502,408.6065852387365,543.0481932139502,288.58733842489374,566.8818025103161,,,,,,,,,,,,,,,,,,,,,,
labeled-data,RAT 2 FR1 10-02-25,img29227.png,,,,,811.3235161851164,368.83314449136856,743.657011136058,395.7616516027284,704.9904368223107,529.7137126182114,,,,,,,,,,,,,,,,,,,,,,,,,,,,
labeled-data,RAT 2 FR1 10-03-25,img00052.png,360.0538738610526,413.5679324837325,320.47013522354376,498.6308601941239,426.5882430602695,352.9290137198893,521.7576572313012,317.5563111076474,613.5582425821195,394.1971667675049,693.5679270621905,521.3704547305651,814.8457645898771,546.6366708821665,796.317206078703,631.6995985925578,676.7237829611229,701.6027966119882,464.4875672876716,482.62892329810967,476.27846815841895,566.8496438034476,,,414.79734218952217,496.9464457840171,,,,,,,,,540.2862157424756,552.53212131754,,
labeled-data,RAT 2 FR1 10-03-25,img00078.png,,,,,481.87405248623605,306.88586498943937,551.1488558919177,335.4754663949588,601.730458378606,416.8458703952833,679.8020622167553,532.3038760714196,807.3556684875343,603.7778795852181,898.622472974385,711.5386848829453,,,473.0772520537686,481.7222735847313,496.1688531889959,569.6902779094066,,,,,,,,,,,,,,,,
labeled-data,RAT 2 FR1 10-03-25,img00089.png,1415.4344983818512,722.5346854235299,,,519.260454324223,298.08906455697183,576.439657135262,354.1686673139523,631.419659838184,446.53507185486126,706.1924635141579,544.3994766660624,807.3556684875343,601.5786794771013,878.8296720013329,649.9610818556727,895.3236728122095,713.7378849910622,465.3800516753595,449.83387201703647,497.26845324305424,588.3834788284,,,423.5952496211388,408.0490699628158,,,,,656.7104610815279,417.9454704493419,,,529.1568548107491,563.0926775850559,,
labeled-data,RAT 2 FR1 10-03-25,img00118.png,465.32977449272494,478.4178872728428,535.2329725121554,639.2794634380382,426.5882430602695,411.8835180736258,420.6927926248959,358.82446415526294,431.64148629058974,330.1894191834481,561.3413958688102,435.4653198151205,664.9328820903756,430.4120765848002,767.6821611068879,391.6705451523448,782.8418907978487,332.7160407986082,525.1264860515148,465.7847791970421,,,,,,,357.5272522458925,653.5969859239456,333.10324329934446,560.1119861630206,322.1545496336505,435.4653198151205,,,,,,
labeled-data,RAT 2 FR1 10-03-25,img00176.png,900.7508995053216,413.5679324837327,1009.3956289572076,511.2639682699246,784.5263052079555,364.7199145906366,659.0374316550021,341.9803200541954,554.6037382283831,403.4614460230921,470.3830177230452,480.9445088880029,515.8622067959277,429.5698693797468,,,,,,,705.3588279329379,546.6366708821665,651.4575668095217,598.0113103904225,,,873.8002689436137,614.85545449149,812.3191429747171,543.2678420619529,658.1952244499488,501.157481809284,603.4517561214789,566.8496438034476,,,,
labeled-data,RAT 2 FR1 10-03-25,img00278.png,918.1501323549252,370.9288800906541,1018.4860812976632,487.6462084526147,807.5758212751731,346.35681096182026,684.715475631004,346.3568109618203,578.2365094060575,444.6450874771557,531.1400435757926,530.6473294280747,455.3761637618885,524.5043121458663,406.2320255042208,481.5031911704071,516.806336583973,491.7415533074213,,,,,746.1456484530886,649.4123302174387,,,916.1024599275228,653.5076750722445,879.2443562342717,534.7426742828809,686.763148058407,504.0275878718385,703.1445274776294,604.3635368145765,,,,
labeled-data,RAT 2 FR1 10-03-25,img00392.png,896.4232728662679,438.83787147645216,1023.976879137047,507.01307482807545,793.0608677847746,368.463468016712,666.606861568054,359.66666758424446,587.4356576758463,432.2402711521016,525.8580546485737,542.2002765579456,410.4000489724375,543.299876612004,430.1928499454894,497.1166743415495,544.5512555675672,485.0210737469066,,,,,750.1764656764958,642.2638814772636,,,899.7220730284434,647.7618817475559,845.8416703795798,604.8774796392765,687.4992625951645,509.2122749361925,723.786064379093,602.6782795311597,,,,
labeled-data,RAT 2 FR1 10-03-25,img00727.png,966.7976763260082,296.98946450291345,1156.781889841549,379.8796442815975,843.6424702714628,311.28426520567314,702.8936633519825,333.2762662868419,618.2244591894826,430.04107104398463,547.8500557297425,533.403476125478,419.196849404905,561.9930775309974,355.4200462695154,529.0050759092443,482.97365254029455,496.0170742874912,,,773.2680668117225,574.0886781256404,751.276065730554,642.2638814772636,,,1087.7536822724364,469.6266729900885,988.7896774071772,470.7262730441469,729.2840646493851,513.6106751524262,720.4872642169175,610.3754799095688,,,,
labeled-data,RAT 2 FR1 10-03-25,img01018.png,890.6444130446812,381.5640586917042,1098.6695926928658,421.14779732921306,799.6860348989162,324.29396874807446,677.5659901661763,340.29590564408863,602.6095489164256,424.51662614942654,533.5485581020486,496.9464457840171,429.957071880483,490.2087881435901,349.1051801953587,516.3172115002449,,,,,,,691.0413054470303,603.0645536207429,,,916.752836401336,613.1710400813834,864.5359896880263,534.8457700114192,712.9386927784183,507.8951394497111,653.1419812196285,568.5340582135543,,,,
labeled-data,RAT 2 FR1 10-03-25,img01443.png,304.4681983275296,120.47982512515668,126.76247806126663,29.52144697939176,430.79927908553645,208.06937445070807,537.7595941273155,297.3433381863663,618.6114858124398,406.8302748433056,685.9880622167102,587.0626167247285,813.1613501797704,608.9600040561165,926.0171156569232,596.3268959803156,1000.9735569066738,621.593112131917,446.80121598155057,539.8990132417393,438.3791439310168,683.9164453058671,,,210.98319856660453,266.1816715993912,,,,,,,,,523.442071641408,653.5969859239455,94.75860426923823,245.9686986781101
labeled-data,RAT 2 FR1 10-03-25,img01453.png,329.0296449721129,103.45985498862797,117.4981988056795,7.624059648003898,442.2884505401322,205.7226600160629,551.1488558919177,304.6866648813225,629.220459730067,425.64267082775086,700.6944632438656,601.5786794771013,834.8456698389955,642.2638814772636,977.7936768665924,626.8694807204454,,,455.4836511888335,544.3994766660624,440.0892504320153,677.4510832071337,,,327.9300449180545,238.7106616378161,,,,,,,,,531.3560549188659,663.156282504374,210.2728391338013,191.42785931330312
labeled-data,RAT 2 FR1 10-03-25,img01519.png,403.80244864808685,139.74665677255652,,,382.91004762097646,225.5154609891148,380.7108475128596,342.0730667193094,390.6072479993856,467.42747288197154,429.093249891431,609.2758798555103,588.5352577299047,711.5386848829453,878.8296720013329,711.5386848829453,988.7896774071772,599.3794793689844,300.44004356659354,458.630672449504,341.1252455667557,583.9850786121661,503.8660535674049,572.9890780715818,,,,,,,497.26845324305424,445.4354718008027,480.77445243217767,575.1882781796987,,,,
labeled-data,RAT 2 FR1 10-03-25,img01895.png,947.0722957832576,293.1323021610994,1150.0442322011218,385.7750947169711,833.3743231010515,299.02775259647296,711.2542783683116,323.451761543021,636.2978371185608,406.8302748433055,589.976440840625,491.8932025536968,507.4401347453939,475.8912656576825,405.5330629339351,486.8399593233765,338.99869373471813,554.2165357276467,,,800.5282421039697,542.4256348568995,738.2049089300197,637.5950490279313,,,1100.3540071029724,427.8854549696401,987.49824162582,442.20297745554745,720.5185576238987,512.1061754749778,725.571800854219,591.2736527499953,757.5756746462473,531.4769411912055,,
labeled-data,RAT 2 FR1 10-03-25,img02220.png,906.6463499406956,409.3568964584656,999.289142496567,535.6879772164725,814.8457645898771,347.87577048956894,703.6744135228311,315.0296894924872,613.5582425821195,391.6705451523447,582.3965759951445,496.946445784017,508.2823419504472,508.73734665476434,436.69472952091,499.4730673991771,355.84283783578576,532.3191483962588,,,783.684098002902,540.7412204467928,701.147791907671,588.7470311348353,,,899.9086923002685,584.5359951095684,827.4788726656777,530.6347339861522,698.6211702925108,484.3133377082164,678.4081973712297,559.269778957967,741.5737377502334,534.0035628063657,,
labeled-data,RAT 2 FR1 10-03-25,img02581.png,973.1807191399124,266.1816715993913,1200.5766645043243,401.7770316129853,851.9028816122259,280.4991940852987,712.9386927784183,328.5050047733413,637.9822515286677,424.5166261494264,580.7121615850378,528.9503195760454,432.4836934956432,544.9522564720596,285.0974326113019,563.4808149832339,360.0538738610526,522.2126619356183,802.2126565140763,519.6860403204582,795.4749988736494,593.8002743651556,745.7847737755001,663.7034723845861,,,1027.924187468382,497.78865298907033,926.8593228619766,457.3627071465083,1076.772205361478,443.8873918656542,739.8893233401263,536.5301844215257,732.3094584946459,620.7509049268638,,
labeled-data,RAT 2 FR1 10-03-25,img02759.png,876.630471893216,383.8578687735301,,,793.0608677847746,350.86986715177693,669.9056617302293,366.2642679085951,585.2364575677295,464.1286727197963,536.8540551891581,580.6862784499909,354.320446215457,616.9730802339194,192.6792382688664,658.75788228814,,,,,,,734.7820649196774,659.8574823421986,855.7380708661059,566.3914777472312,1000.88527800182,450.933472071095,955.801675785424,491.6186740712574,723.786064379093,525.706275747069,682.0012623248722,641.164281423205,,,,
labeled-data,RAT 2 FR1 10-03-25,img02831.png,937.8080165276704,123.8486539453702,1200.5766645043243,135.6395548161176,810.63472856461,192.06743755469387,691.8835126520837,283.86802290551213,621.9803146326533,384.93288751191767,561.3413958688102,513.7905898850846,429.957071880483,552.5321213175399,305.3104055325829,576.1139230590345,196.66567608069707,666.230093999746,783.684098002902,504.5263106294974,791.2639628483826,591.2736527499953,732.3094584946459,665.3878867946928,,,906.6463499406956,272.0771220347649,889.8022058396278,249.3375274983237,712.0964855733647,548.3210852922731,680.9348189863898,625.8041481571839,734.8360801098061,576.956130264088,1138.2533313303743,260.28622116401755
labeled-data,RAT 2 FR1 10-03-25,img03474.png,,,,,793.0608677847746,359.66666758424446,720.4872642169175,442.1366716386275,679.8020622167553,561.9930775309974,611.6268588651319,698.343484234244,,,,,,,,,,,927.2120743799046,688.447083747718,940.4072750286056,541.1006765038871,1009.6820784342874,433.33987120616,974.4948767044172,444.3358717467445,904.120473244677,566.3914777472312,856.8376709201643,695.0446840720688,,,997.5864778396444,532.3038760714196
labeled-data,RAT 2 FR1 10-03-25,img03645.png,945.905275298898,350.86986715177693,1163.626086002469,461.9294726116796,804.0568683253589,327.77826601654976,667.7064616221126,360.7662676383029,596.2324581083138,477.3238733684975,536.8540551891581,622.4710805042117,404.9020487021453,712.6382849370036,,,,,,,795.2600678928914,627.9690807745038,795.2600678928914,709.3394847748284,,,1077.8572817859106,569.6902779094066,951.40327556919,540.0010764498286,764.4712663792552,560.8934774769391,707.2920635682163,680.749883369309,,,,
labeled-data,RAT 2 FR1 10-03-25,img04045.png,822.7500692443525,154.04145747531626,,,774.367666865781,256.3042625027512,723.786064379093,370.6626681248288,686.3996625411061,500.4154745037249,628.1208596760086,665.3554826124907,544.5512555675672,714.8374850451206,,,,,,,,,879.9292720553915,680.749883369309,,,,,,,883.2280722175667,526.8058758011275,804.0568683253589,668.6542827746661,,,,
labeled-data,RAT 2 FR1 10-03-25,img04280.png,909.6184735149692,425.64267082775086,1032.7736795695146,527.9054758551858,801.8576682172421,354.1686673139523,660.0092612437035,349.77026709771854,579.7384572974373,443.23627169268593,514.8620541079893,587.2838787743415,425.7944497292556,644.4630815853805,297.1412434044181,693.94508401801,249.85844107990525,652.1602819637895,,,,,760.0728661630216,632.3674809907376,,,905.2200732987354,604.8774796392765,812.8536687578264,548.7978768822961,755.6744659467877,518.00907536866,682.0012623248722,609.2758798555103,,,,
labeled-data,RAT 2 FR1 10-03-25,img04758.png,,,,,812.8536687578264,379.4594685572964,677.6028621086384,358.5670675301861,586.3360576217879,474.0250732063223,517.0612542161061,608.176279801452,422.4956495670804,659.8574823421986,329.0296449721129,712.6382849370036,,,,,,,790.8616676766578,655.4590821259648,,,,,882.1284721635084,521.3078755308352,773.2680668117225,520.2082754767767,716.088864000684,648.8614818016142,,,,
labeled-data,RAT 2 FR1 10-03-25,img04866.png,803.0548637191298,332.71604079860816,859.4827464577061,400.934824407932,695.2523414722973,337.76928402892844,620.2959002225466,391.6705451523447,582.3965759951445,483.47113050316295,551.2349094081696,582.8515806994616,414.79734218952217,664.5456795896393,241.3026579485262,711.7092830726285,,,,,,,742.4159449552865,633.3840130026643,,,803.0548637191298,518.8438331154048,811.4769357696637,460.7315359667217,776.1042331574218,504.5263106294974,670.8283325257496,625.8041481571839,,,,
labeled-data,RAT 2 FR1 10-03-25,img04947.png,623.7224594597749,169.43585823213436,561.0452563784437,63.874253042524174,631.419659838184,283.7942638542122,638.0172601625346,373.9614682870042,650.1128607571775,472.92547315226375,738.0808650818526,592.7818790446338,800.7580681631837,655.4590821259648,808.4552685415927,712.6382849370038,,,526.9576547026321,483.9214736928482,512.6628539998724,589.4830788824585,,,535.7544551350996,285.99346396232903,,,,,,,,,568.7424567568528,592.7818790446338,,
labeled-data,RAT 2 FR1 10-03-25,img05221.png,658.909661189645,351.9694672058354,677.6028621086384,541.100676503887,598.4316582164308,310.1846651516147,514.8620541079893,316.78226547596535,,,459.8820514050673,500.4154745037249,332.3284451342882,518.0090753686598,231.1652401609117,561.9930775309974,202.57563875539228,684.0486835314842,,,,,574.240457027145,578.4870783418739,,,683.1008623789307,571.8894780175234,585.2364575677295,487.2202738550236,514.8620541079893,452.0330721251535,526.9576547026321,549.8974769363546,,,,
labeled-data,RAT 2 FR1 10-03-25,img05379.png,906.6463499406956,400.9348244079318,1025.3975658532215,529.7925267810988,813.1613501797704,354.613428129996,701.147791907671,316.71410390259393,611.0316209669594,384.0906803068642,576.501125559771,502.8418962193906,450.1700448017641,516.3172115002446,306.9948199426897,538.2145988316325,195.8234688756437,656.1236075391057,,,,,738.2049089300197,629.1729769773973,,,819.8990078201974,618.2242833117034,799.6860348989162,528.9503195760453,680.0926117813365,502.8418962193906,692.7257198571374,578.6405446741948,,,940.3346381428306,620.7509049268635
labeled-data,RAT 2 FR1 10-03-25,img05417.png,967.1355472962098,375.67830040628405,1198.670461992168,452.37424089932017,856.432916207205,348.90707589456395,739.2183656423765,335.1596903344914,643.7102133302935,395.21405883375553,590.8913109152783,490.72221114583823,473.9100225842111,495.963181535818,344.1572162053151,514.6563824548115,224.3008103129451,588.329586076727,,,782.8976377746327,563.0387848333829,733.4156353420028,642.2099887255906,,,945.638445775282,622.4171877525387,901.6544436129444,524.5527829413375,704.8260339364833,501.4611818061102,703.7264338824249,587.2299860226685,,,944.1287996994224,585.9265742005127
labeled-data,RAT 2 FR1 10-03-25,img05663.png,883.9067554042545,469.15360801725546,982.4449983954996,667.9145084098527,808.1081069494501,404.3036532281453,741.5737377502334,347.87577048956894,645.5621163741481,352.08680651483576,589.1342336355716,453.1516711212413,464.4875672876716,469.15360801725546,325.52337845386404,516.3172115002446,234.5650003080992,614.85545449149,,,,,616.9270714023332,574.4295086489278,,,872.115854533507,623.2775265420237,791.2639628483826,581.1671662893548,637.9822515286677,470.8380224273622,619.4536930174933,544.1100492670062,,,,
labeled-data,RAT 2 FR1 10-03-25,img05929.png,881.0288721094499,477.3238733684976,977.7936768665924,677.4510832071337,794.160467838833,402.5510696925236,716.088864000684,350.86986715177693,619.324059243541,386.0570688816471,569.8420568109112,483.9214736928482,438.9896503779569,508.1126748821339,297.1412434044181,558.6942773688221,150.89443621464557,704.9410845585945,,,,,655.6108610274696,616.9730802339193,,,871.1324716229238,647.7618817475557,786.4632674604238,596.080679206809,646.814060595002,522.4074755848935,631.419659838184,591.6822789905751,,,,
labeled-data,RAT 2 FR1 10-03-25,img06446.png,,,,,829.3476695687032,381.6586686654133,712.7900638385083,359.6666675842444,608.3280587029567,415.7462703412248,511.5632539458138,521.307875530835,388.4080478912686,531.2042760173609,243.26084075555443,560.8934774769389,177.2848375120481,688.4470837477179,,,,,722.6864643250343,601.5786794771013,907.4192734068522,553.1962770985298,1007.4828783261704,443.23627169268593,933.8096747042548,438.83787147645216,658.9096611896449,518.0090753686598,679.8020622167552,585.0846786662246,,,1018.4788788667548,532.3038760714195
labeled-data,RAT 2 FR1 10-03-25,img07270.png,523.6588545404568,411.3478701249911,619.324059243541,540.0010764498286,411.499649026496,338.7742665571341,316.9340443774701,394.8538693141145,275.1492423232494,504.8138747199585,257.55564145831426,629.0686808285623,500.5672534052296,580.6862784499909,784.264067352307,591.6822789905752,1037.1720797857483,531.2042760173613,,,,,425.7944497292556,640.0646813691467,,,,,503.8660535674049,521.3078755308352,448.88605086448285,486.12067380096505,380.7108475128596,655.4590821259648,,,,
labeled-data,RAT 2 FR1 10-03-25,img07500.png,934.439187707457,333.55824800366145,1160.1507186617623,448.098427890921,802.2126565140766,327.6627975682878,680.9348189863898,336.927076823875,589.9764408406251,417.77896850899936,479.6472969786324,526.4236979608852,326.36558565891744,517.1594187052981,197.50788328575044,590.4314455449421,132.6579284966403,685.6008597159739,,,,,724.7295936491656,646.8593282835184,,,920.1216652215496,610.644418466223,859.4827464577063,537.3723916265791,716.3075215986319,533.1613556013123,669.1439181156427,621.593112131917,,,,
labeled-data,RAT 2 FR1 10-03-25,img08046.png,842.5428702174046,350.86986715177693,939.3076749745472,488.319873909082,732.5828648115605,324.47946585437444,597.3320581623723,333.2762662868419,504.9656536214634,436.63867136833534,429.093249891431,570.789877963465,319.13324448558694,579.5866783959324,267.45204194484023,548.7978768822961,217.9700395122105,634.5666810988544,,,,,694.0968629195149,619.1722803420362,,,861.2360711363981,593.8814790986922,822.7500692443525,503.7142746659002,664.4076614599371,509.2122749361925,647.9136606490605,609.2758798555103,,,,
labeled-data,RAT 2 FR1 10-03-25,img08055.png,884.3276722716251,403.6506697465821,1016.2796787586382,499.31587444966647,782.0648672441903,378.359868503238,628.1208596760086,347.5710669896016,531.3560549188659,431.140671098043,426.8940497833141,540.0010764498286,316.9340443774701,540.0010764498286,243.2608407555546,577.3874782878156,201.4760387013338,657.6582822340815,,,,,703.9932634060411,619.1722803420362,,,885.4272723256836,627.9690807745038,829.3476695687032,543.299876612004,673.2044618924048,510.3118749902508,654.5112609734111,604.8774796392765,,,,
labeled-data,RAT 2 FR1 10-03-25,img08160.png,914.016873731203,427.8418709358678,1165.825286110586,430.0410710439848,799.6584681091254,389.35586904382245,675.4036620005215,368.463468016712,589.6348577839633,456.4314723413872,517.0612542161061,561.9930775309974,392.8064481075024,561.9930775309974,241.0616406474377,570.789877963465,175.0856374039313,692.8454839639517,,,,,755.6744659467877,669.7538828287245,,,931.610474596138,695.0446840720688,878.8296720013329,608.176279801452,687.4992625951645,535.6026762335948,713.8896638925672,638.9650813150882,,,,
labeled-data,RAT 2 FR1 10-03-25,img08495.png,312.53564416123623,368.463468016712,114.607634430717,381.6586686654132,454.38405113477495,337.6746665030756,595.1328580542554,364.0650678004782,664.407661459937,452.03307212515335,722.6864643250343,532.3038760714195,749.0768656224369,482.82187363878967,683.1008623789307,452.03307212515335,,,521.4596544323399,543.2998766120038,501.66685345928784,686.247883639601,464.2804516213009,610.3754799095686,321.3324445937037,571.8894780175233,,,,,,,,,568.7424567568528,644.4630815853803,264.15324178266485,707.1402846667113
labeled-data,RAT 2 FR1 10-03-25,img08633.png,652.2997740145752,444.72959907070754,636.2978371185608,651.0703643087853,547.0238733829028,353.7712209249425,404.6908557288816,351.2445993097825,300.25716230226266,485.15554491326975,306.9948199426897,629.1729769773975,440.0635583411236,715.0781118928421,,,,,,,,,529.3375220767817,644.3327066683584,,,,,555.4459454334366,559.269778957967,517.5466212060344,526.4236979608852,448.4856303916573,652.7547787188922,,,,
labeled-data,RAT 2 FR1 10-03-25,img08648.png,706.1924635141575,426.7422708818091,782.0648672441899,554.2958771525882,587.4356576758462,360.76626763830274,427.9936498373724,347.5710669896016,307.037643890944,480.6226735306727,304.8384437828271,627.9690807745037,397.2048483237361,713.737884991062,,,,,,,,,526.957654702632,647.7618817475555,,,666.6068615680538,577.3874782878154,579.738457297437,537.8018763417115,522.5592544863982,514.7102752064843,444.487650648249,653.2598820178478,,,,
labeled-data,RAT 2 FR1 10-03-25,img09205.png,967.8972763800664,125.4518560697966,1253.7932904352606,5.595450177426679,838.1444700011704,222.2166608269393,719.3876641628591,338.774266557134,635.8180600544176,469.6266729900884,566.5432566487359,612.5746800176855,435.6908502157815,638.9650813150879,309.23684399906085,708.2398847207699,,,,,,,824.9492693524694,713.737884991062,,,1154.8292855700013,258.5034626108678,1030.5744794613977,310.1846651516145,811.7540687037678,564.1922776391141,745.7780654602614,700.5426843423606,,,,
labeled-data,RAT 2 FR1 10-03-25,img09478.png,882.128472163508,331.07706617872486,,,791.961267730716,318.98146558408206,784.264067352307,413.547070233108,788.6624675685407,524.6066756930105,790.8616676766576,629.0686808285623,758.9732661089627,710.4390848288868,,,,,708.3916636222743,493.8178741793741,703.9932634060407,579.5866783959325,901.92127313656,592.7818790446338,,,,,,,897.5228729203261,480.6226735306728,864.534871298573,601.5786794771013,734.782064919677,601.5786794771013,,
labeled-data,RAT 2 FR1 10-03-25,img09669.png,928.5437372720831,128.05968997063695,,,893.1710346598413,225.7557257568289,861.1671608678131,331.8738335935547,846.0074311768523,442.2029774555473,836.743151921265,568.5340582135542,754.2068458260339,686.4430669210271,553.7615310233298,710.8670758675753,353.3162162206255,657.8080219492125,760.1022962614076,441.360770250494,769.366575516995,588.7470311348353,911.6995931710156,589.5892383398887,798.0016204888095,236.7044194225229,,,963.9164398843252,230.8089689871492,937.8080165276708,464.1003647869352,878.853512173934,586.2204095196751,797.1594132837563,582.8515806994616,,
labeled-data,RAT 2 FR1 10-03-25,img09800.png,920.6144740555532,426.7422708818094,1157.028485678118,502.6146746118417,817.2520689740601,358.5670675301861,690.7980627573395,339.8738666111925,597.332058162372,441.0370715845691,528.0572547566906,564.1922776391143,460.9816514591256,633.467081044796,423.5952496211387,710.4390848288868,,,,,775.4672669198394,611.4750799636273,697.3956630816901,647.7618817475557,722.6864643250343,594.9810791527507,990.9888775152936,579.5866783959325,901.92127313656,511.4114750443092,728.1844645953265,529.0050759092443,650.1128607571773,612.5746800176858,,,,
labeled-data,RAT 2 FR1 10-03-25,img09818.png,962.2320254742184,305.7654102368999,1166.8883763021895,400.09261720287833,813.1613501797704,304.9232030318466,669.9861253206959,347.87577048956894,597.5563056861054,469.15360801725546,529.3375220767817,610.6444184662232,432.4836934956432,714.2359046877888,,,,,,,803.0548637191298,598.8535175954759,829.1632870757846,688.9696885361874,,,1020.3443226229016,526.4236979608852,908.330764350802,516.3172115002446,781.157476387742,550.0054997023799,750.8380170058205,642.6482922582514,,,,
labeled-data,RAT 2 FR1 10-03-25,img09896.png,986.5904772990598,442.1366716386275,,,875.5308718391573,357.4674674761276,725.9852644872095,367.3638679626536,618.2244591894826,485.0210737469066,555.5472561081514,631.2678809366791,464.2804516213009,655.4590821259648,422.4956495670802,709.3394847748284,,,,,,,820.5508691362354,678.550683261192,,,,,,,788.6624675685407,583.9850786121663,750.1764656764951,663.156282504374,,,,
labeled-data,RAT 2 FR1 10-03-25,img10177.png,701.9899991127245,130.58631158579712,681.7770261914434,7.62405964800382,710.4120711632582,266.1816715993911,714.6231071885251,415.2523468938392,699.4633774975642,583.693787904515,,,,,,,,,558.8147742536501,522.2126619356183,570.6056751243973,659.4924363593191,,,,,,,,,807.2658997443968,541.583427651846,,,,,,
labeled-data,RAT 2 FR1 10-03-25,img10197.png,727.084864541268,134.24865650226425,675.8815757560695,5.097438032843797,732.5828648115603,267.3002630433355,729.2840646493848,404.75026980064047,717.188464054742,560.8934774769391,,,,,,,,,574.2404570271449,527.9054758551857,567.6428567027942,658.7578822881402,,,,,,,,,810.6544686497093,547.6982768282378,,,,,,
labeled-data,RAT 2 FR1 10-03-25,img10218.png,739.8893233401263,115.42658189483632,681.7770261914434,6.781852442950442,741.5737377502334,249.3375274983236,740.7315305451799,395.8815811776115,715.4653143935785,561.7964005731271,677.5659901661763,716.7625263029488,,,,,,,581.5543687900913,510.42176106487096,565.552431894077,656.9658147441589,,,621.9803146326535,219.018068116402,,,,,825.7944582555712,548.3210852922731,,,,,,
labeled-data,RAT 2 FR1 10-03-25,img10411.png,897.5228729203261,400.3518695844068,985.4908772450012,524.6066756930105,774.367666865781,348.67066704366005,651.2124608112357,329.9774661246666,543.4516555135086,389.3558690438224,453.28445108071656,486.12067380096505,384.0096476750349,567.4910778012896,413.6988491346127,699.4430842883025,,,,,,,689.6984627032809,570.789877963465,,,777.6664670279562,580.6862784499909,756.7740660008459,498.2162743956079,649.0132607031189,466.3278728279132,628.1208596760084,554.2958771525883,,,,
labeled-data,RAT 2 FR1 10-03-25,img11530.png,921.7140741096116,445.4354718008029,1069.1923405159976,531.4769411912057,788.6624675685407,398.15266947628993,652.3120608652941,376.1606683951211,529.1568548107489,467.42747288197154,463.1808515672425,555.3954772066468,453.28445108071656,499.3158744496664,511.5632539458138,456.4314723413872,,,,,,,679.8020622167552,682.9490834774258,,,898.6224729743846,684.0486835314842,854.638470812047,599.3794793689844,656.7104610815279,564.1922776391143,639.1168602165927,656.5586821800232,,,907.419273406852,621.3714804501533
labeled-data,RAT 2 FR1 10-03-25,img11765.png,918.4372508114428,404.3036532281453,1075.9299981564243,507.8951394497109,785.3685124130091,348.7179776946223,641.3510803488812,359.6666713603163,573.9745039446108,485.99775211832304,497.3336482847533,624.1197337470774,280.88639658603495,713.3936974827354,,,,,,,,,806.4236925393434,636.7528418228778,,,943.7034669630444,608.9600040561163,867.0626113031867,544.1100492670062,777.7886475675286,525.5814907558317,727.2562152643259,635.9106346178245,,,,
labeled-data,RAT 2 FR1 10-03-25,img11881.png,,,,,850.2400705958132,369.5630680707704,708.3916636222743,334.3758663409004,598.4316582164306,435.5390713142768,537.9536552432164,599.3794793689844,426.894049783314,647.7618817475557,268.5516419988986,706.0406846126531,,,,,,,816.1524689200016,643.3634815313219,917.315673893378,537.8018763417118,1021.77767902893,542.2002765579456,962.399276109774,494.9174742334326,776.5668669738977,519.1086754227183,729.2840646493848,636.7658812069715,,,,
labeled-data,RAT 2 FR1 10-03-25,img12212.png,579.8699543799845,145.74604127675798,625.349143452867,66.57856400174035,517.5466212060344,261.9706355741243,488.06936902916624,366.4043290007433,485.5427474140061,492.73540975875005,566.3946390991305,622.4353193369705,614.4004497871731,711.7092830726285,,,,,,,,,622.8225218377067,579.4827518792481,,,,,,,621.9803146326535,455.6782927364014,605.1361705315858,592.9580671601021,,,,
labeled-data,RAT 2 FR1 10-03-25,img12254.png,610.5272588110734,141.94585688067338,680.9016622708136,88.06545423180978,551.1488558919176,247.5074620702836,512.6628539998723,362.9654677464198,500.5672534052295,463.0290726657378,559.9456563243851,581.7858785040494,599.531258270489,647.7618817475557,585.2364575677293,712.6382849370036,,,438.9896503779569,472.92547315226375,462.0812515131841,561.9930775309974,630.3200597841254,579.5866783959325,492.8700530268204,251.9058622865173,,,634.7184600003592,265.10106293521864,627.0212596219501,474.0250732063223,612.7264589191903,589.4830788824585,,,,
labeled-data,RAT 2 FR1 10-03-25,img12603.png,867.9048185082403,441.360770250494,969.8118903196988,598.0113103904224,824.9522510505177,378.1952298714906,777.7886475675286,325.1361759531277,686.8302694217637,348.7179776946223,615.2426569922263,448.098427890921,531.864143691942,443.0451846606008,422.3772070350026,444.72959907070754,402.16423411372153,530.6347339861522,,,,,701.9899991127245,545.7944636771128,,,866.2204040981333,604.7489680308495,788.7373412332223,539.8990132417393,681.7770261914434,448.9406350959744,672.5127469358561,518.8438331154048,,,,
labeled-data,RAT 2 FR1 10-03-25,img12690.png,922.8136741636704,408.0490699628159,1026.1760792451637,519.1086754227183,831.5468696768196,336.57506644901724,729.2840646493848,311.28426520567314,646.8140605950019,375.06106834106265,,,613.8260589732488,486.12067380096505,498.36805329711257,481.7222735847313,373.0136471344504,503.7142746659001,,,,,742.479265298086,591.6822789905752,,,887.6264724338002,618.0726802879778,843.6424702714627,540.0010764498286,690.7980627573395,480.6226735306728,720.4872642169173,557.5946773147637,,,,
labeled-data,RAT 2 FR1 10-03-25,img13632.png,681.7770261914434,408.51468925341226,627.875765068027,511.2639682699244,694.410134267244,378.1952298714906,695.2523414722974,339.4536984390351,698.6211702925109,308.29203185206006,,,590.8186480456784,485.15554491326975,469.5408105179919,487.6821665284298,364.2649098863195,512.1061754749778,782.8418907978487,416.0945540988926,761.7867106715144,576.1139230590345,,,737.3627017249664,544.1100492670062,629.5601794781338,665.3878867946928,635.4556299135076,562.6386077781805,,,,,,,697.7789630874577,637.5950490279312
labeled-data,RAT 2 FR1 10-03-25,img13733.png,971.4963047298058,351.2445993097823,1201.4188717093784,442.2029774555473,859.4827464577063,332.7160407986081,734.8360801098061,322.60955433796755,655.6686028347887,406.8302748433055,,,632.9290082983474,505.3685178345507,504.9135131302338,489.3665809385366,369.3181531166398,509.5795538598177,,,819.8990078201974,582.0093734944082,747.469188185607,660.3346435643725,,,883.9067554042545,670.4411300250131,878.853512173934,546.6366708821663,712.9386927784183,518.8438331154048,731.4672512895927,617.3820761066501,,,,
labeled-data,RAT 2 FR1 10-03-25,img14011.png,917.5950436063896,479.260094477896,1089.405313437279,666.230093999746,820.7412150252509,410.1991036635189,686.8302694217637,359.6666713603163,573.1322967395574,439.67635584038726,501.54468431002033,550.8477069074331,381.1090539873872,589.5892383398887,264.8844596900208,626.6463553622373,,,,,,,707.885449548098,659.4924363593191,,,887.2755842244676,674.6521660502799,814.8457645898771,601.3801392106359,679.2504045762831,519.6860403204582,668.3017109105892,624.9619409521306,,,,
labeled-data,RAT 2 FR1 10-03-25,img14032.png,900.8216730825015,435.5390713142768,1042.6700800560402,469.6266729900885,787.5628675144824,388.2562689897639,658.9096611896448,351.96946720583543,564.3440565406189,428.9414709899262,493.9696530808788,555.3954772066468,397.20484832373614,590.5826789365169,316.93404437746995,613.6742800717441,256.4560414042558,636.7658812069715,,,,,707.2920635682159,665.3554826124907,,,885.4272723256834,670.8534828827828,828.2480695146444,581.7858785040494,669.9056617302292,533.403476125478,665.5072615139954,626.8694807204454,,,885.4272723256834,618.0726802879778
labeled-data,RAT 2 FR1 10-03-25,img14091.png,882.128472163508,380.55906861135486,1001.984878055878,480.6226735306728,774.367666865781,340.9734666652509,647.9136606490604,350.86986715177693,559.9456563243851,447.6346719089197,506.0652536755217,560.8934774769391,425.7944497292556,591.6822789905752,338.9260454586388,621.3714804501533,254.25684129613893,632.3674809907376,,,739.1804651359108,586.1842787202831,708.3916636222743,669.7538828287245,,,977.7936768665924,538.9014763957703,925.0128742717872,518.0090753686598,695.1964629735733,522.4074755848935,660.0092612437031,622.4710805042117,,,,
labeled-data,RAT 2 FR1 10-03-25,img14093.png,894.8554490699481,384.0906803068642,1003.500178521834,479.260094477896,786.2107196180623,349.56018489967573,656.510810039842,349.56018489967573,563.0258102789169,452.30946391618784,503.2290987201271,557.5853645478602,385.320090012654,606.4333824409562,258.14680204959376,635.0684274127711,,,,,745.7847737755002,582.8515806994616,708.7276567531515,674.6521660502799,,,988.3404488308734,539.8990132417393,904.9619355305888,515.4750042951912,701.9899991127245,515.4750042951912,670.8283325257496,621.593112131917,,,,
labeled-data,RAT 2 FR1 10-03-25,img14528.png,591.83405789208,380.55906861135486,656.7104610815279,542.2002765579456,492.8700530268204,333.2762662868419,357.61924637763224,326.6786659624913,280.6472425935415,454.23227223327024,253.1572412420805,630.1682808826208,287.24484291789213,713.7378849910622,,,,,,,,,533.5552550269826,625.769880666387,,,601.7304583786058,546.5986767741792,546.750455675684,504.8138747199585,489.571252864645,498.2162743956079,458.7824513510087,620.2718803960946,,,,
labeled-data,RAT 2 FR1 10-03-25,img14529.png,598.3985128911588,372.29977943611686,659.8796388600554,534.0035628063656,478.80508977357897,315.02968949248714,349.947387400412,346.1913560794622,290.9928830466756,479.2600944778961,257.3045948445404,662.0190579744792,285.0974326113019,712.551490277682,,,,,,,,,533.5485581020487,619.9086977218103,,,595.8718912759987,533.1613556013123,554.6037382283831,517.159418705298,507.4401347453939,513.7905898850846,450.1700448017641,619.9086977218103,,,,
labeled-data,RAT 2 FR1 10-03-25,img14993.png,829.1632870757846,443.8873918656541,951.2833318085246,534.8457700114191,710.4120711632582,396.72378838266496,572.290089534504,363.8777073855831,438.3791439310168,428.72766217469336,327.2077928639708,522.2126619356184,207.614369746391,591.2736527499953,90.54756824397136,698.2339677917746,,,,,,,612.7160353770662,643.4904994633049,,,781.157476387742,629.1729769773973,723.0451792390588,572.745094238821,549.5504949980628,525.5814907558317,531.864143691942,624.1197337470774,,,,
labeled-data,RAT 2 FR1 10-03-25,img15382.png,938.2080749204883,503.7142746659001,,,827.148469460586,422.3438706655757,742.479265298086,349.77026709771854,612.7264589191903,442.1366716386275,532.4556549729241,594.9810791527507,366.4160468100998,623.5706805582702,201.4760387013338,647.7618817475557,89.31683318737288,711.5386848829453,,,808.4552685415925,613.6742800717441,823.8496692984106,692.8454839639517,,,970.0964764881832,652.1602819637895,896.4232728662678,577.3874782878156,765.5708664333134,538.90147639577,757.8736660549043,647.7618817475557,,,,
labeled-data,RAT 2 FR1 10-03-25,img15633.png,953.8099534236846,320.9251399278608,1130.673466484894,412.7257252786791,804.7392781292366,311.6608606722736,647.2465307842549,373.98419384622366,595.0296840709452,501.157481809284,542.8128373576358,621.5931121319172,376.05581075706687,676.3365804603868,222.77409943735185,676.3365804603868,109.9183339601991,716.762526302949,,,,,825.7944582555713,678.863202075547,,,1048.979367594717,459.0471215566149,961.3898182691652,494.4198241688569,789.5795484382761,526.4236979608852,760.1022962614076,647.7015354885717,,,,
labeled-data,RAT 2 FR1 10-03-25,img15674.png,893.1244727040923,371.7622681788873,997.6047280864602,483.4711305031631,787.5628675144824,338.77426655713407,646.8140605950019,382.7582687194716,590.7344578380215,505.9134747740169,529.1568548107489,625.7698806663868,392.8064481075024,670.8534828827828,255.3564413501973,666.4550826665492,115.70723448477544,717.0366851532374,,,,,827.148469460586,675.2518830990168,,,999.7856779477612,536.7022762876533,929.4112744880208,505.9134747740169,782.0648672441899,537.8018763417117,753.4752658386706,655.4590821259648,,,,
labeled-data,RAT 2 FR1 10-03-25,img15915.png,,,,,522.5998644363548,357.9822569502095,597.5563056861055,393.3549595624514,665.7750892954293,472.52243683746894,718.8341432137922,574.4295086489278,644.7199091690946,667.9145084098527,463.6453600826183,680.5476164856536,269.9377029203411,716.762526302949,499.8602698999137,526.4236979608852,519.2310356161413,620.7509049268638,,,454.3810808270312,483.47113050316295,,,,,,,,,600.925134506319,618.2242833117034,467.0141889028317,544.9522564720596
labeled-data,RAT 2 FR1 10-03-25,img16049.png,859.4827464577065,388.30171633213104,970.6540975247524,485.99775211832304,775.2620259523685,331.0316263885013,653.984188424682,345.34914887440874,589.1342336355717,432.09649099490673,573.1322967395575,539.0568060366859,456.9077024421913,563.4808149832339,312.0480631730101,631.6995985925575,,,,,,,733.9938729047528,560.9541933680737,,,855.2717104324394,526.4236979608852,813.1613501797707,506.21072503960414,749.1536025957139,493.5776169638035,674.197161345963,568.5340582135542,,,,
labeled-data,RAT 2 FR1 10-03-25,img16123.png,908.5188734609106,479.52307347661446,,,,,,,863.4352712445145,367.3638679626536,766.6704664873719,299.1886646110302,687.4992625951642,393.7542692600561,647.9136606490604,490.5190740171988,564.3440565406189,503.7142746659001,467.57925178347625,483.92147369284805,388.4080478912686,532.3038760714195,,,,,774.367666865781,609.2758798555103,,,722.6864643250343,469.6266729900884,756.7740660008459,571.8894780175233,,,,
labeled-data,RAT 2 FR1 10-03-25,img16227.png,906.6463499406956,463.25815758188185,979.9183767803396,582.8515806994616,840.954187946532,377.35302266643714,756.7334674411941,309.97644626216686,674.197161345963,395.0393739725582,652.2997740145752,504.5263106294974,544.4972517677427,510.42176106487113,440.06355834112367,489.3665809385366,373.5291891419067,559.269778957967,,,,,779.4730619776353,613.1710400813831,,,910.8573859659624,616.5398689015967,830.8477014858914,553.3743285225934,710.4120711632582,474.2068512475757,753.3646386209805,562.6386077781805,,,,
labeled-data,RAT 2 FR1 10-03-25,img16578.png,986.5904772990598,332.1766662327834,1184.5184870295789,436.6386713683352,827.148469460586,320.08106563814056,676.50326205458,362.9654677464198,607.2284586488981,458.630672449504,545.6508556216254,554.2958771525883,419.1968494049049,571.8894780175233,322.4320446477621,575.1882781796986,243.2608407555545,565.2918776931726,,,,,788.6624675685407,665.3554826124907,,,983.2916771368846,576.287878233757,890.9252725959756,509.2122749361923,742.479265298086,515.8098752605429,711.6904637844498,624.6702806123285,,,,
labeled-data,RAT 2 FR1 10-03-25,img17364.png,949.2040754610728,457.5310723954456,1095.4508826508452,453.1326721792119,822.7500692443523,389.3558690438223,665.5072615139954,384.9574688275885,564.3440565406189,536.7022762876533,537.9536552432164,704.9410845585945,,,,,,,,,,,805.1564683794172,712.6382849370036,,,1007.48287832617,668.654282774666,907.419273406852,621.3714804501531,782.0648672441899,579.5866783959324,720.4872642169173,693.94508401801,,,,
labeled-data,RAT 2 FR1 10-03-25,img17738.png,883.064548199201,360.5088785653696,966.4430614994856,328.5050047733412,787.8951340281692,346.1913560794622,724.7295936491657,424.5166261494264,708.7276567531517,556.7431573428069,707.0432423430448,689.8118957412407,664.0906748853225,718.4469407130557,,,,,,,,,877.1690977638273,594.6424815702089,,,,,912.5418003760692,478.4178872728427,886.4333770194146,488.5243737334832,822.4256294353578,613.1710400813831,,,,
labeled-data,RAT 2 FR1 10-03-25,img17760.png,,,,,805.5814853342902,323.4517615430209,776.9464403624752,423.674418944373,754.2068458260339,547.4788780872196,722.2029720340057,680.5476164856536,679.2504045762831,706.6560398423082,,,,,675.0393685510164,484.3133377082163,,,880.5379265840407,598.8535175954758,,,,,,,898.2242778901618,501.9996890143372,829.1632870757849,617.3820761066501,,,,
labeled-data,RAT 2 FR1 10-03-25,img17900.png,901.92127313656,366.2642679085951,979.076169575286,434.6231126100671,804.0568683253588,327.7782660165497,667.7064616221123,353.06906725989376,610.5272588110734,446.53507185486114,563.2444564865605,545.4990767201208,427.99364983737246,556.4950772607051,272.9500422151324,593.8814790986921,135.50003545782735,673.0526829908997,,,805.1564683794172,574.0886781256402,778.7660670820147,653.259882017848,,,998.6860778937026,542.2002765579455,932.7100746501962,497.11667434154936,747.9772655683784,524.6066756930104,742.479265298086,618.0726802879778,,,,
labeled-data,RAT 2 FR1 10-03-25,img18188.png,950.4411246034716,427.8854549696399,1032.9774306987024,541.583427651846,844.3230167667455,373.98419384622366,712.0964855733652,328.5050047733412,611.873828172013,421.1477973292129,545.3394589727959,556.7431573428069,379.4246395772804,561.7964005731271,225.300721052512,609.8022112611698,121.7092348309464,694.0229317665077,,,778.6308547725821,574.4295086489278,786.2107196180627,651.0703643087853,,,949.598917398418,617.3820761066501,890.6444130446813,571.0606798287142,734.8360801098063,521.3704547305649,728.0984224693793,628.3307697723441,,,,
labeled-data,RAT 2 FR1 10-03-25,img18392.png,922.64828683671,469.15360801725546,1054.8748180300902,565.1652293933405,826.6366654606245,396.7237883826648,673.3549541409095,395.8815811776115,574.8167111496643,507.8951394497109,472.9096393382054,630.8573913875042,312.0480631730101,605.5911752359029,165.50400949372215,627.4885625672907,41.699550350875406,715.0781118928422,,,,,740.7315305451799,715.9203190978956,,,999.2891424965674,649.3859498986785,919.2794580164964,648.5437426936252,774.4198187473153,568.5340582135542,693.5679270621906,695.7073461766145,,,,
labeled-data,RAT 2 FR1 10-03-25,img18451.png,894.8554490699482,400.9348244079318,1134.8845025101612,439.67635584038726,776.9464403624752,363.03550018052977,623.6647290427602,380.7218514866507,557.1303598435433,493.5776169638035,485.5427474140061,613.1710400813831,321.3123424285972,604.7489680308495,157.08193744318834,640.9638778481448,72.01900973279703,715.0781118928422,,,,,745.7847737755003,714.2359046877888,,,937.8080165276708,682.2320308957603,872.1158545335071,598.8535175954758,728.0984224693793,565.1652293933407,687.6724766268171,692.3385173564009,,,,
labeled-data,RAT 2 FR1 10-03-25,img18651.png,,,,,844.7420703255211,371.7622681788873,742.479265298086,387.1566689357054,666.6068615680538,534.5030761795363,616.0252590813656,709.3394847748283,242.16124070149613,713.7378849910621,106.9104340523079,715.9370850991788,,,,,,,916.2160738393196,670.8534828827828,955.8016757854234,566.3914777472311,,,984.3912771909428,482.82187363878967,885.4272723256834,564.1922776391143,845.8416703795795,678.550683261192,,,,
labeled-data,RAT 2 FR1 10-03-25,img18749.png,,,,,835.9452698930536,320.08106563814056,852.4392707039302,400.3518695844067,862.3356711904562,514.7102752064844,851.3396706498717,668.654282774666,791.961267730716,714.8374850451205,,,,,747.9772655683784,514.7102752064844,,,,,,,,,,,942.6064751367222,482.82187363878967,894.2240727581509,664.2558825584322,774.367666865781,615.873480179861,,
labeled-data,RAT 2 FR1 10-03-25,img19584.png,916.2160738393196,472.92547315226375,1127.3392842185403,486.12067380096505,810.6544686497093,395.9534693681729,661.1088612977616,380.5590686113548,570.9416568649697,502.6146746118416,519.260454324223,624.6702806123285,453.28445108071656,634.5666810988544,,,,,,,,,779.8656671360732,712.6382849370036,,,994.2876776774688,710.4390848288867,897.5228729203261,653.259882017848,746.8776655143199,575.1882781796986,711.6904637844498,681.8494834233672,,,,
labeled-data,RAT 2 FR1 10-03-25,img19987.png,954.652160628738,295.65892377625937,1141.622160150588,397.5659955877183,816.5301789999842,312.503067877327,664.9328820903759,400.0926172028785,640.5088731438279,559.269778957967,600.0829273012657,710.0248686625218,434.1681079057501,702.4450038170417,,,,,,,,,921.8060796316564,661.1768507694258,,,1112.14490797372,446.4140134808143,999.2891424965674,476.733472862736,872.9580617385606,555.0587429327002,827.478872665678,669.5989228199596,,,,
labeled-data,RAT 2 FR1 10-03-25,img20294.png,614.4004497871731,141.5350052514911,485.5427474140061,80.89608648764779,712.9386927784183,236.7044194225229,818.214593410091,342.82252725924866,867.0626113031867,505.3685178345507,911.699593171016,656.9658147441589,924.3327012468164,710.8670758675753,,,,,652.2997740145752,527.2659051659385,610.1894137619063,658.6502291542658,,,569.7634679193441,336.927076823875,,,,,,,,,705.3588279329381,637.5950490279312,463.6453600826183,357.9822569502095
labeled-data,RAT 2 FR1 10-03-25,img20300.png,673.2044618924044,150.74265731314085,562.1448564325021,11.093450447719002,757.8736660549043,237.61106158375765,837.0448699471119,348.67066704366005,874.4312717850989,482.82187363878967,911.817673623086,664.2558825584322,937.10847486643,712.6382849370036,,,,,677.6028621086384,514.7102752064844,611.6268588651319,656.5586821800232,,,585.2364575677293,309.0850650975562,513.7624540539307,299.1886646110302,,,,,,,708.3916636222743,647.7618817475557,496.1688531889957,325.5790659084328
labeled-data,RAT 2 FR1 10-03-25,img20492.png,957.1787822438984,347.0335632845155,1145.8331961758552,368.08874341084993,796.3172060787031,340.2959056440885,635.4556299135077,367.2465362057966,559.6569814587035,484.3133377082163,483.016125798846,594.6424815702089,389.5311260379209,572.745094238821,444.2745943663906,518.0016259103514,536.9173869222622,501.9996890143373,,,,,779.4730619776353,684.7586525109206,,,938.650223732724,670.4411300250131,929.385944477137,565.1652293933407,723.0451792390588,538.2145988316325,711.2542783683117,644.3327066683582,,,,
labeled-data,RAT 2 FR1 10-03-25,img20911.png,974.0229263449658,321.7673471329141,1151.728646611229,404.3036532281453,820.7412150252509,316.71410390259393,684.3036478066035,365.56212179568985,614.4004497871731,496.1042385789636,564.7102246890238,619.0664905167571,443.4323871613372,647.701535488572,338.1564865296648,658.6502291542658,,,,,,,857.7983320475996,649.3859498986785,,,1006.8690073420478,585.3782023146216,922.64828683671,518.0016259103514,785.3685124130091,518.8438331154048,776.104233157422,637.5950490279312,,,,
labeled-data,RAT 2 FR1 10-03-25,img21172.png,893.1710346598417,338.6114912339817,965.6008542944325,365.56212179568985,755.8912602361409,329.34721197839457,655.6686028347888,405.98806763825206,616.0848641972798,537.3723916265791,553.7615310233298,688.1274813311339,433.3259007006967,714.2359046877888,,,,,,,,,858.6405392526531,644.3327066683582,,,957.1787822438984,457.3627071465081,904.1197283255352,478.4178872728427,832.5321158959983,533.1613556013123,780.3152691826887,646.8593282835184,,,,
labeled-data,RAT 2 FR1 10-03-25,img21370.png,950.3036755151312,378.35986850323786,1045.9688802182154,520.2082754767766,834.8456698389951,320.08106563814056,687.4992625951642,348.67066704366005,612.7264589191903,467.42747288197154,568.7424567568527,600.4790794230428,436.79045026984,655.4590821259648,313.6352442152946,717.0366851532374,,,,,831.5468696768196,611.4750799636272,817.2520689740601,682.9490834774257,,,989.8892774612352,569.6902779094064,912.9172736771444,545.4990767201208,771.0688667036056,558.6942773688221,739.1804651359108,659.8574823421984,,,988.7896774071768,549.8974769363546
labeled-data,RAT 2 FR1 10-03-25,img21642.png,,,,,617.7692786073867,357.9822569502095,691.8835126520839,400.0926172028785,771.0509899271016,482.6289232981095,810.6347285646103,619.0664905167567,749.1536025957139,709.1826614574685,,,,,605.9783777366392,539.8990132417393,711.2542783683117,663.7034723845861,,,547.0238733829027,492.73540975875005,,,,,,,,,746.6269809805535,635.9106346178245,545.3394589727959,554.2165357276467
labeled-data,RAT 2 FR1 10-03-25,img22144.png,927.70153006703,427.8854549696399,1108.7760791535063,485.1555449132696,817.3723862050374,363.8777073855831,697.7789630874577,350.402392104729,632.9290082983474,426.2010405595332,594.187476865892,513.7905898850845,490.5959906443264,526.4236979608852,388.6889188328676,588.7470311348353,327.20779286397084,704.9716254322017,,,,,777.7886475675286,611.4866256712764,,,921.8060796316564,629.1729769773973,859.4827464577065,554.2165357276467,718.8341432137922,496.946445784017,728.0984224693793,576.956130264088,,,,
labeled-data,RAT 2 FR1 10-03-25,img22378.png,862.0093680728667,385.77509471697095,980.7605839853928,455.6782927364014,754.2068458260339,346.1913560794622,637.1400443236143,360.5088785653696,561.3413958688102,440.5185630454405,559.6569814587035,550.0054997023799,531.8641436919419,491.8932025536968,417.3239638046824,539.8990132417393,338.99869373471813,674.6521660502799,,,,,683.4614406015501,660.3346435643725,,,1009.395628957208,469.9958152223089,914.226214786176,516.3172115002446,655.6686028347888,516.3172115002446,641.3510803488813,621.5931121319172,,,,
labeled-data,RAT 2 FR1 10-03-25,img22563.png,959.7054038590586,446.4140134808145,1034.6618451088088,591.2736527499956,868.7470257132936,367.2465362057968,769.366575516995,321.7673471329142,653.984188424682,373.9841938462238,584.0809904052514,481.7867160930562,481.3317113887392,487.68216652843,420.692792624896,534.0035628063657,372.6869819368533,623.2775265420239,,,772.7354043372085,556.7431573428071,674.197161345963,567.6918510085009,,,883.9067554042545,619.9086977218103,832.5321158959983,534.0035628063658,707.0432423430448,427.0432477645867,653.1419812196285,518.8438331154049,701.9899991127246,537.3723916265792,,
labeled-data,RAT 2 FR1 10-03-25,img22694.png,810.6544686497093,432.2402711521014,929.4112744880208,515.8098752605429,735.8816649737355,379.4594685572964,661.1088612977616,318.9814655840822,586.3360576217877,347.5710669896016,,,570.9416568649697,479.5230734766143,466.4796517294178,482.82187363878967,397.20484832373614,565.2918776931726,,,,,642.4156603787683,563.0926775850559,,,749.0768656224368,593.8814790986921,694.0968629195147,537.8018763417117,607.2284586488981,456.4314723413872,,,,,804.0568683253588,579.5866783959324
labeled-data,RAT 2 FR1 10-03-25,img23071.png,948.7567101933646,464.1003647869354,1131.5156736899476,482.6289232981097,878.0113049688807,400.09261720287856,808.9503141545038,335.2426624137683,700.3055847026177,379.03743707654405,664.0906748853225,458.2049143515617,540.2862157424756,475.89126565768265,449.3278375967109,485.9977521183232,411.4285133693088,562.6386077781806,,,787.0529268231157,544.9522564720597,691.0413054470306,572.7450942388211,,,915.9106291962828,622.4353193369707,883.064548199201,528.9503195760456,712.0964855733652,469.1536080172556,703.6744135228312,537.3723916265792,779.4730619776353,516.3172115002449,,
labeled-data,RAT 2 FR1 10-03-25,img23650.png,470.8780519456516,455.3318722873287,406.0016487562036,618.0726802879778,559.9456563243851,383.8578687735301,664.407661459937,326.6786659624912,733.6824648656186,357.4674674761275,,,,,,,,,735.8816649737355,480.6226735306728,734.782064919677,593.8814790986921,,,568.7424567568527,580.6862784499908,,,,,,,,,747.9772655683784,541.100676503887,498.36805329711257,649.9610818556725
labeled-data,RAT 2 FR1 10-03-25,img23761.png,,,,,454.3810808270312,333.5582480036616,503.2290987201271,420.3055901241596,564.7102246890238,520.5282475255117,675.0393685510164,635.9106346178248,803.0548637191301,700.7605894069349,943.7034669630444,710.8670758675754,980.7605839853928,641.8060850531983,369.3181531166398,543.2678420619529,415.6395493945757,655.2814003340524,,,,,,,,,,,,,481.3317113887392,651.0703643087853,,
labeled-data,RAT 2 FR1 10-03-25,img24620.png,899.0664850952153,390.8283379472914,1061.6124756705171,468.3114008122023,779.4730619776353,344.5069416693555,637.1400443236143,379.8796442815975,568.9212607142906,501.9996890143373,491.4381978493798,629.1729769773976,367.63373870653305,615.6976616965435,324.6811712488107,550.8477069074333,285.09743261130194,527.2659051659386,,,786.2107196180627,599.6957248005293,774.4198187473153,696.549553381668,,,984.1294128056064,565.1652293933408,888.1177914295213,548.3210852922732,744.9425665704468,543.2678420619529,696.9367558824042,659.4924363593194,,,953.809953423685,536.530184421526
labeled-data,RAT 2 FR1 10-03-25,img25051.png,919.5148740014948,378.35986850323786,1127.3392842185403,400.3518695844067,784.2640673523069,355.26826736801064,641.3160603247098,379.4594685572965,576.4396571352618,479.52307347661446,508.2644537836385,568.5906778553481,395.0056482156192,614.7738801258025,246.5596409177298,656.5586821800232,175.0856374039312,623.5706805582698,,,,,684.200462432989,688.447083747718,,,941.5068750826636,710.4390848288868,892.024872650034,591.6822789905755,677.6028621086384,555.3954772066469,636.917660108476,647.7618817475557,,,,
labeled-data,RAT 2 FR1 10-03-25,img25121.png,930.2281516821904,464.1003647869354,1051.5059892098766,555.0587429327003,819.0568006151443,396.723788382665,655.6686028347888,377.3530226664373,573.9745039446109,461.5737431717752,494.80702666959337,573.5873014438746,374.37139634696007,612.3288328763301,251.4091444091668,648.5437426936253,168.87283831393566,631.6995985925577,,,,,687.6724766268171,686.4430669210275,,,935.2813949125108,690.6541029462942,880.5379265840411,619.0664905167571,669.9861253206963,567.691851008501,634.6134227084544,641.8060850531982,,,948.7567101933648,639.2794634380381
labeled-data,RAT 2 FR1 10-03-25,img25750.png,875.5308718391573,353.06906725989404,1010.7816784883456,448.7342719629783,763.3716663251964,313.48346531379013,642.4156603787683,370.662668124829,583.0372574596124,500.4154745037249,521.4596544323398,643.3634815313219,414.7984491886712,687.3474836936595,327.9300449180544,719.2358852613543,,,,,,,851.3396706498718,675.2518830990168,,,934.9092747583132,537.8018763417118,861.2360711363978,510.3118749902508,787.5628675144824,540.0010764498286,754.5748658927291,654.3594820719063,,,921.7140741096116,512.5110750983678
labeled-data,RAT 2 FR1 10-03-25,img25847.png,974.494876704417,288.1926640704462,1187.8172871917543,402.5510696925239,824.9492693524694,295.8898644488551,700.6944632438656,321.1806656921992,611.6268588651317,439.9374715305107,559.9456563243851,586.1842787202831,446.68685075636586,631.267880936679,272.9500422151323,673.0526829908997,98.11363361984044,715.9370850991788,,,839.2440700552288,604.8774796392768,764.4712663792549,671.9530829368416,,,1093.2516825427283,438.8378714764523,990.9888775152936,467.4274728819717,745.7780654602614,536.7022762876534,706.1924635141575,641.164281423205,767.7700665414304,596.080679206809,,
labeled-data,RAT 2 FR1 10-03-25,img27047.png,846.0074311768522,381.5640586917042,1023.7131514431152,381.5640586917042,769.3665755169947,363.8777073855832,647.2465307842547,347.03356328451565,574.8167111496641,411.0413108685725,541.1284229475291,516.3172115002449,456.9077024421911,489.3665809385367,365.9493242964263,486.83995932337655,308.67923435279647,547.4788780872198,,,,,661.5640532701623,605.591175235903,,,930.22815168219,589.5892383398888,849.3762599970656,524.7392835507786,632.9290082983474,501.9996890143375,637.1400443236141,586.2204095196753,,,921.8060796316564,516.3172115002449
labeled-data,RAT 4 FR1 10-02-25,img00093.png,,,,,942.4010025791572,312.44639640573627,801.7895545094407,309.29837891163805,665.3754630985217,471.9459494400413,600.3164348871603,629.3468241449478,471.247717629137,683.9124607093152,284.4653463126479,709.0966006621003,,,,,,,820.3972467800459,666.2562226380298,,,,,1030.30150734039,372.11406803702096,805.8972814123905,564.0659905231253,775.5164015944458,657.2800536009098,,,955.0397823368456,534.3755852464976
labeled-data,RAT 4 FR1 10-02-25,img00247.png,,,,,,,805.6059715174047,386.3344898913512,718.848453511461,539.6188567676109,633.2797685016354,630.6688176060047,529.3951911963973,679.9877583468754,339.4648023858101,711.4679332878566,,,,,,,829.5061923004188,671.5930450292803,,,972.0746253618788,541.964235020067,931.9027954299388,435.9708334126879,843.7583055951911,570.2862464942082,788.3232376890165,656.4740467967896,,,,
labeled-data,RAT 4 FR1 10-02-25,img00310.png,,,,,,,778.442445821152,356.1480000005073,697.5784142799104,476.1672468143501,622.6727850627602,623.4249042526109,523.9335465492443,677.9017255014475,350.2886788185783,704.2889357938526,,,,,,,829.5144657419361,667.6873215172907,,,934.5460013388148,520.0163799107188,890.8967431998901,445.0067179120518,818.5447149787793,540.3411550975155,776.8358987101388,654.4019995872666,,,,
labeled-data,RAT 4 FR1 10-02-25,img00580.png,,,,,914.7539600944024,407.00994806382965,770.4447809591658,316.55778315131283,637.1831944849997,466.39075861708494,581.2547566383291,562.3667198601371,470.08835548630464,532.6763145835095,378.9457160324709,507.1287565547833,,,,,,,824.5973862849529,616.9335990351125,,,938.7236370199132,564.7399412955272,909.0384763945216,485.76621208458033,780.7761785980192,513.21098322881,781.3362759683096,585.4635439962722,,,,
labeled-data,RAT 4 FR1 10-02-25,img00608.png,,,,,,,750.234375,319.515625,643.65234375,463.71484375,589.734375,564.02734375,480.64453125,533.93359375,364.03125,506.34765625,,,,,,,828.4667060874468,617.9453125,,,,,,,766.9880667193019,522.1180487789045,783.5084938041845,591.2859543946201,,,907.4690172662372,563.4952912574655
labeled-data,RAT 4 FR1 10-02-25,img00713.png,975.3398753775504,384.248046875,,,902.1379437855176,381.361328125,757.263671875,339.50390625,643.23828125,462.189453125,604.267578125,556.0078125,489.5958582311616,534.2067210376767,379.9867776297096,509.5616168043561,,,,,846.0244274258118,603.4780074722379,793.34765625,651.26953125,,,1060.9074750355176,471.71110841993686,968.7049388326136,463.3096478655808,737.4935130693984,555.3876696797046,773.140625,623.845703125,,,,
labeled-data,RAT 4 FR1 10-02-25,img00808.png,,,,,868.6034147777524,375.2595489589267,740.0721646437792,342.06273601041704,629.4161214820801,483.3619911245864,559.6176942570085,566.7796236618672,468.53925873161006,528.4756087212791,398.2125950772147,492.66771300991263,,,,,790.5443122889398,570.8325129115854,787.7438254374877,619.5609841268506,,,,,918.4160839631828,403.7135024524904,758.3904215447258,503.3039412980195,753.2777404921973,603.458187229689,,,,
labeled-data,RAT 4 FR1 10-02-25,img00963.png,968.4343707092836,315.8127047510112,,,911.4039484644076,355.81912035562533,763.2950906941338,332.8367113912725,666.258252844644,463.9215625212851,609.2278305997684,565.2144020308403,513.8933934143047,556.7023987107096,389.61814494039663,512.4399814460301,,,,,840.8611504546323,589.2137845809852,785.2894146639892,663.3688324948929,,,1133.9790580290346,456.9169446411332,986.9079807285304,424.4646411992379,765.265652965798,537.702465975213,759.051382093946,624.7022581811452,,,,
labeled-data,RAT 4 FR1 10-02-25,img02375.png,,,,,838.4747712937989,381.55249553514375,708.6655575262175,337.3621248908608,610.6181726592147,457.5046950800052,586.4515637131223,532.0759455422327,488.4041788461194,501.6950657242881,376.54730315277794,510.6712347614082,,,,,,,790.8320279429313,602.5043487565589,,,975.8792050158664,507.9093365961406,901.9984290949556,469.2427622823929,736.9750137202113,505.83791297218977,756.308300877085,585.9329597649527,,,,
labeled-data,RAT 4 FR1 10-02-25,img02614.png,914.4269708386602,431.26666250996215,,,864.7128038638418,398.12388452674986,756.308300877085,339.4335485148115,652.7371196795468,473.38560953029446,607.1657999526299,537.5997418727682,520.1660077466978,502.3855402656051,424.1900465036456,486.50462581531593,,,,,,,789.4510788602975,600.432925132608,,,969.664934144014,610.0995687110451,868.8556511117433,509.98076022009127,748.0226063812821,514.1236074679928,758.379724501036,585.2424852236359,,,,
labeled-data,RAT 4 FR1 10-02-25,img02727.png,,,,,917.9844637264688,408.4496339751247,766.4708046281423,363.336016378432,649.0051588103389,505.4864718246145,597.0819385575417,573.58249838566,510.2595046922087,513.9984751447452,417.7770150414481,493.4635400507119,,,,,,,750.8260136817628,699.8800576431728,,,,,1005.8154307037116,509.9496688325856,752.9246920111618,593.8968020085358,737.3904428327788,657.062979746416,,,,
labeled-data,RAT 4 FR1 10-02-25,img02770.png,,,,,,,825.4428439760401,375.3448095416534,710.1335955761142,582.48717193673,634.8854923144572,710.5065140656827,,,,,,,,,,,925.5524409361848,685.3223741128977,,,,,1001.1048607945396,483.8492544906173,895.1216051599027,598.2272234428494,881.4801960188108,677.976999960002,,,,
labeled-data,RAT 4 FR1 10-02-25,img02891.png,,,,,,,811.1744719839527,378.9153380206797,755.5594962548857,533.1681952314881,717.7832863257082,632.8554158779289,636.9841706438563,715.7532098891797,,,,,,,,,,,,,,,,,889.8792423315854,484.5510753016632,,,,,,
labeled-data,RAT 4 FR1 10-02-25,img03064.png,,,,,,,771.6205682080051,343.20162137970954,681.8125,504.00390625,659.40625,585.98828125,575.1907597062195,680.9688278353796,407.3359375,708.033203125,,,,,,,830.4599743008118,583.9330317970791,,,,,,,830.25390625,495.619140625,792.3283926131486,585.056640625,,,,
labeled-data,RAT 4 FR1 10-02-25,img03167.png,896.8928199515226,388.45384841898095,,,843.0358057288029,364.9777140142056,726.3456082462432,323.5492415351902,635.2029687924094,470.62031883569466,606.2030380570986,543.1201456739715,512.2985004379972,538.286823884753,416.322539194945,601.8104816859098,,,,,,,777.4407243036953,632.8818360451713,,,968.5768269128156,536.5856004508729,886.7589373147805,462.1386918977058,735.698305895997,518.5933386135825,761.8392090635407,598.1288832635191,,,,
labeled-data,RAT 4 FR1 10-02-25,img03297.png,890.646484375,479.505859375,,,843.3187179782009,443.0665695151073,764.2211513790011,325.9356365258002,685.0949506895005,410.70814228870034,657.619140625,510.736328125,563.927734375,513.138671875,477.443359375,503.529296875,,,,,,,803.733947027109,590.9609642266237,,,,,,,745.6044176100608,492.926763391046,787.345703125,557.0426997975993,,,,
labeled-data,RAT 4 FR1 10-02-25,img03509.png,893.6383633277707,474.3058253512464,,,831.8713461534314,442.04855777383824,755.5440054666369,384.24566230594337,,,,,623.2873311261642,522.4603057976356,505.21618456097065,513.4841367605155,,,,,,,774.5012556745703,636.3886051149277,,,1020.3998729699543,650.7211651234336,954.520806667328,576.2096694432215,746.8881632169807,534.4105377201757,,,,,,
labeled-data,RAT 4 FR1 10-02-25,img03817.png,966.5753880953748,310.2304262393943,,,904.40457999314,337.6751973836241,744.2167320900846,346.6367553082705,662.4425160276858,502.9039216192932,623.795797477648,565.6348270918184,546.0923086622125,627.1813674534715,571.9895967949692,549.0351646669075,622.4211578956005,459.0761637847002,,,,,801.3466638597058,626.125343083182,,,1109.960314889718,454.1754504040281,992.3398671287335,408.247466040215,766.0605295314103,530.9087901338133,769.0465379540988,609.3566775079457,,,,
labeled-data,RAT 4 FR1 10-02-25,img03824.png,957.197265625,411.71875,,,878.5703125,389.4375,755.291015625,350.6875,674.867788939933,480.60522422067936,617.638305081019,565.5604906843541,,,,,,,,,,,807.708984375,630.65625,,,,,,,754.0057682099397,554.2844987652113,769.8515625,606.4375,,,,
labeled-data,RAT 4 FR1 10-02-25,img03961.png,869.2089350288072,277.56982525200385,,,831.1223138490598,297.173233212168,767.2712136359535,344.78150968685225,729.7446898264967,493.2073128138092,637.3286237285799,560.979094618948,539.4798327074853,617.2323300944031,566.2857976168299,544.0838495790729,,,,,,,861.9117489166089,551.7992261470201,,,,,,,866.702886595773,459.2934140339264,,,,,,
labeled-data,RAT 4 FR1 10-02-25,img04261.png,881.8182535643027,405.5580653951082,,,828.6090033867142,381.4738784726208,734.5126451779265,322.10355722183795,,,,,577.1252841263231,484.531794606055,454.4639600327247,499.0943262336056,,,,,,,717.7097240692143,541.1016290053858,,,814.0464717591636,552.3035764111938,790.522382206967,453.7264392400828,702.0269977010831,466.0485813864717,719.3900161800855,520.3780263046408,,,861.6547482338481,555.6641606329363
labeled-data,RAT 4 FR1 10-02-25,img05015.png,637.0320726704765,521.5958985427118,,,697.4672962434045,477.3334812780322,788.545731768803,383.7014447565946,,,,,,,,,,,,,,,,,789.3969321008159,577.7751204555743,,,,,,,,,,,728.9977443910726,685.1215093199694
labeled-data,RAT 4 FR1 10-02-25,img05043.png,361.9931899269244,488.5482625566858,,,448.81562379225744,441.732244295967,627.5676935150018,385.5530223831045,819.9389685499555,503.01866820090805,,,,,,,,,750.9917416568969,577.073097086045,745.0333393328053,684.3243389196916,,,474.3516337526495,567.7098934339012,,,,,,,,,780.1358112262247,643.6063213560639,,
labeled-data,RAT 4 FR1 10-02-25,img05314.png,939.7157066292908,412.8181256941286,,,864.5647191732066,386.4369355362513,723.884765625,394.1015625,601.337890625,547.28515625,501.072265625,674.009765625,328.6767246691541,713.8344338797096,162.09676666964748,687.2686914350905,268.13942154617445,579.62579100881,,,,,,,,,,,,,782.0697168042813,618.6979765105009,,,,,,
labeled-data,RAT 4 FR1 10-02-25,img05420.png,904.7262439298224,420.40423662842704,,,846.7263824592011,387.2614586452147,717.6076432329365,336.16634258776253,605.7507675395951,465.9755563553438,537.3937879492198,583.3562283792206,427.6083358798292,659.9989024653989,,,,,,,,,776.9884537861918,613.7371081971652,,,935.797598289084,629.6180226474544,879.8691604424132,506.7135542930423,745.2266248856133,532.9515868630853,723.131439563472,600.6180919121437,,,,
labeled-data,RAT 4 FR1 10-02-25,img06499.png,,,,,922.5977374253032,406.6035276642252,744.6968680345717,341.9123024312321,639.9992271969643,475.5507545572839,565.9447983118272,578.5459947308652,452.73515415408895,623.659612327558,,,,,,,,,799.1736892834081,604.9332050232704,,,,,,,754.9112720187286,478.1043555533231,756.3683341248127,585.7515151571067,,,,
labeled-data,RAT 4 FR1 10-02-25,img06548.png,,,,,,,805.9456006450052,355.5104284096993,674.15625,512.6875,636.65625,602.921875,515.953125,593.546875,439.78125,633.390625,,,,,,,896.8125,661.515625,,,,,,,833.53125,544.328125,840.5625,650.96875,,,982.3343387773187,561.5958496690523
labeled-data,RAT 4 FR1 10-02-25,img06663.png,942.176283144926,509.0553143853652,,,872.9198982747671,471.2791044561876,745.9498593461426,360.04915299805384,,,616.8811420881193,562.5716117850334,469.9736590302065,610.8412133612048,,,,,,,,,771.1339992989274,637.0746924786893,,,962.113727274214,671.7028849137685,891.808003239356,561.5222726203341,735.8970921570553,534.4574849076955,732.3039327980239,610.8684928592138,,,,
labeled-data,RAT 4 FR1 10-02-25,img06753.png,,,,,,,747.5127301314417,341.26350100018686,624.9398823215597,533.6347760351405,,,521.9446421479784,581.3019946278723,,,,,,,826.6743610086571,580.4507942958592,765.3879371037162,631.5228142166434,,,,,903.0650529599131,412.56197310941445,736.5401860312013,544.6483770750405,737.6269039936476,614.929942224853,,,,
labeled-data,RAT 4 FR1 10-02-25,img06912.png,,,,,,,743.3163509536887,322.5829765041227,630.7367795253178,473.8092664825316,574.166945125987,544.3815351391224,461.5873736976158,605.4321485007765,,,,,,,782.5440201086287,550.7571552294031,732.6953541527828,621.329423885994,,,,,924.1846592917848,403.36676647936025,739.9126244662418,494.1025404664056,710.2274638408504,584.838314453451,,,,
labeled-data,RAT 4 FR1 10-02-25,img07190.png,676.1732378643554,148.1884938242855,,,682.98284052046,236.71332835364467,656.5956302280549,367.79817948365735,648.9348272399371,533.7822442262058,595.3092063231138,576.3422608268592,477.8435605053104,579.7470621549114,,,,,,,,,803.8532876663157,619.7534777595257,,,804.7044879983288,89.45567091538373,795.3412843461849,157.5516974764292,791.0852826861197,485.2638253014608,762.2107831226879,608.2604111770186,,,,
labeled-data,RAT 4 FR1 10-02-25,img07622.png,,,,,,,767.8057934994492,359.1028014336103,656.6393923474247,538.62618217601,585.5205145917819,586.2689255268776,517.1635350014064,569.0070619939546,443.2827590804959,642.8878379148653,,,,,,,849.972263916163,662.911599613056,,,,,,,834.0913494658739,524.1262168083547,805.0914187305632,640.8164142909146,,,,
labeled-data,RAT 4 FR1 10-02-25,img07698.png,889.3293127712274,418.4836067189629,,,844.4484675856276,383.2694051117999,713.9487792767293,352.1980507525384,663.5441377605939,493.7453317225074,629.0204106947479,604.9117328745319,528.2111276624772,602.1498347092643,443.9732336218127,639.435459940378,,,,,,,828.5675531353384,590.4117675068765,,,,,880.3531437341073,479.245366354852,804.400944189246,484.7691626853874,785.0676570323723,585.578445717658,,,,
labeled-data,RAT 4 FR1 10-02-25,img07708.png,,,,,854.0054123584584,391.32970185522777,727.6485712974619,335.401264008557,628.220237347825,458.30573236296914,604.0536284017328,528.7341355772952,531.5538015634559,596.4006406263536,445.9349584401576,653.0195530143412,,,,,,,773.9103655656955,556.3531172299721,,,,,877.481546763234,470.73427410667375,733.862842169314,485.2342394743291,717.2914531777079,543.2341009449506,,,,
labeled-data,RAT 4 FR1 10-02-25,img07915.png,851.243514193191,438.2819706647784,,,797.3864999704708,409.9725144707846,713.8390804711235,325.7346204301201,596.4584084472465,443.8057669953138,565.387054087985,494.2104085114491,472.8634655515175,532.8769828251967,458.3635001838621,631.6148422335166,,,,,,,717.3446386281732,549.8394761639689,,,868.8656526198376,533.7064712828228,828.8838744499677,478.27718791095776,704.3951560574184,479.6402030758397,682.9550008097486,534.1047788819385,,,,
labeled-data,RAT 4 FR1 10-02-25,img08066.png,939.61505185104,501.9917785669684,,,870.6678249579815,478.15816927060246,759.1605814642694,382.8237320851388,,,,,578.7061110774987,490.0749739187854,469.752468579826,597.3262157524321,,,,,,,720.8565665236813,631.3742290329549,,,972.81186479955,677.3390469616606,892.7990335903212,584.5582107722361,699.5765582233545,522.420586535282,719.1541658596552,600.7310170804844,,,,
labeled-data,RAT 4 FR1 10-02-25,img08571.png,896.2038349183736,340.2637154844853,,,845.1318149975892,353.0317204646813,713.1957635355636,333.45411282838074,628.0757303342568,475.6045682745632,584.6645134015903,560.7246014758701,465.49646691976056,570.9390054600269,476.5620712359305,521.569386203269,,,,,817.9154817706794,550.4991049974918,768.351590361302,627.0781139015219,,,1010.0176798222247,453.7690040309743,891.946533257031,408.1976843040575,714.494576138582,504.8641200884266,728.9945415062373,597.3877086248942,,,,
labeled-data,RAT 4 FR1 10-02-25,img09101.png,,,,,,,825.3879771997931,391.456186744816,765.7553368021905,555.3173403813075,637.6889405181064,701.4941361399087,,,,,285.0376805103113,647.3841560152052,,,,,933.3173959522342,710.7051208747025,,,,,967.84112301808,444.8724224676874,917.4364815019449,618.8720068795519,876.0080090229295,703.1099009202162,,,,
labeled-data,RAT 4 FR1 10-02-25,img09147.png,,,,,976.8597616421154,330.82820604241965,815.1316985596322,399.7754329354783,714.6900593820901,615.9803172667978,619.3556221966262,707.0587527921963,,,,,293.0791073974182,645.9234688760082,,,,,935.8380322137403,710.9146567864366,,,,,1040.535673051348,372.9881249772482,893.2780156130871,607.9194166128552,874.5516083087996,706.6586551263714,,,,
labeled-data,RAT 4 FR1 10-02-25,img09276.png,951.2803699500809,404.23791906042,,,883.9445771798318,400.4078098769069,720.573154479273,381.7014237654373,673.33203125,579.9453125,617.25,690.0078125,548.578125,715.23046875,,,,,,,,,921.6953125,710.64453125,,,1068.4022659146203,564.8150353270597,935.16514906874,562.748046875,856.2666471450301,589.4865104551208,857.8696217572601,699.7134952358712,,,,
labeled-data,RAT 4 FR1 10-02-25,img09921.png,,,,,948.6060371939366,354.2617176729607,816.669985731911,357.66651900101294,737.5083548546954,578.9786053244109,674.5195302857283,654.7354348735741,544.2858794877288,666.652239521757,349.361003456736,660.6938371976655,,,,,,,971.5884461582892,674.3130425098747,,,,,1022.6604660790736,427.4649462260846,907.7484212573092,572.1690026683063,923.0700272335444,662.3962378616917,,,,
labeled-data,RAT 4 FR1 10-02-25,img10177.png,,,,,938.3916332097796,315.10650240035955,747.7227588388523,353.4105173409476,665.1563266335845,545.7817923759012,614.0843067128005,631.7530259092212,507.6842652111668,667.50343985377,326.3785944923831,669.2058405177962,,,,,,,841.3547953602898,670.0570408498093,,,,,1003.934058774786,365.3273219891306,814.9675850678847,561.9545986841495,794.538777099571,662.3962378616917,,,,
labeled-data,RAT 4 FR1 10-02-25,img10373.png,989.4636531305636,330.4281083765948,,,909.4508219213352,351.70811667692146,746.8715585068392,350.0057160128953,658.34672397748,519.3945820834961,609.828305052735,630.0506252451952,500.0234622230492,657.2890358696133,328.9321954884223,665.801039189744,,,,,,,843.057196024316,674.3130425098747,,,1060.1132806876485,516.8409810874568,963.9276431701716,464.0665605026466,780.919571787362,566.2106003442149,797.0923780956105,665.801039189744,,,,
labeled-data,RAT 4 FR1 10-02-25,img10374.png,994.6551726077566,315.16736651242456,,,907.2429720676962,350.2510221450302,751.7323666277869,345.00432615745467,663.990234375,517.6640625,620.841796875,620.912109375,474.4453125,667.142578125,303.4521221843359,671.9635840276359,,,,,,,839.2956743104994,672.7260245951986,,,1059.2403592548978,503.794921875,976.857172115204,479.71928790480126,793.6062510463059,574.1056824551874,795.6073866459022,662.6795978491998,,,,
labeled-data,RAT 4 FR1 10-02-25,img10507.png,,,,,949.4572375259496,330.4281083765948,796.2411777635972,343.1961133567908,682.1803332738459,533.0137873957051,620.8939093689049,629.1994249131819,518.7498695273367,657.2890358696133,362.12900843693205,668.3546401857832,,,,,,,844.7595966883421,669.2058405177962,,,,,1026.9164677391389,384.9049296254312,823.4795883880154,583.2346069844762,800.4971794236626,664.0986385257179,,,961.5051425224898,517.7445846680572
labeled-data,RAT 4 FR1 10-02-25,img10646.png,,,,,876.6645620146792,347.9748761863351,732.5352700182061,368.4666337675288,663.4539259695587,535.5673883917443,598.7627007365653,631.753025909221,498.3210615590233,669.2058405177962,334.89059781251405,676.8666435059138,,,,,,,826.0331893840548,671.7594415138354,,,,,971.9326589600928,414.5604238815897,811.7556130763528,575.8373835699435,790.2474003209734,663.3352980515664,,,934.9568034087524,521.3801627341579
labeled-data,RAT 4 FR1 10-02-25,img10736.png,940.9945085170308,406.4106743419321,,,872.0472816239721,391.94026869770994,734.152827837855,364.70185807329176,652.4375959646002,541.7515271320101,597.9607747157639,630.2763616613693,482.1975295619866,662.6219742778658,322.1718671435296,669.4315769339703,,,,,,,841.4040696715016,671.9851779300095,,,1065.2697569909387,546.0075287920754,948.655311505148,529.8347224838271,782.6712467625999,557.0731331082453,793.7368510787699,658.3659726178005,,,,
labeled-data,RAT 4 FR1 10-02-25,img10789.png,,,,,,,792.3269790333586,352.1562341862248,670.046875,515.765625,621.109375,624.515625,481.09375,665.296875,315.89398425963776,674.8601595676962,,,,,,,841.328125,677.53125,,,,,,,811.4158447050631,572.2296013681312,797.828125,662.578125,,,,
labeled-data,RAT 4 FR1 10-02-25,img10925.png,,,,,,,843.9576706675408,362.1482570772525,765.6472401223383,547.7099294561015,687.3368095771361,655.8123716217613,548.5911554590059,711.140393202611,,,,,,,,,969.084119473462,706.8843915425455,,,,,1014.1977370701544,516.215517171618,901.8392932444297,591.121146388768,917.1608992206648,698.3723882224149,,,,
labeled-data,RAT 4 FR1 10-02-25,img10989.png,,,,,,,815.8680597111095,354.4874540891349,725.6408245177242,591.121146388768,653.2887962966133,674.5387789260487,553.6983574510843,713.69399419865,,,,,,,,,964.8281178133968,701.7771895504668,,,,,957.167314825279,409.8154756699844,912.9048975605996,568.9899377564283,905.2440945724818,691.5627855663103,,,970.786520137488,540.0491264679839
labeled-data,RAT 4 FR1 10-02-25,img11350.png,,,,,,,,,,,,,632.3041010387205,537.9449071901965,,,,,582.4703160649732,517.1406126751931,558.2496721535833,642.642548027804,433.97442367967534,632.4281440436471,624.6432980506028,240.8759913176355,479.088041276368,251.09039530179223,459.5049604717624,214.9431194135242,443.3376273318191,510.7064965657783,479.088041276368,608.5945347472813,587.1904834420277,600.0825314271506,567.6128758057272,251.09039530179228
labeled-data,RAT 4 FR1 10-02-25,img11429.png,987.575961573952,324.20536195525455,,,910.1167313607626,333.56856560739834,748.3886682782796,333.5685656073984,623.2622194723585,510.6182346661167,548.3565902552084,639.14948480009,419.8253401212351,624.679079155868,357.6877158842809,542.1126469506003,269.81416729394107,537.8270016072547,,,,,851.1357282769325,697.9523665253811,,,1017.970993351494,622.1955369762178,972.0061754227886,500.47388949834897,780.4861007198479,565.1651147313422,790.7005047040047,674.9699575610282,,,,
labeled-data,RAT 4 FR1 10-02-25,img11559.png,,,,,,,783.3089899413409,363.6429847244841,671.0296993185075,519.9945202646911,594.427940295453,632.2738108875245,459.0631880492334,663.7539858285058,355.17861074399514,585.0535484760526,269.384326683754,550.4120174084348,,,,,841.8199838901585,694.9900532346539,,,,,940.4578653719,416.9151745893192,826.079896419668,577.4640667883237,783.0569906669934,672.9539307759669,,,,
labeled-data,RAT 4 FR1 10-02-25,img11595.png,,,,,924.7177779014092,319.32663227227715,789.3530256551896,344.51077222506217,663.4323258912646,513.4543777416618,584.7318885388114,647.7697908231821,451.4658146219905,671.9045916112677,354.9266114696479,593.2041542588145,274.04794184543505,551.0565600817214,,,,,828.4843651446877,689.5342933627949,,,,,984.8359006848948,386.27527476467503,825.3363476505895,557.3175586106734,784.4121202273141,672.7448667276047,,,,
labeled-data,RAT 4 FR1 10-02-25,img11853.png,,,,,,,841.5012123119313,301.9591680241582,735.9523711423109,473.0504347587851,661.0467419251607,600.7304845607453,501.0210795067038,647.5465028214642,323.97141044798553,641.5881004973728,,,,,,,893.4244325647287,704.5769250663398,,,,,1035.5748880109113,404.1032078657265,838.9476113158922,566.6824712802227,834.6916096558268,676.4873141099085,,,954.6829901013782,527.8770857583314
labeled-data,RAT 4 FR1 10-02-25,img11891.png,,,,,,,821.072404343618,320.6855753284457,713.8211625099711,521.56885368353,616.7843246604813,613.4984895409416,466.9730662261811,658.6121071376341,289.9233971674628,617.7544912010068,,,,,,,884.8845628763067,704.0755544850368,,,,,978.516599397744,383.1730293161097,860.1997532479277,558.5202977108019,832.1101422914965,673.4323425325663,,,935.956582797091,521.0674831022268
labeled-data,RAT 4 FR1 10-02-25,img12397.png,926.0183437785864,363.4172345406082,,,869.35402888482,359.21987788181065,746.5813466149928,351.87450372891504,651.0914826273496,514.5220742573183,596.525846062982,592.1731724450722,486.34523376954746,565.9396933275877,358.3258556762235,575.3837458098822,,,,,833.856993361778,606.1034175414882,783.9207292588162,683.5950713008571,,,1049.7534276658312,468.8574889512943,966.2060081664836,446.7623036291528,772.1826620564285,567.5953483596141,733.5160877426808,665.642733226617,,,,
labeled-data,RAT 4 FR1 10-02-25,img12530.png,922.8210158082916,467.08079756703023,,,853.8737889152331,425.3719812983898,730.449740773338,318.12073946474305,618.9424972796261,505.3848125076184,584.2763974298921,607.0528511381303,435.3163393276051,634.2912617625485,296.5706852094748,608.7552518021564,,,,,,,812.3980864093946,589.1776441658558,,,,,,,801.3324820932248,508.3136126246143,763.8742368747195,587.2149815139123,,,,
labeled-data,RAT 4 FR1 10-02-25,img12988.png,911.0417533555612,476.2480403504884,,,862.7085354633768,423.0815006690855,750.8516597700354,311.9150995170609,674.0377510405843,453.78262654121227,647.970953113814,541.152647234279,598.2567861389956,568.081154345639,563.7330590731495,491.4384802594607,,,,,,,835.7800283520169,591.5572887504145,,,,,,,796.4229794969524,505.93844562711615,792.2801322490507,574.9858997588083,,,,
labeled-data,RAT 4 FR1 10-02-25,img13305.png,957.56986660955,337.1831149573251,,,867.3266984454036,344.5284891102207,761.3434428107668,341.3804716161226,,,,,642.768117199737,499.8306854857284,,,,,,,,,795.9716352458461,647.7875077083405,,,1100.279993008665,468.3505105447472,972.2606149153414,442.1170314272628,780.2315477753555,533.4095387561084,792.823617751748,612.1099761085617,,,,
labeled-data,RAT 4 FR1 10-02-25,img13482.png,,,,,869.4253727718911,378.1073423806007,724.6165680433771,352.9232024278158,601.84388577355,520.817468779716,,,555.6729625267775,508.2253988033235,,,,,,,794.580562138719,569.237809301511,698.7635976627625,646.3982893558803,,,,,907.5820914379384,448.073187227698,699.8129368274618,550.908425368237,690.1215070173673,627.9392918756245,,,,
labeled-data,RAT 4 FR1 10-02-25,img14033.png,945.2643610460824,570.2084779345928,,,844.9332040768275,530.3925625658935,750.4926792538837,383.48507950798086,,,,,610.1875919114394,565.9542234376815,,,611.9466494413658,455.68955558296153,,,,,783.7206753862804,660.2199858054715,,,,,,,,,,,,,1036.9870351573738,431.8705662375631
labeled-data,RAT 4 FR1 10-02-25,img14111.png,907.2943199804156,476.0335154261163,,,859.8173869018133,430.682040936762,779.4586288693283,322.84193090562815,666.0291394740277,450.5875637412199,645.6003315057138,522.9395919623307,593.6771112529168,585.928416531298,,,,,,,,,792.8718230791343,592.9194735636681,,,,,,,763.1814178025066,501.77683410983445,755.5521777645046,568.5465914267935,,,,
labeled-data,RAT 4 FR1 10-02-25,img14306.png,986.6717828874353,522.7111382981046,,,936.7752815128496,460.0961572735356,833.8198439633726,366.4456897252092,692.5834300396823,483.8442956668378,642.0143880415314,541.3898187491652,558.466968542184,618.0324928353436,,,,,,,,,806.347328874959,635.2943563682666,,,914.52756978101,683.5853399633963,873.4561919491103,583.5946241226494,781.0401258511938,551.6690740160964,768.7179837048047,611.5994926371695,,,,
labeled-data,RAT 4 FR1 10-02-25,img15138.png,918.4000862619066,356.5296890970259,,,840.3764630930943,330.2916565269828,718.8529438213163,317.8631147832782,666.3768786812301,471.8389374969519,631.1626770740669,551.2435097483979,544.1628848681348,643.7670982848656,,,,,,,,,829.3288704320236,598.1957785579486,,,923.923882592442,521.5531044717702,881.1144610307927,432.48188864188734,776.1623307506206,486.3389028646072,786.5194488703746,574.7196441531732,,,,
labeled-data,RAT 4 FR1 10-02-25,img15155.png,916.1596967807452,355.4094943564451,,,840.3764630930943,330.2916565269828,718.8529438213163,317.8631147832782,666.3768786812301,471.8389374969519,627.8020928523244,557.9646781918827,549.3766967328097,640.8799030541282,,,,,,,,,829.3288704320236,594.2750969659157,,,923.923882592442,521.5531044717702,871.0327083655657,443.6838360476954,781.7633044535246,491.9398765675113,786.5194488703746,574.7196441531732,,,,
labeled-data,RAT 4 FR1 10-02-25,img15730.png,947.5865606244116,480.0604198844068,995.2537792171438,695.4141038837131,902.472943027719,436.64920295174034,807.9897061742686,359.18997273855103,,,,,619.0232324673672,535.3884414652563,,,,,,,,,,,,,858.2105257630394,674.1340955833865,825.8649131465429,565.1804530857137,710.1016679927657,493.6796251966159,,,,,,
labeled-data,RAT 4 FR1 10-02-25,img15746.png,908.7707552498232,430.53970545762974,,,843.228329684817,402.45009450119846,743.637890839288,353.08047524444044,,,,,621.9162433614192,530.9813446351718,,,,,,,,,731.721086191105,628.8693828166747,,,913.0267569098888,656.9589937731062,849.1867320089084,546.3029506114071,708.7386772267521,507.14773533880594,732.572286523118,591.4165682080998,,,912.5955938060712,625.6856475035509
labeled-data,RAT 4 FR1 10-02-25,img15892.png,,,,,915.9682538075516,356.9968309038218,767.5162274244133,303.1398166811018,662.564097144241,490.2584173779878,606.6356592975703,599.3533949060615,,,,,,,,,,,859.3493414195639,617.9962075216183,,,904.230186605164,548.9487533899261,924.2539483033548,497.1631627911569,802.0399544902593,513.0440772414462,806.1828017381611,607.6390894018646,,,,
labeled-data,RAT 4 FR1 10-02-25,img16061.png,946.3491336254962,435.7109286139509,1072.0155001451758,584.853429538406,901.4682884398962,398.42530338283706,803.4209035728933,337.663543746948,,,,,623.2070482891766,533.7583134809538,,,,,,,,,712.2782641190594,570.3534641707507,,,833.8017833908377,655.2818327527323,831.0398852255701,532.37736439832,715.7306368256441,464.0203848079448,708.135416871158,535.8297371049047,,,947.039608166813,645.6151891742953
labeled-data,RAT 4 FR1 10-02-25,img16210.png,,,,,,,746.1115166435886,343.8778146188004,663.2545716855581,535.8297371049047,,,601.8023375083519,554.4725497204615,,,,,,,,,839.3255797213733,662.1865781659014,,,,,947.039608166813,471.6156047624309,811.0161235273792,560.6868205923139,800.6590054076256,626.2819020174215,,,,
labeled-data,RAT 4 FR1 10-02-25,img16236.png,900.0873393572622,499.9250609564247,,,850.373172382444,453.6632666881909,771.6590746723147,323.85405292060955,692.9449769621857,457.1156393947756,645.3022336113181,538.5916352701723,554.1595941574843,636.6390201371753,,,,,,,,,822.0637161884501,602.8057676126462,,,,,,,774.4209728375824,501.9964845803755,784.0876164160193,576.5677350426031,,,,
labeled-data,RAT 4 FR1 10-02-25,img16360.png,968.436619950081,505.39083151882073,,,896.3788284146203,441.359375,793.87890625,344.1015625,682.609375,443.83203125,634.8046875,518.8359375,596.7539220637752,574.05859375,,,,,,,,,786.3606044204066,583.560603065646,,,914.7317743845766,638.274998934627,832.8108207043297,544.8745722394725,729.2518818531415,499.27080344612455,755.1474791494544,559.2897102472106,,,,
labeled-data,RAT 4 FR1 10-02-25,img16361.png,968.4443189476376,521.3297717372493,,,901.4682884398962,458.49658847740943,797.2066327010409,342.4968655361665,669.4688425574104,470.925130221114,634.9451154915643,520.6392971959324,587.9928466820135,591.7581749515754,,,,,,,,,790.9923618291887,584.8534295384061,,,910.4444574770162,631.8056983479568,856.5874432542962,526.8535680677846,755.7781602220255,504.0679082043263,768.2067019657302,565.5201423815323,,,,
labeled-data,RAT 4 FR1 10-02-25,img16370.png,950.4919808733976,521.3297717372493,,,870.3969340806345,459.1870630187264,787.5399891226039,359.0682545277726,683.9688079250657,453.6632666881909,643.9212845286843,519.9488226546155,592.826168471232,580.7105822905046,,,,,,,,,796.516158159724,587.6153277036739,,,913.206355642284,639.400918302443,860.7302905021979,544.8059061420247,741.27819485437,511.66312815881247,,,,,,
labeled-data,RAT 4 FR1 10-02-25,img16442.png,946.3491336254962,341.1159164535327,,,884.8968994482899,361.1396781517234,741.27819485437,341.8063909948496,660.4926735202904,483.35367196481866,,,602.4928120496688,555.1630242617784,,,,,,,,,779.254294626801,640.09139284376,,,978.8014370673916,564.1391932988985,911.82540655965,488.1869937540371,762.682905635195,533.067838939637,,,,,,
labeled-data,RAT 4 FR1 10-02-25,img16818.png,899.3968648159453,422.5919123289294,,,824.1351398124011,390.83008342835103,726.0877549453978,325.92547654456035,648.7546063179027,457.1156393947756,626.659420995761,529.6154662330524,559.6833904880197,617.3057329803016,,,,,,,,,738.1728715769693,596.3924648413795,,,903.1962869517135,549.4401960318287,816.1964947457816,493.5117581851581,716.7681607961446,510.0831471767642,719.5300589614122,574.2972795192379,,,,
labeled-data,RAT 4 FR1 10-02-25,img17044.png,948.2832094394528,487.0408079970112,,,876.0183502167375,493.4015456053799,754.3921368161398,408.45008162929065,,,,,600.9619237345659,563.3244773181714,,,,,,,,,,,,,1015.2208443421874,673.1812489346271,917.125504629154,614.1265090610547,,,,,,,,
labeled-data,RAT 4 FR1 10-02-25,img17230.png,992.1829213360144,553.1016623319647,,,889.9926892211098,549.64928962538,767.7786954080145,437.1019393907218,664.2075142104762,533.077900633774,606.2076527398547,581.4111185259585,551.6601639758179,635.2681327486783,,,,,,,,,845.8023185768267,705.0060614216875,,,1023.254275695276,670.4823343558413,945.9211270677806,659.4347416947707,782.9691353169867,631.8157600420939,801.6119479325437,680.1489779342784,,,,
labeled-data,RAT 4 FR1 10-02-25,img17474.png,910.7069254606174,486.8161063655401,,,847.1832676594606,462.6494974194479,754.6596791229931,341.8164526889865,647.6361252188701,498.5541735679278,600.6838564093194,594.5301348109799,536.4697240668456,664.9585380253061,,,,,,,,,804.3738460978113,613.8634219678538,,,,,,,758.8025263708946,531.69695155114,754.6596791229931,597.9825075175646,,,,
labeled-data,RAT 4 FR1 10-02-25,img18707.png,950.7544488569988,513.7446134769,,,878.7328632964847,480.0936619928433,748.9236495289033,376.52248079530506,,,,,604.8267036572208,553.7921368732815,,,,,,,,,788.7230674327573,620.248048288749,,,,,,,759.645410581943,543.919199055361,778.7276228902898,598.8941440389322,,,,
labeled-data,RAT 4 FR1 10-02-25,img19694.png,414.04348645439086,437.2842298953889,,,482.4004660447661,402.7605028295428,636.3762887584397,352.35586131340744,801.3997041331842,512.5459548989334,,,,,,,,,648.1143559608274,565.0220200390195,648.8048305021443,657.545608575487,,,500.3528041190061,524.284022101321,,,,,,,,,690.2333029811598,629.2361523814933,448.5672135202369,632.6885250880778
labeled-data,RAT 4 FR1 10-02-25,img19766.png,,,,,,,456.0197193391261,365.17143767213577,530.2990779433946,521.599255038019,575.6145291225506,596.093374398281,661.9238467871658,678.2598448149946,824.8758385379595,684.474115686847,895.5914681058981,580.3043284572526,,,,,,,,,,,,,,,,,,,,
labeled-data,RAT 4 FR1 10-02-25,img19886.png,621.901202925865,423.8371323690292,,,567.4243816770287,386.3843177604541,471.238744159552,321.69309252746086,437.1907308790292,500.4451622502054,438.8931315430553,584.7139951194993,451.6611365232514,704.733241933342,,,,,,,,,,,,,621.4108761474117,578.662858256724,552.3514411267272,504.605700964806,,,,,,,,
labeled-data,RAT 4 FR1 10-02-25,img19949.png,685.320414789719,414.724352341202,,,645.9633659346543,368.46255807296825,561.72547189399,310.4626966023468,540.3207611131654,436.1290631220266,541.0112356544823,541.0811934021988,534.106490241313,671.580881711097,,,,,459.6606974081652,468.5334680217946,441.5829017048456,586.6525131291156,,,,,649.1799442787576,553.6266286832263,618.3745889127854,465.1312441773425,,,,,451.0282680305796,548.9513627498284,,
labeled-data,RAT 4 FR1 10-02-25,img20043.png,835.692368585462,411.3618966294637,,,770.7210736317752,377.75605441203953,660.3818916845655,327.9073884561936,571.3264098083915,441.0470572548552,552.2830992185178,539.6241944259662,539.6477455572513,657.1082990973127,,,,,,,,,709.28084856035,566.808344769415,,,825.2805715015929,550.2369557778088,770.7330827375561,472.9038071503136,671.9952233292363,513.641805088012,662.3285797507995,555.7607521083441,,,,
labeled-data,RAT 4 FR1 10-02-25,img20330.png,819.0663006297406,403.1658784773045,824.1570292650514,598.9193091886423,805.2568098034022,351.3802878785353,745.1855247088299,308.57086631688617,,,,,645.0667162178762,497.7608906377228,530.187165659359,486.8050706637681,377.3134446827482,488.9280659400657,,,,,740.6096097657037,618.9430708868331,,,,,,,,,,,,,,
labeled-data,RAT 4 FR1 10-02-25,img20505.png,1007.2954905834008,295.44430376663973,,,901.900377131341,311.03399184588045,763.5765340645798,336.9319893209209,,,,,672.9006595774006,500.42941854759937,544.7387968060851,489.1451588056015,,,,,870.174600852016,599.575399147984,748.744140625,631.609375,,,,,948.3250136961304,423.7200220972479,740.0073155539646,498.298828125,751.9932258018055,586.2393195518056,839.708984375,568.875,,
labeled-data,RAT 4 FR1 10-02-25,img21061.png,926.3472653308828,511.22904244139295,,,855.2283875752398,458.0625027599899,755.8000536256031,350.3484743145501,,,,,595.6099600400771,484.300535330033,488.5864061359542,488.4433825779345,,,,,,,735.0858173860954,623.0859181347344,,,968.466212351215,621.0144945107834,862.133132988409,561.6336839575282,713.681106605271,509.1576188174422,724.7286992663417,591.324089234156,,,,
labeled-data,RAT 4 FR1 10-02-25,img21831.png,1015.418481160766,317.89617087265475,,,911.8472999632274,332.3961362403101,764.7762226627231,334.46755986426086,685.3716504112767,518.1337878545621,641.181279766994,579.5860220317683,566.6100293047664,569.2289039120144,,,,,,,,,832.4427277117812,683.8476777706234,,,1118.9896623583045,482.9195862473992,1006.442312123646,448.39585918155296,787.5618825261814,544.3718204246052,800.6808988112032,642.4192052916083,,,,
labeled-data,RAT 4 FR1 10-02-25,img22765.png,902.8711309261076,445.6339610162853,,,833.1332022530984,422.1578266115101,712.3001575226369,366.2293887648393,641.621842143549,511.8130802606317,600.4432818292955,567.8479548293806,540.3719967347233,641.7287307502911,,,,,,,,,799.990424269886,643.1096798329252,,,1016.5632869898978,562.0330583046732,903.8873666929918,549.7659218207359,774.8552644175026,558.8526895866154,768.0401885930929,620.1883720063021,,,,
labeled-data,RAT 4 FR1 10-02-25,img22868.png,,,,,913.5186579853276,339.1706907064112,737.4476499495127,345.3849615782635,636.6383669172419,501.4322079158879,585.5432508597896,584.2891528739186,531.6862366370698,661.6223015014139,,,,,,,,,804.7122069975553,642.4094680333853,,,1062.962705816878,433.3150884304654,995.2662859610756,406.9634619094148,776.6518664117496,542.275584978987,766.5607603084566,622.6067588985824,,,,
labeled-data,RAT 4 FR1 10-02-25,img22881.png,,,,,942.1307680459612,332.8765265936995,789.4916696396608,340.5373293874798,659.8515625,494.43359375,602.52734375,576.83984375,535.848463107202,655.3021068193985,,,,,,,,,800.6639402353397,638.6648226285024,,,,,,,768.767578125,543.6484375,767.3760707318374,621.7876348575502,,,,
labeled-data,RAT 4 FR1 10-02-25,img23195.png,,,,,,,759.3899286240394,360.2317948429147,627.2751397162185,512.1324885562647,,,548.2922462847982,615.5918944468355,,,,,,,,,783.2235379204054,639.4255037432013,,,1053.0356336456844,489.002522993008,938.775770106442,464.35823870023023,733.7801325801544,538.8511889488539,747.2224694671243,613.904236567768,,,,
labeled-data,RAT 4 FR1 10-02-25,img23246.png,876.243493535314,392.6556017723437,,,815.3621495039212,379.93412690011246,707.6839514782488,350.856470049298,617.1187435064353,523.9912663112066,581.2140673579554,575.0863823686589,538.1419564580083,643.4433698608882,,,,,,,,,781.9581467729333,640.4086464807194,,,985.83358955864,538.4709250878659,904.0593734962412,491.422745983472,760.6744467018978,541.2714119393181,748.9124019257994,617.4446542988129,,,,
labeled-data,RAT 4 FR1 10-02-25,img23684.png,994.9173421208534,517.5690160072219,,,897.5604317951675,460.9501036192343,772.5845398168045,381.5455313677882,664.1800368300477,496.8547797677143,596.5135317809893,555.5451157796526,544.0374666409032,634.2592134897817,,,,,,,,,752.5607781186137,625.2830444526617,,,1019.7744256082626,712.9733111999109,907.9175499149212,605.949757295788,728.3941691725215,536.2118286227787,,,,,,
labeled-data,RAT 4 FR1 10-02-25,img23761.png,994.2268675795364,537.5927777054126,,,901.703279043069,509.9737960527357,760.1559980731,401.56929306597897,686.9656966935061,509.2833215114188,630.3467843055184,558.3070139449203,548.8707884301217,615.6164008742248,,,,,,,,,811.1480937343313,688.6704451925393,,,997.7378123720332,715.4813850228079,923.8049594937002,628.1061952575049,752.4151641848366,588.3392819668862,791.6219801051649,658.9115506234771,,,,
labeled-data,RAT 4 FR1 10-02-25,img23789.png,933.988526218898,386.4138048233473,,,873.5533026459702,398.3306094715302,745.0220525119968,367.6873975190597,659.0508189786767,520.9034572814121,630.9612080222455,562.6122735500526,550.0971764810039,611.1306924747975,,,,,,,,,815.6716800690816,682.6315203638951,,,1003.7869534439697,714.9771329803921,938.2445278789634,560.0586725540134,744.2392749611687,565.9185414938702,783.539553725969,656.819074517239,,,,
labeled-data,RAT 4 FR1 10-02-25,img23854.png,,,,,,,793.585223532956,338.8464196884571,663.7760097653746,476.9413279518415,626.4903845342608,554.9649511206536,547.0858122828147,615.0362362152258,,,,,,,,,783.228105413202,630.2266761241981,,,997.9656877627648,635.0599979134167,975.8705024406232,488.67939515422927,763.2043437150114,540.4649857529982,751.9290716629209,612.3803134918684,,,,
labeled-data,RAT 4 FR1 10-02-25,img23908.png,943.4019815507986,471.9816611485478,,,885.5203589739103,430.2728448799073,769.7571138201329,337.49200869048275,685.488280950839,476.237662808613,634.4162610300549,557.9528946818676,542.4866251726434,624.3465205788871,,,,,,,,,843.8115427052699,610.7273152666778,,,,,,,793.5907231164986,513.690477417188,805.5075277646815,593.7033086264165,,,,
labeled-data,RAT 4 FR1 10-02-25,img24159.png,928.9315759065768,512.8392770851749,,,853.1747463574136,471.13046081653465,746.77470485578,337.49200869048275,649.7378670062901,468.5768598204954,610.5826517336889,521.3512804053057,549.296227828748,605.6201132745994,,,,,,,,,762.9475111640282,609.0249146026517,,,,,,,742.5187031957145,521.3512804053057,728.0482975514924,580.0841033142074,,,,
labeled-data,RAT 4 FR1 10-02-25,img24880.png,939.339593990204,505.9205846596992,,,867.4872039356499,459.0151840703897,772.1694031628034,349.9116258919012,653.216796875,485.87109375,605.9124195873233,553.6571490094192,547.8980038090657,595.6081183369319,,,,,,,,,826.79296875,628.46875,,,,,,,777.884765625,527.0234375,800.900390625,603.5859375,,,,
labeled-data,RAT 4 FR1 10-02-25,img25869.png,,,,,,,790.1859217884463,366.4328199789271,656.5474696623946,502.6248731010181,603.5912366225116,553.8936105027647,550.9986284927741,594.5545089584296,,,,,,,,,786.7811204603942,643.9241282151876,,,,,,,769.7571138201329,529.8632837254363,,,,,,
labeled-data,RAT 4 FR1 10-02-25,img27419.png,925.4222010260984,559.5001106964266,,,871.126953125,463.49609375,791.8984375,370.923828125,,,650.955078125,515.203125,567.8769964144674,549.5542772708487,,,,,,,,,,,,,,,,,,,,,,,,
labeled-data,RAT 4 FR1 10-02-25,img27436.png,962.8948152519775,540.2950537480407,,,889.7045138723836,501.628479434293,788.8952308401132,386.3192310343671,676.3478806054547,483.67614136005307,,,593.4909356474242,532.0093592522376,,,,,,,,,,,,,,,,,,,,,,,,
labeled-data,RAT 4 FR1 10-02-25,img27997.png,874.0428706036419,163.97121502735092,,,819.495381839605,247.5186345266985,751.8288767905466,349.708866641603,695.209964402559,487.80377490498734,599.5848924139132,536.376674571613,556.0223998927988,556.278003750612,,,,,,,,,,,,,,,940.1455249886872,242.20442697256715,796.5268203947676,508.0371253795822,,,,,,
labeled-data,RAT 4 FR1 10-02-25,img28196.png,697.1298768002698,177.51874101902484,,,749.9042973850799,241.35876592000503,794.1667146497598,340.9492047655342,826.5123272662561,453.3076485912593,863.1139415428181,529.9156784724355,953.3411767362034,609.928509681664,,,628.8039411702595,663.7156201649988,716.2875594979771,500.4264704702158,,,,,,,,,,,,,,,,,,
labeled-data,RAT 4 FR1 10-02-25,img28205.png,708.1954811164397,203.05475097941687,,,751.6066980491062,255.82917156422724,794.1667146497598,340.9492047655342,826.5123272662561,453.3076485912593,848.7405285053253,529.5471294201922,957.4840239841049,609.928509681664,,,635.0182120421117,678.2155855326541,711.2898372267433,469.5314600662255,,,,,,,,,,,,,,,,,,
labeled-data,RAT 4 FR1 10-02-25,img28553.png,612.0154943834075,352.7895572060279,,,654.1344414037396,338.9800663796894,759.7770462252286,370.74189528026784,829.5149748982378,492.2654145520461,869.3593684807498,571.1997457015991,,,,,,,710.5890795142582,508.8448212915456,,,,,600.8036274448675,459.8211288580442,,,,,,,,,,,,
labeled-data,RAT 4 FR1 10-02-25,img29135.png,367.3096607189679,508.9219771072453,,,386.9130686791319,424.9073715636848,449.0838767813668,356.01539501796515,559.9831560988666,442.8304874129777,580.2075001381824,480.1313718635738,673.6614639027139,433.41930905048775,770.958413694972,479.1193915286695,,,536.6358947892829,510.25967459588907,,,,,,,,,,,,,,,,,,
labeled-data,RAT 4 FR1 10-02-25,img29242.png,,,,,,,324.3718877549866,369.9213351499366,354.0622930316142,510.7781415785887,439.20887004868047,572.4844496110768,545.0697145211768,573.3931263876648,600.4989978930421,652.4480059508164,,,,,,,,,,,,,,,,,,,,,,
labeled-data,RAT 4 FR1 10-02-25,img29476.png,839.75,364.84375,,,756.8416216143464,361.3979054035866,641.0840427952178,349.24301801195537,523.591602720643,427.2480822128729,459.6747494245085,485.3499662107598,287.6032814499621,435.0071762615783,328.4579777007449,509.7007381840656,,,,,651.0354227037803,511.51249680388105,610.609369673135,550.6458209039819,,,807.1930650352277,543.8039381138017,775.5625,473.46875,601.515625,467.296875,576.828125,529.015625,,,744.9108241787733,509.76675086179614
labeled-data,RAT 4 FR1 10-02-25,img29479.png,823.1704456143675,368.7052548989443,,,754.2784690686481,357.5033074931362,629.9368528641783,348.54174956848976,518.477476176388,436.4770367040832,460.6471267046859,485.7673585555224,281.9645675287388,443.5889810899381,314.4502150055822,503.5193997110112,388.8747567839962,503.58786318462745,,,654.8655522160965,511.5822105989187,610.54470607914,551.3768229392068,,,811.4485954112081,545.2375259236671,789.3787580612612,460.7536636845266,593.679211320015,477.33837103547967,570.7605620115063,532.5377693441167,,,752.5777349070436,511.7827630991789
labeled-data,RAT 4 FR1 10-02-25,img29646.png,851.2531228476964,261.20728756719404,,,814.6579721578994,281.2310492653848,712.4677400429952,290.89769284382163,625.4679478370629,445.5639900988122,580.2762254094916,495.54716296450783,485.7738406443447,502.81657717721146,379.4586577835542,541.4353401821993,,,,,746.3247875955063,506.72336462829605,753.6957686403745,532.5217982853342,,,931.5703622067706,347.70662452753555,873.3202356965687,335.38448238114665,741.697353678324,443.48327484719454,707.0625264403135,526.7031591652292,,,,
labeled-data,RAT 4 FR1 10-02-25,img29720.png,824.4750547387393,452.4442558893261,,,819.9942757764159,387.4729609356393,781.3475572263781,346.0257555341494,681.6502253146864,395.8744214899955,632.9217540994213,435.6413347806141,530.9840327065677,423.3191926342252,408.8828059832598,451.8841585190357,,,,,,,709.9751526843676,543.8807302137486,,,,,,,706.658211214177,450.2692709439246,,,,,,
labeled-data,RAT 4 FR1 10-02-25,img29785.png,884.0633908131482,421.5656405985736,,,827.8838781179506,397.0911598284507,764.9789591871032,345.21290441867404,660.3885024842172,404.50105016092175,618.92116694745,449.1846222512505,513.2785621259609,465.0655367015397,409.7073809284226,505.8035346392381,,,,,,,712.1352300252345,544.4701089529858,,,797.0635986072159,614.2080376259948,759.0874988347853,507.184483721872,680.3734011246561,468.5179094081244,,,,,871.6169178088145,589.1148041754182
labeled-data,RAT 4 FR1 10-02-25,img29841.png,,,,,,,692.5126507242646,347.8406470959966,575.1319787003879,434.1499647606119,511.608320899231,496.98314802045184,383.18005621428347,542.5544677473686,,,,,,,,,,,,,852.5756087616921,541.4368496569067,797.567206164632,464.9034199566492,676.2103001171192,485.3583347805472,,,,,,
labeled-data,RAT 4 FR1 10-03-25,img00462.png,1048.137160389663,286.3946445206724,1192.9967996588443,436.3075270201739,899.9086923002685,311.66086067227377,756.7334674411941,349.5601848996758,691.8835126520837,451.4672567111346,633.7712155034006,586.2204095196753,494.80702666959314,560.1119861630206,378.5824323722269,528.9503195760454,275.8331533557147,572.7450942388211,,,876.3268905587738,613.1710400813834,805.5814853342899,696.549553381668,,,1160.992925866816,479.26009447789625,1036.3462595189158,502.8418962193908,796.317206078703,569.3762654186077,763.471125081621,655.2814003340524,,,,
labeled-data,RAT 4 FR1 10-03-25,img00983.png,,,,,927.2120743799046,388.2562689897639,779.8656671360734,322.2802657462576,652.3120608652943,395.95346936817305,623.7224594597749,522.4074755848935,548.949655783801,515.809875260543,440.0892504320153,522.4074755848935,366.41604681009983,509.2122749361923,,,,,716.088864000684,613.6742800717441,950.3036755151312,514.7102752064845,,,978.8932769206508,478.42347342255607,711.69046378445,493.8178741793741,716.088864000684,580.6862784499909,,,,
labeled-data,RAT 4 FR1 10-03-25,img01178.png,995.3872777315275,317.8818655300238,1176.8212866511703,437.7382714223937,855.7380708661059,326.6786659624913,724.8856644331514,353.0690672598939,663.3080614058788,443.23627169268593,644.6148604868853,557.5946773147637,548.949655783801,527.9054758551858,456.583251242892,515.809875260543,358.7188464316908,522.4074755848935,,,829.3476695687032,615.873480179861,751.276065730554,688.447083747718,,,975.5944767584756,582.8854785581079,932.7100746501964,524.6066756930105,725.9852644872099,543.299876612004,742.4792652980865,648.8614818016142,804.0568683253589,593.8814790986922,1015.1800787045796,537.8018763417118
labeled-data,RAT 4 FR1 10-03-25,img01487.png,922.8136741636704,345.3718668814848,1041.570480001982,427.8418709358678,787.5628675144826,315.6826654219069,666.606861568054,373.9614682870042,640.2164602706514,488.319873909082,621.5232593516581,597.1802792608676,518.1608542701646,645.5626816394389,412.59924908055433,674.1522830449584,305.93804383688564,703.8414845045361,,,,,877.7300719472744,609.2758798555103,,,919.5148740014952,513.6106751524262,861.2360711363981,491.6186740712574,807.3556684875343,485.0210737469066,810.6544686497095,598.279879314926,,,,
labeled-data,RAT 4 FR1 10-03-25,img01545.png,889.8256725419176,232.1130613134655,1001.9848780558784,212.32026034041365,777.6664670279566,280.4954636920369,678.7024621626967,349.77026709771854,633.6188599463007,460.829872557621,617.1248591354242,592.7818790446338,529.1568548107491,636.7658812069715,419.196849404905,670.8534828827828,309.23684399906097,700.5426843423609,,,,,878.8296720013329,610.3754799095689,,,,,907.4192734068524,420.14467055745865,812.8536687578264,500.4154745037249,808.4552685415927,592.7818790446338,,,,
labeled-data,RAT 4 FR1 10-03-25,img01885.png,960.5476110641116,510.4217610648713,1177.8370699678835,495.2620313739104,882.2223409941473,406.8302748433056,779.4730619776352,360.50887856536974,686.8302694217634,431.2542837898536,650.6153596044683,534.0035628063657,548.7082877930094,539.056806036686,472.9096393382054,528.9503195760454,400.4798197036148,560.1119861630206,,,,,773.5776115422616,636.752841822878,,,1002.6579713167804,701.6027966119882,904.1197283255352,623.2775265420239,744.9425665704467,514.6327970901381,731.4672512895927,597.1691031853693,,,,
labeled-data,RAT 4 FR1 10-03-25,img02745.png,923.490494041763,500.3152746042307,1042.2417099542895,555.9009501377537,851.9028816122259,369.7731578209569,732.3094584946459,323.45176154302106,661.5640532701623,420.30559012415966,627.0335578629736,548.3210852922732,541.1284229475291,570.2184726236611,444.2745943663905,576.9561302640882,368.4759459115864,614.0132472864368,,,,,853.5872960223326,609.8022112611698,,,,,,,788.7373412332223,490.2087881435901,804.7392781292366,582.8515806994617,,,,
labeled-data,RAT 4 FR1 10-03-25,img03151.png,975.5944767584756,307.9854650434978,1198.8132877323387,394.8538693141146,861.2360711363981,310.18466515161475,769.9692666495475,350.86986715177693,713.8896638925672,430.04107104398463,672.1048618383463,534.5030761795365,562.1448564325023,538.9014763957703,460.9816514591257,546.5986767741792,379.61124745880113,591.6822789905752,,,874.4312717850992,583.9850786121663,837.0448699471123,626.8694807204454,,,1089.9528823805535,470.7262730441469,995.3872777315275,485.0210737469066,799.6584681091254,512.5110750983677,808.4552685415927,588.3834788284,,,,
labeled-data,RAT 4 FR1 10-03-25,img03384.png,924.3327012468162,523.0548691406718,1056.5592324401969,575.2717158539814,869.5892329183467,406.8302748433056,788.7373412332223,325.97838315818115,696.0945486773505,396.723788382665,673.3549541409094,519.6860403204583,572.290089534504,528.1081123709921,475.4362609533655,539.056806036686,381.9512611924404,603.9067608257963,,,,,837.5853591263183,594.642481570209,,,,,,,794.6327916685959,496.9464457840171,796.317206078703,568.5340582135543,,,,
labeled-data,RAT 4 FR1 10-03-25,img03698.png,887.6264724338007,439.9374715305107,1034.9728796776317,533.403476125478,817.2520689740604,364.06506780047823,712.7900638385083,350.86986715177693,665.5072615139956,426.7422708818094,642.4156603787683,527.9054758551858,552.2484559459763,497.1166743415495,451.0852509725997,504.8138747199585,393.9060481615609,581.7858785040494,,,,,789.7620676225994,633.4670810447963,,,,,,,742.4792652980865,501.5150745577833,768.8696665954891,597.1802792608676,,,1001.9848780558784,445.4354718008029
labeled-data,RAT 4 FR1 10-03-25,img04298.png,987.49824162582,295.6589237762596,1140.779952945535,411.88351807362585,864.5359896880263,310.8186534672204,725.571800854219,341.9803200541954,652.299774014575,437.1497342252272,613.5582425821195,548.3210852922732,520.0732428211945,592.115859955049,420.6927926248959,613.1710400813834,344.0519369650384,646.017121078465,,,,,760.9445034664609,620.750904926864,,,1078.4566197715849,448.9406350959746,987.49824162582,479.26009447789625,743.2581521603399,531.4769411912057,723.0451792390588,600.5379320055828,,,,
labeled-data,RAT 4 FR1 10-03-25,img05846.png,850.2184672021191,389.986130742238,950.4411246034712,486.83995932337655,755.0490530310873,327.66279756828794,660.7218460651088,358.82446415526294,608.5049993517991,469.1536080172556,574.8167111496641,585.378202314622,445.9590087764973,620.750904926864,299.41495509720926,662.0190579744794,151.18648700781466,653.5969859239456,,,,,825.794458255571,598.853517595476,,,851.0606744071724,571.9028870337679,839.2697735364251,519.6860403204583,799.6860348989162,502.8418962193908,761.7867106715144,588.7470311348354,,,,
labeled-data,RAT 4 FR1 10-03-25,img06762.png,945.3878813731508,326.82059036323466,,,808.1081069494501,343.6647344643021,691.0413054470303,421.9900045342664,655.6686028347885,534.0035628063657,616.927071402333,598.0113103904225,506.5979275403405,574.4295086489279,397.9531980884547,576.1139230590347,313.73247758311675,625.8041481571839,,,,,844.3230167667454,688.9696885361875,,,1067.5079261058909,421.14779732921306,1031.2930162885957,455.6782927364016,830.8477014858913,582.0093734944085,798.8438276938629,666.2300939997464,,,,
labeled-data,RAT 4 FR1 10-03-25,img07269.png,925.0128742717876,426.7422708818094,1034.9728796776317,538.9014763957703,802.9572682713006,360.7662676383029,679.8020622167553,395.95346936817305,632.5192598922424,503.7142746659001,586.3360576217879,613.6742800717441,485.1728526484114,596.080679206809,424.6948496751973,547.6982768282378,353.22084616139864,588.3834788283999,,,851.3396706498721,602.6782795311597,812.8536687578264,658.7578822881402,,,977.7936768665924,550.9970769904131,897.5228729203266,542.2002765579456,784.264067352307,552.0966770444716,763.3716663251968,634.5666810988546,800.7580681631837,601.5786794771013,,
labeled-data,RAT 4 FR1 10-03-25,img07277.png,924.3327012468162,443.8873918656543,1038.872881134076,532.3191483962592,830.8477014858913,382.4062658967576,688.5146838318702,385.7750947169711,630.4023866831872,490.2087881435901,595.0296840709452,607.2755896460098,480.48950418368577,593.8002743651557,425.7460358552162,544.9522564720597,345.7363513751452,583.6937879045151,,,868.7470257132934,608.9600040561165,806.4236925393434,655.2814003340524,,,990.8670704460332,555.0587429327003,899.9086923002685,566.0074365983942,789.5795484382758,534.8457700114192,755.8912602361406,627.488562567291,,,,
labeled-data,RAT 4 FR1 10-03-25,img07323.png,907.4192734068524,356.36786742206925,1002.6579713167804,404.30365322814544,795.2600678928914,337.67466650307574,669.9056617302293,367.3638679626536,605.0292585407813,483.9214736928482,579.7384572974373,610.3754799095688,485.1728526484114,594.9810791527507,425.7944497292556,546.5986767741792,353.22084616139864,575.1882781796987,,,,,828.2480695146447,668.6542827746661,,,944.8056752448394,532.3038760714196,900.8216730825018,489.4194739631404,788.6624675685409,536.7022762876534,753.4752658386708,633.467081044796,,,,
labeled-data,RAT 4 FR1 10-03-25,img07500.png,719.6763504188453,206.38496004060136,667.4595037055358,158.37914935255876,653.9841884246819,296.501130981313,620.2959002225466,391.6705451523448,623.6647290427601,531.4769411912057,595.8718912759987,632.5418057976112,487.2271618241128,614.85545449149,410.58630616425535,577.7983374691414,340.6831081448248,586.2204095196753,,,,,839.2697735364251,619.0664905167571,,,,,810.63472856461,315.8718966975407,819.8990078201974,508.7373466547645,773.5776115422616,619.9086977218103,,,,
labeled-data,RAT 4 FR1 10-03-25,img07538.png,900.8216730825018,415.7462703412249,,,829.3476695687032,372.86186823294577,742.4792652980865,395.95346936817305,689.6984627032813,469.6266729900885,658.909661189645,575.1882781796987,547.8500557297425,618.0726802879778,425.7944497292556,602.6782795311597,329.0296449721129,610.3754799095688,,,,,843.6424702714628,571.8894780175234,,,,,904.120473244677,503.7142746659002,849.1404705417549,511.4114750443092,,,,,,
labeled-data,RAT 4 FR1 10-03-25,img08361.png,926.1124743258456,441.0370715845691,1033.8196379037556,528.1081123709921,833.7460697849367,369.5630680707704,714.9892639466252,344.2722668274264,628.1208596760084,430.04107104398463,587.4356576758462,558.6942773688221,499.46765335117095,540.0010764498286,399.40404843185297,533.4034761254779,336.7268453505219,614.7738801258025,,,780.9652671901315,566.3914777472312,769.9692666495472,640.0646813691467,,,,,,,756.7740660008459,531.204276017361,716.0888640006835,604.8774796392765,,,,
labeled-data,RAT 4 FR1 10-03-25,img08522.png,993.1880776234104,583.9850786121663,1129.538484326657,465.2282727738548,876.630471893216,501.5150745577833,789.7620676225993,426.7422708818094,683.1008623789304,421.2442706115172,616.0252590813656,542.2002765579455,520.3600543782813,535.6026762335948,416.997649296788,535.6026762335948,336.7268453505219,616.9730802339194,,,,,771.0688667036056,643.3634815313219,,,,,,,708.3916636222746,560.8934774769391,,,,,,
labeled-data,RAT 4 FR1 10-03-25,img09397.png,941.5068750826638,413.5470702331081,1138.3352847591243,478.42347342255607,826.0488694065277,348.67066704366016,710.5908637303914,375.0610683410628,671.0052617842878,453.1326721792119,669.905661730229,561.9930775309974,576.4396571352618,544.3994766660624,479.6748523781191,544.3994766660624,381.8104475669179,538.9014763957703,,,928.3116744339624,625.769880666387,788.6624675685407,665.3554826124907,,,1055.8652807047415,555.3954772066468,945.9052752988975,555.3954772066468,763.3716663251967,543.299876612004,768.8696665954888,625.769880666387,845.8416703795795,600.4790794230428,,
labeled-data,RAT 4 FR1 10-03-25,img10099.png,981.6027911904462,508.7373466547645,1075.087790951371,659.4924363593194,900.7508995053216,390.8283379472914,756.7334674411941,334.40045520871496,666.6172965004826,404.30365322814544,611.0316209669594,522.2126619356184,507.4401347453939,512.1061754749778,436.69472952091,501.157481809284,373.5291891419066,554.2165357276468,,,,,735.6782873148595,637.5950490279314,,,919.279458016496,669.59892281996,846.0074311768522,588.7470311348354,733.1516656996994,507.05293224465777,723.8873864441122,583.6937879045151,,,,
labeled-data,RAT 4 FR1 10-03-25,img10690.png,981.0924770287676,503.7142746659001,1176.82128665117,591.6822789905752,883.2280722175663,419.04507050340027,749.0768656224368,381.6586686654133,665.5072615139953,467.4274728819717,622.6228594057162,564.1922776391143,524.7584545945151,570.789877963465,427.9936498373724,559.7938774228805,365.3164467560413,549.8974769363546,,,,,745.7780654602616,665.3554826124907,,,1004.184078163995,715.9370850991791,889.8256725419171,641.164281423205,734.782064919677,546.5986767741792,729.2840646493848,626.8694807204454,,,,
labeled-data,RAT 4 FR1 10-03-25,img10760.png,1042.6700800560402,289.2922641245044,1209.8092882729231,455.3318722873288,895.3236728122093,300.2882646650887,755.6744659467874,357.4674674761277,694.0968629195149,471.8258730982053,633.6188599463007,593.8814790986922,528.0572547566904,592.7818790446337,423.5952496211386,576.2878782337572,367.51564686415816,561.9930775309974,,,,,863.4352712445145,693.94508401801,,,1105.3472831373713,494.9174742334326,1006.3832782721116,491.6186740712572,823.8496692984106,557.5946773147635,833.7460697849367,646.6622816934973,,,,
labeled-data,RAT 4 FR1 10-03-25,img11023.png,963.9164398843252,320.925139927861,,,835.0587375111583,323.4517615430211,701.9899991127243,365.56212179569,643.035494758988,464.9425719919887,597.5563056861054,565.1652293933408,495.6492338746466,565.1652293933408,402.16423411372153,566.0074365983942,345.7363513751452,603.0645536207429,,,811.4769357696637,555.9009501377536,776.1042331574217,667.0723012047997,,,1066.6657189008372,423.6744189443732,1011.9222505723676,445.57180627576105,776.9464403624752,555.0587429327003,727.2562152643256,637.5950490279314,,,,
labeled-data,RAT 4 FR1 10-03-25,img11073.png,1027.924187468382,521.3704547305651,1171.0994123274563,699.9183822018815,920.1216652215496,434.6231126100671,798.8438276938629,381.5640586917042,677.5659901661763,445.57180627576105,617.7692786073865,558.4275717529138,510.8089635656074,567.6918510085009,420.6927926248959,562.6386077781806,345.7363513751452,593.8002743651557,,,,,781.157476387742,660.3346435643726,,,1031.2930162885957,713.3936974827357,931.9125660922969,669.59892281996,763.471125081621,553.3743285225935,735.6782873148595,637.5950490279314,,,,
labeled-data,RAT 4 FR1 10-03-25,img11253.png,925.0128742717872,480.6226735306728,1021.1865298279548,518.0016259103515,865.6344713526314,369.5630680707704,768.8696665954888,314.5830653678484,653.4116609193525,403.6506697465821,602.8300584326644,560.8934774769391,502.7664535133463,572.9890780715818,412.5992490805543,570.789877963465,322.4320446477621,623.5706805582702,,,,,832.646469730878,608.176279801452,,,,,,,793.0608677847745,510.31187499025066,771.0688667036056,591.6822789905752,,,,
labeled-data,RAT 4 FR1 10-03-25,img11347.png,1011.9222505723676,518.0016259103515,1130.673466484894,681.3898236907071,940.3346381428306,434.6231126100671,840.1119807414786,364.7199145906366,722.2029720340054,407.672482048359,638.8244587337209,523.0548691406718,535.2329725121554,566.8496438034476,427.4304502653229,569.3762654186077,322.9967568387039,617.3820761066502,,,,,782.8418907978487,636.752841822878,,,983.2872056005529,667.9145084098532,886.4333770194144,618.2242833117036,776.9464403624752,509.5795538598178,739.8893233401263,598.853517595476,,,,
labeled-data,RAT 4 FR1 10-03-25,img12235.png,950.4411246034712,457.36270714650834,1045.6105387745029,624.9619409521306,860.3249536627596,392.5127523573981,731.4672512895927,357.9822569502096,642.1932875539344,445.571806275761,626.1913506579202,531.4769411912057,550.3927022031162,498.6308601941239,468.6986033129384,492.7354097587502,402.16423411372153,510.42176106487113,,,,,697.7789630874577,660.3346435643726,,,968.127475909592,662.0190579744794,863.6937824829731,612.3288328763301,702.8322063177777,534.0035628063657,687.6724766268169,619.0664905167571,,,,
labeled-data,RAT 4 FR1 10-03-25,img12349.png,975.5944767584754,348.67066704366,,,846.9412704336379,332.1766662327834,705.0928634600992,365.1646678545367,656.7104610815278,464.1286727197962,636.917660108476,550.997076990413,564.3440565406188,510.3118749902508,493.96965308087874,497.1166743415495,406.0016487562035,493.8178741793741,,,863.4352712445145,571.8894780175234,783.1644672982485,659.8574823421986,,,1133.9368845428903,466.3278728279131,1006.3832782721116,480.6226735306728,744.6784654062028,549.8974769363546,757.8736660549043,624.6702806123285,799.658468109125,567.4910778012896,,
labeled-data,RAT 4 FR1 10-03-25,img12899.png,981.6027911904462,379.03743707654405,,,884.7489626093076,347.87577048956905,754.2068458260338,332.7160407986082,669.1439181156427,438.834148635334,660.7218460651088,539.8990132417395,596.7140984810519,583.6937879045151,542.8128373576358,619.9086977218103,602.6095489164256,545.7944636771131,,,872.9580617385602,588.7470311348354,798.0016204888095,668.7567156149064,,,1124.7780160495204,451.4672567111347,968.9696831146456,489.3665809385367,752.5224314159273,551.6899141124868,785.3685124130088,632.5418057976112,,,,
labeled-data,RAT 4 FR1 10-03-25,img13204.png,939.4924309377772,343.6647344643021,1047.2949531846098,436.3075270201739,831.6899086909448,279.65698688024537,708.7276567531513,309.1342390571136,658.1952244499488,427.0432477645867,614.4004497871731,564.3230221882874,547.866080587956,632.5418057976112,516.7044140009809,604.7489680308496,572.290089534504,565.1652293933408,,,,,870.4314401234002,601.3801392106361,,,921.8060796316564,509.5795538598178,865.3781968930799,430.4120765848002,814.0035573848237,480.9445088880029,797.1594132837561,571.9028870337679,,,,
labeled-data,RAT 4 FR1 10-03-25,img14132.png,947.9145029883108,512.9483826800313,1071.7189621311577,496.9464457840172,865.3781968930799,355.45563533504946,701.147791907671,351.24459930978253,672.5127469358561,469.1536080172556,615.2426569922263,578.6405446741949,559.6569814587034,630.0151841824509,490.5959906443263,635.0684274127711,561.3413958688102,577.7983374691414,,,,,890.6444130446812,623.2775265420239,,,,,,,828.3210798707312,512.106175474978,833.3743231010515,593.8002743651557,,,,
labeled-data,RAT 4 FR1 10-03-25,img17422.png,925.0128742717872,483.9214736928482,1136.1360846510076,475.12467326038063,832.6464697308786,404.7502698006406,766.6704664873723,358.5670675301861,692.9972628654566,415.746270341225,654.5112609734111,523.5070756389521,597.3320581623723,574.0886781256403,540.1528553513334,635.6662811529129,460.9816514591256,645.5626816394389,,,,,793.0608677847747,667.5546827206077,,,942.6064751367225,688.447083747718,845.8416703795798,619.1722803420364,733.682464865619,548.7978768822962,777.6664670279566,619.1722803420364,,,,
labeled-data,RAT 4 FR1 10-03-25,img17910.png,,,,,899.7220730284434,344.2722668274264,760.0728661630216,393.7542692600561,698.4952631357488,527.9054758551858,651.2124608112358,632.3674809907376,592.9336579461385,616.9730802339194,535.7544551350996,649.9610818556727,,,,,,,875.6464292241172,715.4064249560995,,,,,,,905.8185436729372,608.9177131517981,,,,,,
labeled-data,RAT 4 FR1 10-03-25,img18002.png,930.5108745420796,364.06506780047823,1088.853282326495,437.7382714223937,798.5588680550669,344.2722668274264,676.50326205458,455.3318722873288,667.7064616221126,575.1882781796987,635.8180600544179,641.1642814232052,597.3320581623723,618.072680287978,535.7544551350996,657.6582822340818,448.8860508644828,655.4590821259649,,,,,,,,,1048.1680803263328,545.4990767201209,971.196076542242,557.5946773147638,874.4312717850994,614.7738801258026,,,,,,
labeled-data,RAT 4 FR1 10-03-25,img18003.png,931.9125660922969,370.6153650260103,1076.772205361478,459.8893287616685,803.8970709241831,341.9803200541954,685.1458550116567,419.4633829191063,661.5640532701623,548.3210852922732,641.3510803488812,646.0171210784653,549.5504949980628,646.8593282835186,450.1700448017641,648.5437426936253,509.966756360554,589.5892383398888,,,,,,,,,1039.7150883391291,555.0587429327003,957.1787822438982,561.7964005731274,878.0113049688805,622.4353193369707,,,,,,
labeled-data,RAT 4 FR1 10-03-25,img18009.png,944.5456741680974,463.258157581882,1106.2494575383462,448.9406350959746,846.8496383819056,380.7218514866509,701.147791907671,409.3568964584657,653.9841884246819,524.7392835507786,636.2978371185608,649.3859498986787,531.8641436919418,658.6502291542658,448.4856303916573,641.8060850531983,511.6511707706607,590.4314455449422,,,,,,,,,,,,,881.3801337890941,605.591175235903,,,,,,
labeled-data,RAT 4 FR1 10-03-25,img18241.png,1020.6780789748716,310.1846651516147,1191.1160873539302,444.3358717467444,867.8336714607486,310.1846651516147,713.8896638925672,347.57106698960166,636.9176601084762,500.4154745037248,592.9336579461385,662.0566824503154,504.9656536214633,658.7578822881401,438.9896503779569,648.8614818016141,513.7624540539307,591.6822789905754,,,,,851.339670649872,714.8374850451206,,,1105.3472831373715,491.61867407125726,993.1880776234108,500.4154745037248,811.7540687037682,568.5906778553481,784.264067352307,686.2478836396014,,,,
labeled-data,RAT 4 FR1 10-03-25,img18501.png,964.5984762178914,477.3238733684976,1062.4628810290926,637.8654812610298,895.3236728122095,398.15266947628993,811.7540687037682,343.1726667733679,713.8896638925672,387.1566689357055,645.7144605409437,516.9094753146014,590.7344578380216,620.2718803960947,530.2564548648073,697.2438841801855,,,,,,,808.4552685415927,589.4830788824584,,,895.3236728122095,626.8694807204456,832.6464697308786,559.7938774228805,760.0728661630216,518.0090753686599,766.6704664873723,574.0886781256403,,,,
labeled-data,RAT 4 FR1 10-03-25,img19190.png,909.6184735149692,347.57106698960166,1007.4828783261706,447.63467190891976,805.1564683794177,336.57506644901724,683.1008623789307,333.276266286842,621.5232593516581,430.0410710439847,596.2324581083138,560.893477476939,541.2524554053919,611.4750799636272,485.1728526484114,644.4630815853805,429.093249891431,669.7538828287246,,,768.8696665954891,558.6942773688222,765.5708664333135,620.2718803960947,,,966.7976763260082,509.21227493619233,860.1364710823397,505.9134747740171,733.682464865619,509.21227493619233,721.5868642709759,591.6822789905754,,,,
labeled-data,RAT 4 FR1 10-03-25,img19317.png,923.9132742177288,411.3478701249912,1015.1800787045796,510.3118749902509,816.152468920002,348.67066704366016,694.0968629195149,358.5670675301861,627.0212596219502,459.73027250356256,595.1328580542554,574.0886781256403,543.4516555135087,626.8694807204456,493.96965308087897,645.5626816394389,433.4916501076647,666.4550826665493,,,,,789.7620676225994,662.0566824503154,,,987.6900773531185,543.299876612004,927.2120743799046,564.1922776391143,762.2720662711383,534.5030761795365,749.0768656224369,624.6702806123285,,,,
labeled-data,RAT 4 FR1 10-03-25,img19337.png,921.8060796316564,403.4614460230921,994.2358992662467,374.8264010512772,815.6879717949303,346.19135607946225,691.8835126520837,368.9309506159035,637.1400443236141,490.2087881435901,587.4498192254648,586.2204095196753,519.2310356161412,621.5931121319172,435.0103151108033,664.5456795896395,365.9493242964263,698.2339677917746,,,,,802.2126565140763,673.8099588452267,,,,,,,785.3685124130088,522.2126619356186,746.6269809805535,630.0151841824509,,,,
labeled-data,RAT 4 FR1 10-03-25,img19923.png,964.7586470893788,496.9464457840171,1171.0994123274563,447.2562206858678,882.2223409941473,404.30365322814544,760.9445034664609,358.82446415526294,663.248467680269,443.8873918656543,616.927071402333,556.7431573428071,546.1816661778494,611.4866256712767,459.4343240573513,630.8573913875042,380.2668467823337,685.600859715974,,,,,735.6782873148595,653.5969859239456,,,951.2833318085244,672.9677516401734,892.3288274547879,628.3307697723442,736.5204945199131,524.7392835507786,708.7276567531513,603.9067608257963,,,,
labeled-data,RAT 4 FR1 10-03-25,img20112.png,891.4866202497346,448.9406350959746,1019.5021154178482,536.530184421526,838.4275663313716,348.7179776946224,721.3607648289521,318.3985183127008,637.1400443236141,422.8322117393198,605.9783777366392,574.4295086489279,579.8699543799844,665.3878867946929,527.6531076666749,705.8138326372551,490.5959906443263,656.9658147441592,,,,,806.4236925393434,582.0093734944085,,,,,,,780.3152691826887,483.4711305031631,751.6802242108738,564.3230221882874,,,,
labeled-data,RAT 4 FR1 10-03-25,img20685.png,909.6184735149692,420.1446705574588,,,834.8456698389955,344.2722668274264,728.1844645953266,314.5830653678485,662.2084613518202,402.5510696925237,622.6228594057166,549.8974769363547,544.5512555675672,619.1722803420364,479.6748523781192,647.7618817475557,419.196849404905,675.2518830990168,,,,,826.048869406528,587.2838787743416,,,,,,,782.0648672441903,479.5230734766145,771.0688667036059,567.4910778012897,,,,
labeled-data,RAT 4 FR1 10-03-25,img20909.png,907.4885571457488,477.5756800677895,1038.0306739290224,560.1119861630206,861.1671608678131,360.50887856536974,744.9425665704467,309.97644626216703,662.4062604752155,413.5679324837327,611.8738281720127,548.3210852922732,543.6550445626891,600.5379320055828,489.753783439273,637.5950490279313,422.3772070350026,672.12554443512,,,,,846.0074311768522,597.1691031853693,,,,,,,806.4236925393434,481.7867160930562,795.4749988736494,571.0606798287145,,,,
labeled-data,RAT 4 FR1 10-03-25,img21035.png,910.0151787609092,401.7770316129853,995.9203136763535,512.106175474978,795.4749988736494,353.77122092494267,683.46144060155,372.299779436117,631.2445938882405,470.8380224273624,601.7673417113722,541.5834276518463,526.8109004616215,594.642481570209,470.3830177230452,633.3840130026645,396.268783678348,666.2300939997463,,,,,748.3113953906602,662.0190579744794,,,979.9183767803394,535.6879772164726,895.6976562750015,534.0035628063658,720.5185576238987,528.9503195760454,734.8360801098061,619.9086977218103,,,,
labeled-data,RAT 4 FR1 10-03-25,img21598.png,927.2120743799046,471.8258730982055,1118.542483786073,499.3158744496664,860.1364710823397,391.55506915193934,761.17246621708,370.662668124829,678.7024621626966,467.4274728819714,628.1208596760084,577.3874782878154,555.5472561081513,645.5626816394388,488.4716528105865,652.1602819637893,463.1808515672425,601.578679477101,,,,,788.6624675685407,656.5586821800232,,,994.2876776774688,706.0406846126531,887.6264724338002,636.7658812069711,753.4752658386706,534.5030761795363,749.0768656224368,610.3754799095686,,,986.59047729906,635.6662811529127
labeled-data,RAT 4 FR1 10-03-25,img21612.png,921.8060796316564,496.10423857896376,1184.5747276083105,479.26009447789625,850.2184672021191,408.5146892534124,755.0490530310873,372.299779436117,674.197161345963,450.62504950608127,641.3510803488812,558.4275717529138,559.6569814587034,647.701535488572,462.80315287756486,623.2775265420239,370.16036032169313,616.539868901597,,,,,785.3685124130088,662.8612651795328,,,995.0781064713002,708.3404542524152,899.9086923002685,640.9638778481451,747.4691881856068,545.7944636771131,749.995809800767,614.85545449149,,,,
labeled-data,RAT 4 FR1 10-03-25,img22096.png,953.8099534236846,397.5659955877184,1041.399502749236,475.0490584526293,830.8477014858913,356.2978425401028,696.0945486773505,400.934824407932,647.2465307842547,516.3172115002449,627.0335578629736,598.853517595476,547.0238733829026,643.490499463305,467.85639610788513,621.5931121319172,481.3317113887392,542.4256348568995,,,,,928.5437372720831,710.8670758675754,,,992.55148485614,539.0568060366861,926.0171156569232,561.7964005731274,841.7963951515853,566.0074365983942,846.8496383819056,677.1787876654403,,,,
labeled-data,RAT 4 FR1 10-03-25,img22960.png,961.3898182691652,364.7199145906366,1148.359817791015,377.3530226664373,838.4275663313716,345.3491488744089,715.4653143935784,373.1419866411704,650.6153596044683,469.995815222309,586.6076120204114,571.0606798287145,483.016125798846,593.8002743651557,385.320090012654,621.5931121319172,307.837027147743,705.8138326372551,,,829.1632870757845,592.115859955049,796.317206078703,645.1749138734118,,,976.549547960126,682.2320308957605,918.4372508114428,578.6405446741949,754.2068458260338,526.4236979608854,763.471125081621,608.9600040561165,,,,
labeled-data,RAT 4 FR1 10-03-25,img23795.png,992.55148485614,306.6076174419535,1155.9396826364955,389.1439235371846,830.005494280838,327.66279756828794,708.7276567531513,390.8283379472914,664.9328820903756,487.68216652843,619.4536930174933,571.0606798287145,526.8109004616215,562.6386077781806,446.80121598155057,546.6366708821665,396.268783678348,571.0606798287145,,,867.0626113031867,588.7470311348354,831.6899086909448,674.6521660502802,,,1133.2000881000545,459.8893287616685,1013.6066649824749,485.15554491326986,784.5263052079555,541.5834276518463,790.4217556433291,644.3327066683585,,,,
labeled-data,RAT 4 FR1 10-03-25,img24071.png,982.3194493267506,510.88146490835504,1161.0354616076932,496.4105327398577,902.0057757915904,430.5677913731946,810.8389031300568,374.85470252447976,712.4365643842746,436.3561642405936,648.7644628428861,540.5468758537746,569.1743359161505,552.1236215885725,479.4545564714669,549.229435154873,396.9702431110318,568.0416469739197,,,,,810.8389031300568,637.5021213827071,,,959.8895044655798,670.0617187618261,880.2993775388442,621.58409599736,765.9790134077149,546.3352487211736,772.4909328835388,620.1370027805102,,,1097.3633600663047,666.4439857197018
labeled-data,RAT 4 FR1 10-03-25,img24103.png,968.9968764341248,344.2722668274262,1188.9168872458126,402.5510696925234,860.1364710823392,336.5750664490172,751.2760657305537,368.4634680167119,689.6984627032809,455.3318722873287,651.2124608112357,540.0010764498285,559.945656324385,548.797876882296,468.6788518375347,546.598676774179,387.30844783721005,586.1842787202829,,,839.2440700552289,582.8854785581076,811.7540687037679,643.3634815313219,,,968.9968764341248,659.8574823421984,925.0128742717872,556.495077260705,775.4672669198394,537.8018763417115,782.0648672441899,619.1722803420362,,,,
labeled-data,RAT 4 FR1 10-03-25,img24238.png,920.6144740555532,469.6266729900884,1035.5040523138623,547.47887808722,881.0288721094496,382.7582687194716,798.5588680550666,309.08506509755614,696.2960630276317,383.85786877353,634.7184600003592,522.4074755848934,535.7544551350994,544.3994766660622,425.7944497292556,552.0966770444713,355.4200462695154,633.4670810447958,,,,,824.9492693524694,574.0886781256401,,,,,,,793.0608677847745,482.82187363878967,755.6744659467874,557.5946773147635,,,,
labeled-data,RAT 4 FR1 10-03-25,img24363.png,896.5398634800549,383.248473101811,990.8670704460332,533.1613556013124,813.1613501797704,324.29396874807446,707.0432423430445,336.9270768238751,653.1419812196285,432.09649099490696,616.927071402333,518.8438331154049,514.1777923858209,528.1081123709921,412.2707205743621,553.3743285225935,354.15842342567896,648.5437426936253,,,,,819.0568006151441,576.1139230590347,,,872.9580617385606,532.319148396259,819.8990078201974,497.7886529890705,762.6289178765676,468.31140081220224,753.3646386209805,556.743157342807,,,,
labeled-data,RAT 4 FR1 10-03-25,img24579.png,912.5418003760692,462.4159503768286,1031.2930162885957,532.319148396259,871.2736473284535,368.9309506159035,801.3704493090232,304.08099582679336,716.3075215986319,387.45950912707787,690.1990982419771,503.6841034244442,572.290089534504,505.3685178345509,474.59405374831215,502.8418962193907,404.6908557288816,581.167166289355,,,,,834.2165303061051,563.480814983234,,,,,,,792.9483772584892,464.1003647869354,782.8418907978487,531.4769411912057,,,,
labeled-data,RAT 4 FR1 10-03-25,img24935.png,,,,,837.5853591263185,347.87577048956905,730.6250440845394,366.40432900074336,651.4575668095217,443.0451846606009,583.238783200198,539.8990132417393,514.1777923858209,508.7373466547645,459.4343240573513,487.68216652843,408.90189175414855,552.5321213175401,,,803.8970709241833,567.691851008501,,,,,936.1236021175636,515.4750042951914,909.1729715558556,440.5185630454408,726.4140080592724,566.0074365983942,,,,,,
labeled-data,RAT 4 FR1 10-03-25,img25191.png,,,,,851.0606744071725,343.6647344643021,814.8457645898771,406.8302748433056,778.6308547725819,489.3665809385367,712.9386927784183,576.9561302640881,606.8205849416927,604.7489680308497,496.49144107970005,587.0626167247286,396.268783678348,572.7450942388213,730.6250440845394,430.4120765848002,,,,,,,,,,,900.750899505322,488.52437373348334,,,,,,
labeled-data,RAT 4 FR1 10-03-25,img26087.png,,,,,605.1361705315858,320.92513992786087,595.0296840709453,412.7257252786793,591.6608552507319,518.843833115405,603.4517561214791,631.6995985925578,729.7828368794859,662.0190579744794,863.6937824829731,709.1826614574686,,,506.5979275403406,444.7295990707076,525.1264860515149,560.9541933680739,690.1990982419771,571.9028870337678,,,,,,,724.7295936491656,447.2562206858678,,,,,,
labeled-data,RAT 4 FR1 10-03-25,img26203.png,,,,,618.2244591894823,311.284265205673,598.4316582164306,400.3518695844066,590.7344578380214,505.9134747740169,599.5312582704889,627.9690807745037,741.3796652440276,665.3554826124906,859.0368710282808,715.9370850991788,,,503.8660535674048,455.3318722873287,,,691.8976628113979,570.7898779634648,,,,,,,714.9892639466252,463.0290726657378,,,,,,
labeled-data,RAT 4 FR1 10-03-25,img26342.png,817.2520689740601,386.05706888164696,,,735.8816649737355,359.66666758424435,639.1168602165928,355.2682673680106,546.750455675684,431.140671098043,535.7544551350994,553.1962770985298,652.3120608652941,613.674280071744,764.471266379255,698.3434842342438,,,,,712.7900638385082,549.8974769363545,699.5948631898073,575.1882781796985,,,823.8496692984106,557.5946773147635,802.9572682713003,502.6146746118416,709.491263676333,510.31187499025054,651.2124608112357,569.6902779094063,,,837.0448699471119,531.2042760173609
labeled-data,RAT 4 FR1 10-03-25,img26491.png,850.5163545367327,371.6534823416298,926.3338719008844,370.7615115491104,748.8316841895175,344.894358566047,664.0944589001717,367.1936283790327,604.33241580137,445.68705812074256,579.3572336108259,531.3162542026078,603.4404450088507,616.945450284473,619.4959192742002,709.7104127064938,,,,,,,778.2667203426588,557.1834071856713,,,868.3557703871213,522.3965462774134,846.0565005741355,488.5016561616751,770.238983209984,483.1498314065585,720.2886188288959,554.5074948081129,,,,
labeled-data,RAT 4 FR1 10-03-25,img26689.png,1006.6112432276328,320.8111471680224,1160.1507186617623,427.8854549696401,871.0316827646795,303.8637021101532,753.2915381521145,352.9220956987218,697.0973782233907,447.4709997057814,,,678.3659915804826,506.34107201206376,558.8419053828791,476.0140650664032,450.9134394880281,484.9337729915975,,,,,,,,,1008.3951848126716,545.5877868829185,928.117813485923,502.773188841986,773.8068663800616,522.3965462774134,,,,,,
labeled-data,RAT 4 FR1 10-03-25,img26828.png,964.7586470893788,469.1536080172557,1048.1371603896632,669.5989228199599,883.064548199201,407.672482048359,787.895134028169,363.8777073855832,692.7257198571374,421.14779732921306,672.5127469358561,507.8951394497111,570.6056751243973,492.7354097587502,465.32977449272494,518.843833115405,339.8409009397715,550.8477069074333,,,,,741.5737377502334,642.6482922582517,,,931.0703588872434,706.6560398423086,851.9028816122259,624.9619409521308,744.9425665704467,529.792526781099,,,,,,
labeled-data,RAT 4 FR1 10-03-25,img26829.png,945.0652585437922,463.5264739711311,1044.9659873059682,664.2199022880027,863.8959164245243,397.5206353246933,762.2112460773092,368.0855991715521,,,,,667.6623420702496,506.34107201206376,519.5951905120241,506.3410720120638,349.2287691408131,551.8315824305548,,,,,,,,,912.0623392205732,692.7629676486246,837.1367926489413,618.7293918695118,,,,,,,,
labeled-data,RAT 4 FR1 10-03-25,img26843.png,888.9599986345747,419.4633829191063,987.49824162582,512.9483826800314,842.6386023566388,373.1419866411704,763.471125081621,355.45563533504946,685.1458550116569,426.2010405595333,670.8283325257496,515.4750042951914,587.4498192254648,500.3152746042306,461.9609456725114,516.3172115002448,343.2097297599849,552.5321213175401,,,869.5892329183469,629.1729769773975,739.8893233401263,644.3327066683584,956.3365750388448,591.2736527499956,854.429503227386,701.6027966119882,810.6347285646103,595.4846887752624,720.5185576238989,507.05293224465765,,,,,998.4469352915136,685.600859715974
labeled-data,RAT 4 FR1 10-03-25,img26876.png,967.2852687045388,395.0393739725583,,,866.2204040981333,349.5601848996758,726.4140080592724,380.7218514866509,664.9328820903756,475.89126565768265,623.6647290427602,534.8457700114191,530.1797292818352,501.1574818092839,433.3259007006965,523.8970763457253,349.947387400412,570.218472623661,,,856.9561248425462,622.4353193369707,792.9483772584892,688.127481331134,,,973.1807191399124,603.0645536207429,978.2339623702328,541.5834276518463,789.5795484382758,556.743157342807,751.6802242108738,639.2794634380381,817.3723862050374,601.3801392106362,,
labeled-data,RAT 4 FR1 10-03-25,img26886.png,,,,,941.4973753737142,385.0330442294213,777.3747495501394,349.3542125286441,674.798108410405,452.822824460898,633.7674519545112,541.1279329203215,548.1382558726459,505.44910121954433,441.1017607703144,521.5045754848941,346.5528567632548,568.7790274884239,,,861.2200040469658,620.5133334545508,785.4024866828145,682.0593181383914,,,,,,,813.0535812509166,536.6680789577243,746.1557718119593,638.3527493049394,812.161610458397,608.0257423592786,,
labeled-data,RAT 4 FR1 10-03-25,img26977.png,879.9513906898738,401.0885184947709,,,776.48277875762,363.625745208955,687.2856995056769,408.2242848349265,668.554312862769,511.6928967671803,617.7119776891616,603.5658883966815,442.88570235535326,641.9206324750171,257.35577751131177,700.7907047812996,,,,,,,,,,,906.7105144654566,521.504575484894,874.5995659347573,508.12501359710257,833.5689094788634,488.5016561616752,,,,,,
labeled-data,RAT 4 FR1 10-03-25,img27007.png,,,,,795.2141654005279,352.9220956987218,721.1805896214153,405.54837245736815,689.0696410907159,497.4213640868695,639.1192767096278,602.6739176041622,472.3207385084944,645.4885156450948,275.1951933617004,685.6272013084692,,,,,,,,,,,900.4667189178208,521.504575484894,887.9791278225487,488.5016561616751,839.8127050264994,515.260779937258,,,,,,
labeled-data,RAT 4 FR1 10-03-25,img27181.png,467.0141889028317,404.30365322814544,435.85252231585673,491.0509953486435,551.2349094081696,366.40432900074336,670.8283325257496,364.7199145906366,706.2010351379913,441.36077025049417,722.2029720340056,506.2107250396044,593.3452696608385,483.4711305031631,386.1622972177074,504.5263106294975,194.13905446553693,613.1710400813834,560.4991886637569,445.571806275761,,,813.1613501797704,608.1177968510632,,,,,,,,,764.3133322866747,592.1158599550489,,,,
labeled-data,RAT 4 FR1 10-03-25,img27257.png,,,,,463.4010305833001,354.70603728376074,517.8112489269853,405.54837245736826,578.4652628183065,483.1498314065586,642.6871598797056,555.3994656006324,782.7265743052559,595.5381512640067,914.7382515981316,689.195084478547,,,437.5338776002366,508.1250135971027,449.12949790298927,577.6987354136181,,,408.0988414470954,477.7980066514421,,,,,,,,,493.7280375289607,573.238881451021,410.77475382465377,514.3688091447386
labeled-data,RAT 4 FR1 10-03-25,img27267.png,,,,,464.4875672876716,352.0868065148359,526.8109004616217,409.3568964584657,589.1342336355716,500.3152746042306,675.0393685510162,564.3230221882875,806.4236925393434,605.5911752359029,918.4372508114428,699.9183822018815,,,436.69472952091,501.1574818092839,445.11680157144383,577.7983374691415,,,413.1129277794154,468.31140081220224,,,,,,,,,489.753783439273,577.7983374691415,413.9551349844688,509.57955385981774
labeled-data,RAT 4 FR1 10-03-25,img27273.png,,,,,464.2930013758196,360.0578620388774,516.0273073419464,413.5761095900431,566.869642515554,487.6096853691557,640.9032182946667,555.3994656006324,788.970369852892,601.7819468116427,911.1703684280538,690.9790260635859,,,434.8579652226784,507.2330428045833,454.4813226581058,577.6987354136181,,,408.9908122396149,485.8257437841169,,,,,,,,,496.40394990651896,577.6987354136181,414.3426369947315,520.6126046923747
labeled-data,RAT 6 FR1 10-02-25,img00224.png,,,,,865.6344713526316,359.66666758424446,707.2920635682163,337.67466650307574,610.5272588110736,446.53507185486126,541.2524554053919,598.279879314926,423.5952496211387,622.4710805042117,333.42804518834663,603.7778795852181,303.7388437287688,654.3594820719063,,,,,815.0528688659433,688.447083747718,,,1018.4788788667548,522.4074755848935,936.0088748123716,516.9094753146014,813.9532688118849,547.6982768282378,734.7820649196774,646.6622816934973,,,,
labeled-data,RAT 6 FR1 10-02-25,img00484.png,934.9092747583132,456.4314723413872,,,835.9452698930536,362.9654677464197,664.4076614599369,371.7622681788872,598.4316582164306,497.1166743415495,545.6508556216255,652.1602819637895,365.3164467560414,689.5466838017766,231.1652401609117,663.1562825043738,,,,,,,841.4432701633459,679.6502833152505,,,,,892.0248726500341,574.0886781256402,831.5468696768196,541.100676503887,747.9772655683784,662.0566824503154,,,,
labeled-data,RAT 6 FR1 10-02-25,img00553.png,917.315673893378,490.5190740171988,,,829.3476695687028,367.36386796265344,674.304061946463,340.9734666652509,607.2284586488981,455.3318722873287,541.2524554053917,593.8814790986921,401.60324853996985,642.2638814772636,265.2528418367233,706.0406846126531,,,,,,,855.7380708661055,648.8614818016141,,,,,,,813.9532688118849,522.4074755848935,761.1724662170797,631.2678809366791,,,,
labeled-data,RAT 6 FR1 10-02-25,img00848.png,902.4353139154284,429.5698693797468,1009.3956289572076,528.1081123709921,830.005494280838,327.66279756828794,680.9348189863898,324.29396874807446,618.6114858124398,454.83608553134815,557.1303598435431,588.7470311348354,420.6927926248959,614.85545449149,290.15067584162216,662.8612651795328,247.19810838389984,716.762526302949,,,,,815.6879717949303,581.167166289355,,,,,,,805.5814853342899,486.83995932337655,755.8912602361406,571.0606798287145,,,,
labeled-data,RAT 6 FR1 10-02-25,img01287.png,895.3236728122095,474.0250732063223,1017.3792788126966,540.0010764498288,839.244070055229,386.0570688816471,731.4832647575022,309.08506509755625,622.6228594057166,390.4554690978808,562.1448564325023,522.4074755848935,434.5912501617232,553.1962770985299,343.3244456748726,597.1802792608675,393.9060481615609,583.9850786121663,,,,,777.6664670279566,604.8774796392765,,,,,,,768.8696665954891,505.91347477401706,727.0848645412682,572.9890780715818,,,,
labeled-data,RAT 6 FR1 10-02-25,img01464.png,574.8167111496641,406.8302748433056,589.976440840625,584.5359951095685,689.3568910369237,309.976446262167,783.684098002902,369.7731578209569,795.4749988736494,503.6841034244442,753.3646386209805,650.2281571037321,461.9609456725114,712.5514902776822,390.37333324297424,586.2204095196753,501.54468431002016,485.1555449132698,643.035494758988,484.3133377082164,653.1419812196285,606.4333824409564,,,,,,,,,,,,,704.5166207278845,617.3820761066504,,
labeled-data,RAT 6 FR1 10-02-25,img01675.png,829.3476695687028,463.0290726657378,931.610474596138,549.8974769363546,713.8896638925668,367.36386796265344,612.7264589191903,321.180665692199,,,,,,,,,,,,,,,598.4316582164306,565.2918776931726,,,713.8896638925668,625.7698806663868,667.7064616221122,534.5030761795365,543.4516555135085,457.5310723954456,627.02125962195,543.299876612004,,,,
labeled-data,RAT 6 FR1 10-02-25,img02002.png,927.7015300670298,396.723788382665,988.3404488308732,497.7886529890705,802.2126565140763,326.82059036323454,663.248467680269,339.45369843903524,592.5030624557851,443.04518466060085,531.8641436919418,498.6308601941239,440.0635583411236,507.0529322446576,369.3181531166398,553.3743285225935,,,,,768.7510116796457,565.3585234668042,767.3846526596919,628.2110383846698,,,1008.547019681502,538.7145225777091,925.8822989743094,533.2490864978947,725.0275230411304,506.6050856087995,712.730291861548,596.1016014157601,,,,
labeled-data,RAT 6 FR1 10-02-25,img02580.png,908.1196317149124,391.14774842272055,981.9030187924068,505.2387265888463,809.0586027682767,339.90928517446093,677.8881368527313,326.2456949749249,608.2038268350979,419.1581083317695,567.8962357464667,518.2191372784052,451.7557190504109,529.150009438034,346.546074513984,582.4380112162241,306.2384834253528,652.8055007438344,,,807.6922437483232,555.7940103271293,766.0182936397383,627.527858874693,,,1017.4283533112005,539.3977020876863,925.1991194643324,509.3378036487071,727.0770615710609,499.090110999055,727.7602410810377,598.1511399456908,759.1864985399703,552.3781127772453,,
labeled-data,RAT 6 FR1 10-02-25,img02665.png,901.9710161251212,468.3470330500991,1021.527430371061,540.080881597663,824.7717314977431,347.4242597842057,683.3535729325458,325.56251546494804,621.8674170346338,425.3067239215607,558.3317226067916,508.65462413873007,440.8248468907821,518.2191372784051,356.79376716363595,579.705293176317,,,,,788.5632174689728,556.4771898371062,759.8696780499472,624.111961324809,,,,,,,747.5724468703647,507.9714446287534,720.9284459812698,593.3688833758531,,,,
labeled-data,RAT 6 FR1 10-02-25,img02686.png,895.3236728122093,433.33987120616,1020.6780789748716,530.1046759633027,794.1604678388327,337.67466650307574,665.5072615139954,344.2722668274262,616.0252590813656,424.5430707736924,578.6388572433787,519.1086754227182,479.6748523781191,512.5110750983677,396.1052482696777,530.1046759633027,352.1212461073401,587.2838787743415,,,783.1644672982485,556.4950772607051,758.9732661089629,625.7698806663868,,,,,,,719.387664162859,492.71827412531576,723.7860643790927,596.080679206809,,,,
labeled-data,RAT 6 FR1 10-02-25,img02903.png,524.1727471079516,454.6834428505629,547.4008504471627,658.2709368236489,639.6300842940307,338.5429261545072,765.3351141297615,315.9980023252729,843.2175782671167,385.68231234290647,,,,,,,,,800.8604486485552,526.417291398127,786.5136789390424,654.855039273765,,,673.1058802828938,572.8734980765491,,,,,,,,,793.3454740388104,598.1511399456908,631.4319301743091,669.8849884932545
labeled-data,RAT 6 FR1 10-02-25,img03243.png,948.1044754070148,472.92547315226375,1012.9808785964624,670.8534828827828,861.2360711363978,389.3558690438223,762.2720662711382,321.180665692199,,,,,,,,,,,,,,,690.7980627573395,589.4830788824585,,,861.2360711363978,654.3594820719063,795.2600678928914,554.2958771525883,660.0092612437031,470.7262730441469,705.0928634600992,556.4950772607051,,,,
labeled-data,RAT 6 FR1 10-02-25,img03444.png,920.6144740555536,423.4434707196341,1026.1760792451637,534.5030761795365,795.2600678928914,350.86986715177693,638.0172601625345,372.86186823294577,579.7384572974371,486.12067380096505,519.2604543242229,625.7698806663868,351.02164605328164,677.4510832071336,173.98603734987273,675.2518830990168,230.0656401068532,548.7978768822961,,,,,806.2560684334758,664.2558825584324,,,,,,,793.0608677847745,541.100676503887,721.5868642709759,640.0646813691467,,,,
labeled-data,RAT 6 FR1 10-02-25,img03475.png,915.1164737852614,486.12067380096505,,,816.1524689200016,383.8578687735301,702.8936633519825,329.9774661246666,588.5352577299046,432.2402711521014,521.4596544323398,536.7022762876533,373.0136471344504,561.9930775309974,238.8624405393208,578.4870783418739,,,,,,,826.0488694065277,619.1722803420362,,,,,,,755.6744659467874,475.1246732603807,739.1804651359108,593.8814790986922,,,,
labeled-data,RAT 6 FR1 10-02-25,img03591.png,941.5954277037756,350.8401573340898,1145.1829216768615,473.12928961993686,842.5343987571398,310.5325662454586,717.5125484313859,339.22610566448407,647.1450589037754,437.603955101143,578.1439283961187,537.3481635577556,433.3098722810374,556.4771898371059,313.0702785251208,563.9921644468506,280.27766204623447,604.9829350454585,,,812.4745003181607,566.724882486758,816.5735773780216,628.8942178946468,,,,,,,796.7613715886943,523.001393848243,748.9388058903183,602.9333965155286,,,,
labeled-data,RAT 6 FR1 10-02-25,img06078.png,956.901275839482,306.8858649894393,1122.9408840023063,403.650669746582,831.5468696768196,285.993463962329,722.6864643250343,318.9814655840821,,,680.9016622708136,500.4154745037248,564.344056540619,492.71827412531576,456.58325124289183,490.5190740171988,378.5116474047426,547.6982768282376,,,,,791.961267730716,587.2838787743415,,,958.0008758935404,464.1286727197962,875.5308718391575,456.4314723413872,766.6704664873719,491.6186740712572,756.7740660008459,567.4910778012896,,,,
labeled-data,RAT 6 FR1 10-02-25,img06193.png,883.5251693557477,469.030212560076,1030.4087640007594,530.5163684579879,853.4652709167686,360.4046704737649,756.4537805000632,294.8194375159922,680.6208548926385,397.9795435224888,637.5805457641002,493.6246749192405,528.9550036777893,507.97144462875326,419.6462807784399,489.5255978593797,373.8732536099944,566.7248824867579,,,,,796.7613702856327,571.5071390565957,,,,,,,783.7809595960736,473.1292896199367,748.2556250772801,539.3977020876862,,,,
labeled-data,RAT 6 FR1 10-02-25,img06764.png,717.1884640547421,383.8578687735301,,,574.2404570271449,314.58306536784835,554.447656054093,393.7542692600561,565.4436565946773,511.4114750443092,686.3996625411057,645.5626816394389,832.6464697308784,711.5386848829453,,,,,492.8700530268204,521.3078755308352,,,,,,,,,,,716.0888640006838,426.7422708818093,,,,,,
labeled-data,RAT 6 FR1 10-02-25,img06891.png,,,,,645.0955190707834,289.3540014361777,638.2637239710155,390.464568912744,640.3132625009458,517.5359577684285,653.293673190505,673.9840655531154,701.7994183988577,712.9252976217931,,,,,536.4699769844724,455.3666223605399,,,,,,,,,,,774.2164464563984,458.0993404004472,,,,,,
labeled-data,RAT 6 FR1 10-02-25,img07006.png,524.7584545945151,424.5430707736924,478.5752523240607,601.5786794771013,630.3200597841253,316.78226547596523,760.0728661630212,343.17266677336784,832.6464697308784,464.1286727197962,795.2600678928914,614.7738801258025,840.3436701092874,712.6382849370036,,,,,639.1168602165928,496.01707428749097,579.7384572974371,641.164281423205,,,612.7264589191903,531.204276017361,,,,,,,,,664.4076614599369,619.1722803420362,545.6508556216255,616.9730802339193
labeled-data,RAT 6 FR1 10-02-25,img07240.png,845.8416703795797,412.4474701790496,,,735.8816649737357,349.77026709771854,601.7304583786059,357.4674674761275,542.3520554594502,423.44347071963386,471.97765199971,508.1126748821339,378.5116474047426,499.3158744496664,453.28445108071656,487.2202738550234,,,,,,,661.1088612977617,576.2878782337572,,,,,822.7500692443525,522.4074755848935,672.1048618383461,477.3238733684975,617.124859135424,553.1962770985299,,,,
labeled-data,RAT 6 FR1 10-02-25,img08683.png,920.6144740555536,402.5510696925236,1069.0604813534428,499.3158744496664,835.9452698930536,323.3798658003159,713.8896638925668,327.77826601654965,652.3120608652941,400.3518695844068,617.124859135424,507.01307482807545,500.5672534052295,508.1126748821339,388.4080478912686,499.3158744496664,336.7268453505219,569.6902779094064,,,796.3596679469498,538.9014763957703,771.0688667036056,581.7858785040494,,,963.4988761638326,542.2002765579455,854.638470812047,522.4074755848935,752.3756657846121,496.01707428749097,734.7820649196774,554.2958771525883,,,,
labeled-data,RAT 6 FR1 10-02-25,img09605.png,937.10847486643,388.2562689897639,1136.1360846510076,499.3158744496664,855.7380708661055,320.0810656381406,740.2800651899693,324.4794658543744,673.2044618924044,427.8418709358676,619.324059243541,512.5110750983677,514.8620541079891,509.2122749361923,445.5872507023074,548.7978768822961,,,,,,,783.1644672982485,625.7698806663868,,,966.797676326008,548.7978768822961,872.2320716769821,494.9174742334326,777.6664670279562,494.9174742334326,764.471266379255,579.5866783959324,,,,
labeled-data,RAT 6 FR1 10-02-25,img09628.png,960.0412731700876,395.9300049925585,1074.132251336213,536.6649840477792,866.4456803032663,321.4634384050874,750.9883431171872,312.5821047753889,661.4918273102267,399.34590254244233,600.6888509222915,499.090110999055,505.7268990355165,502.5060085489389,438.7753070577903,572.1903185665723,,,,,,,781.0482415561664,600.8838579855981,,,915.6346050215958,635.7260129944149,855.5148081436374,552.3781127772454,738.6911119376048,471.0797510900063,726.3938807580225,553.7444717971989,,,,
labeled-data,RAT 6 FR1 10-02-25,img09820.png,899.2382967821525,452.6339043206328,1031.0919422076747,529.1500094380343,837.068961374264,359.72149096378814,750.9883431171872,299.60169408582976,669.6899814299483,394.5636459726048,641.6796215208994,499.77329050903177,540.5690540443333,518.2191372784052,441.50802509769744,555.1108308171523,,,,,,,805.6427039153311,587.9034472960388,,,,,,,754.4042406670712,486.1097003094959,770.8005489065145,561.2594464069438,,,,
labeled-data,RAT 6 FR1 10-02-25,img09914.png,,,,,957.8778290613176,342.0594410572627,801.7829403704175,338.4915578871852,685.8267373428918,450.8798777446335,591.2778333358322,578.431701074912,505.64863725396685,553.456518884368,435.1829446449319,560.5922852245236,,,,,875.8165161495301,628.3820654559997,849.9493631664666,699.739728857554,,,,,,,833.0019181085975,573.0798763197952,776.8077581798732,664.0608971567771,,,,
labeled-data,RAT 6 FR1 10-02-25,img11042.png,901.92127313656,441.0370715845689,1015.1800787045792,535.6026762335948,852.4392707039302,354.1686673139523,749.0768656224369,310.1846651516147,656.7104610815279,400.3518695844068,592.3195028901599,500.534536431334,494.64071075280265,483.89296443756194,423.73314312716553,509.94064234085727,438.2040752956629,585.1894896170436,,,,,800.7009261165222,557.6947184968985,,,,,,,764.5235956952786,478.104591570163,740.6465576172579,539.6060532862768,,,,
labeled-data,RAT 6 FR1 10-02-25,img12222.png,907.4364509018742,415.0590312719089,1092.5780981055866,484.0601617795657,858.9307056935214,349.47379831413616,768.7510103765841,333.7606695846697,697.0171618290202,387.04867136286,622.550595241549,480.64426422968137,538.5195155144029,490.2087773693565,446.2902816675351,498.4069314890781,395.734997929252,566.0417029767812,,,,,732.5424963478135,573.5566775865261,927.9318362011782,559.2099078770134,836.3857818642871,642.5578080941827,802.909985875424,548.2790357173847,727.7602397779762,484.0601617795654,715.4630085983937,537.3481635577557,,,926.5654771812244,630.2605769146005
labeled-data,RAT 6 FR1 10-02-25,img12254.png,886.9410656025702,438.28713461112,975.0712223895772,601.567037495575,842.5343974540784,363.8205680236489,769.4341898865607,327.6120539948785,686.7694691793682,387.7318508728368,628.6992108313402,481.3274437396582,550.8167466939852,502.5060085489389,467.4688464768158,486.1097003094957,398.4677159691592,562.6258054268972,,,,,669.6899814299483,580.3884726862941,,,822.7221916647511,624.795140834786,780.3650620461896,539.3977020876862,705.8984954587187,475.8620076598439,690.8685462392289,538.7145225777093,,,927.9318362011782,631.6269359345541
labeled-data,RAT 6 FR1 10-02-25,img12406.png,440.82484558772063,443.0693911809574,314.4366362420129,612.4979096552034,554.915823753846,387.73185087283673,638.2637239710155,348.1074392941824,741.4238299775121,370.6523631234169,,,,,,,,,786.5136776359807,504.5555470788695,827.5044482345886,574.2398570965029,640.3132625009458,583.1211907262012,575.41120905315,586.5370882760852,574.7280295431732,645.29052613409,,,,,,,781.0482415561664,549.6453947373382,510.50915560535407,671.934527023185
labeled-data,RAT 6 FR1 10-02-25,img12760.png,406.63987928431015,442.852140611959,355.7975441107027,623.9222114934032,515.4603159716805,360.7908277001712,618.9289279039344,356.330973737574,623.3887818665315,481.20688469029415,576.1143298630018,643.5455689288303,310.3070336922118,693.4959333099189,50.74353306905776,694.3879041024386,,,505.64863725396685,503.50615450328,,,,,469.0778347606702,585.5674674150675,,,,,740.2369556865767,500.8302421257215,,,,,420.911411964621,622.1382699083642
labeled-data,RAT 6 FR1 10-02-25,img12823.png,,,,,,,452.1303897028011,333.13973313206907,498.5128709138114,432.14849110172565,512.7844035941223,577.5397302823926,415.55958720950446,666.7368095343356,263.032581688682,684.5762253847245,129.23696281076752,627.4900946634813,359.3654272807804,468.71929359502246,,,,,,,,,,,559.1668848051327,427.6886371391285,,,,,,
labeled-data,RAT 6 FR1 10-02-25,img12867.png,,,,,401.2004340090664,350.84015733408944,443.5575636276279,428.0394419614678,477.033359616491,525.73411188815,485.23151373621255,615.9138072050874,408.0322291088344,680.1326811429067,246.80186475430983,712.9252976217929,109.4827832489733,692.4299123224888,336.2983805612705,505.238726588846,365.6750994902728,595.4184219057834,,,,,,,,,536.4699769844724,437.603955101143,,,412.1313061686951,600.8838579855978,,
labeled-data,RAT 6 FR1 10-02-25,img13078.png,,,,,448.5625065327234,294.7849890537336,380.7727263012467,399.1455717785069,385.2325802638439,517.7776871835911,412.88367483194617,641.7616273437917,373.6369599610912,712.2273199528269,,,,,322.79462478748377,461.5835272548671,536.8676149921469,589.1353505851453,,,,,,,,,555.599001635055,458.0156440847891,,,,,,
labeled-data,RAT 6 FR1 10-02-25,img13192.png,,,,,444.99462336264565,277.83754399586445,420.0194411721016,391.117834645832,413.7756456244656,521.3455703536688,414.6676164169851,669.412721911894,378.9887847162079,714.9032323303851,,,,,317.4428000323672,446.4200237820368,,,538.6515565771857,590.9192921701841,,,,,,,572.5464466929241,449.9879069521142,,,,,,
labeled-data,RAT 6 FR1 10-02-25,img13205.png,,,,,464.7361284369086,287.98764241622405,444.92392264758143,391.1477484227206,436.0425890178831,523.6845733582196,414.8640242086024,673.3008860431387,387.5368438095304,715.6580156617001,,,,,336.2983805612705,462.19841746030767,,,,,,,541.9354130642869,589.9529858259692,,,579.5102861130108,461.51523795033097,,,,,,
labeled-data,RAT 6 FR1 10-02-25,img14352.png,888.3074246225239,401.3954410723729,1067.300456236445,423.9403649016074,814.5240375450295,351.52333684406653,718.8789061482777,329.6615925248089,634.1646469111546,405.4945181322335,,,,,,,,,,,,,680.6208535895769,600.8838579855981,,,888.3074246225239,652.805500743835,832.9698843144031,576.2893956264334,679.2544945696234,494.3078544292174,684.7199306494379,568.7744210166884,,,921.7832206113868,608.398832595343
labeled-data,RAT 6 FR1 10-02-25,img14682.png,901.9710148220598,460.8320584403544,1016.745172498162,522.3182143382663,843.2175769640551,368.60282459348656,740.0574709575585,307.1166686955746,645.0955190707834,387.7318508728368,607.5206460220595,501.1396495289853,500.2614629557022,535.981804537802,396.4181774392287,572.8734980765491,,,,,,,826.1380892146351,579.0221136663406,,,,,,,746.2060865473496,466.2974945201687,756.4537791970016,555.1108308171526,,,,
labeled-data,RAT 6 FR1 10-02-25,img15581.png,812.4865898806506,366.1426524552875,890.9800196223605,376.8463019655206,709.0179779483967,323.328054414355,606.4413368086623,343.843382642302,551.1391476724577,426.7966663466091,494.9449877437337,528.481336693824,401.2880545291936,536.509073826499,375.42090154613015,503.5061545032802,,,,,,,702.7741824007608,560.5922852245233,,,833.893888901117,542.7528693741345,808.9187067105731,512.4258624284739,709.0179779483967,467.8273228025026,640.3362269244008,547.2127233367319,,,,
labeled-data,RAT 6 FR1 10-02-25,img15800.png,875.3270139329645,394.56364597260495,987.3684535691596,525.0509323781735,786.5136776359807,337.85974664453056,662.8581863301802,310.5325662454585,565.163516403498,388.4150303828136,490.0137703060502,508.65462413873007,423.7453578383007,531.8827274779412,371.1405355700872,507.97144462875326,,,,,,,697.7003413389969,564.6753439568278,,,,,772.8500874364447,497.04057246912464,678.5713150596466,469.0302125600759,640.9964420109227,536.664984047779,,,,
labeled-data,RAT 6 FR1 10-02-25,img16865.png,,,,,,,857.085129506622,277.83754399586394,727.7493645913047,433.9324326867643,636.768343754323,598.9470293028588,479.7814842709034,597.1630877178202,473.5376887232674,547.2127233367321,436.9668862299708,503.5061545032801,,,,,851.7333047515056,710.4433783677871,,,,,,,875.8165161495301,578.4317010749116,785.7274661050676,669.4127219118935,,,898.1157859625159,624.8141822859218
labeled-data,RAT 6 FR1 10-02-25,img16927.png,,,,,894.5479027924381,287.6492227135776,780.3756413499511,401.8214841560647,730.4252769688633,564.160168394601,647.4719932645562,685.4681961772437,503.864695668928,703.3076120276323,426.2632367197376,684.5762253847242,,,,,,,998.9084855172116,714.0112615378648,,,,,,,979.285128081784,592.7032337552224,899.8997275475546,700.6316996500736,,,,
labeled-data,RAT 6 FR1 10-02-25,img16969.png,,,,,934.0804517909692,277.05677025659554,797.4445497956095,376.80097871320805,740.7406504675353,537.3481635577557,663.541365840157,686.2812967326979,529.6381818847044,704.7271435020714,420.3294602884167,680.1326811429067,,,,,,,1024.9433266178837,717.0243746816541,,,,,,,999.665684748742,589.9529858259693,914.2682460016422,706.7766820320021,,,,
labeled-data,RAT 6 FR1 10-02-25,img17289.png,955.25901660025,384.31595332295296,,,856.8811671635913,345.37472125427536,734.5920348777443,387.04867136286,666.957263390041,534.6154455178485,589.0747992526859,634.3596539744611,451.0725382373726,708.1430410519554,,,,,,,,,899.9214762921293,703.3607844821181,,,,,,,919.7336820814564,559.2099078770134,817.9399350949135,682.1822196728373,,,,
labeled-data,RAT 6 FR1 10-02-25,img17396.png,899.0077567550353,413.4171044588171,1016.7479013676,540.076956996576,834.7858596936362,332.2477623395491,706.3420655708385,342.9514118497824,645.6880516795172,425.9046955540895,607.3333076011818,536.5090738264988,466.401922383112,592.703233755223,417.3435287945433,704.1995828201518,,,,,,,799.1070279928591,557.0244020544454,,,,,,,781.2676121424706,463.36746883990537,733.1011893464216,547.2127233367318,,,,
labeled-data,RAT 6 FR1 10-02-25,img17440.png,890.9800196223605,418.76892921393375,1007.828193442406,532.0492198639012,833.0019181085975,328.6798791694714,719.72162745863,324.2200252068744,646.5800224720367,417.87695842141466,602.8734536385848,535.6171030339793,,,,,,,,,,,,,,,,,,,,,,,,,,
labeled-data,RAT 6 FR1 10-02-25,img18085.png,951.843119050366,346.74108027422903,1084.3799439858649,462.1984174603081,854.8316286336606,316.68118183524984,718.8789061482777,319.4138998751569,662.1750068202034,431.4553395113519,645.0955190707834,523.6845733582197,553.5494647338924,497.0405724691245,464.7361284369086,488.1592388394261,377.2891511598784,544.1799586575235,,,854.8316286336606,569.4576005266654,791.2959342058184,652.8055007438347,,,1011.2797364183476,503.189188058916,921.7832206113868,495.67421344917113,752.3547021371407,507.2882651187766,772.8500874364447,598.1511399456908,,,,
labeled-data,RAT 6 FR1 10-02-25,img18547.png,900.6046558021062,462.8815969702848,1029.725583187721,538.0313430677327,835.0194228443336,343.3251827243449,699.7498798689273,324.87933595497134,640.9964420109227,425.3067239215607,586.3420812127788,523.0013938482429,474.3006415765838,535.981804537802,374.5564331199712,536.6649840477787,,,,,,,820.6726531348206,594.0520628858301,,,,,,,775.5828054763521,492.94149540926384,752.3547021371407,570.8239595466189,,,,
labeled-data,RAT 6 FR1 10-02-25,img19357.png,895.4398735849575,486.5587094454104,,,832.1099473160781,346.51929501986,692.0705328905276,315.3003172816801,620.7128694889733,410.7411920812592,577.8982714480406,537.4010446190182,436.9668862299708,578.4317010749122,,,,,,,,,808.0267359180535,592.7032337552226,,,,,,,783.0515537275094,492.80250499304657,732.2092185539019,569.5119931497176,,,,
labeled-data,RAT 6 FR1 10-02-25,img19519.png,889.6737836424774,432.8216985313056,1024.2601471079067,526.4172913981272,831.6035252944496,335.8102081146002,703.1657774188113,318.0475408552033,638.2637239710155,414.3758517619319,574.7280295431732,519.5854962983589,490.0137703060502,524.3677528681965,418.9631012684631,606.3492940654122,,,,,,,807.0090629352846,594.0520628858301,,,,,,,746.2060865473496,479.9610847197047,730.4929578178833,566.0417029767813,,,,
labeled-data,RAT 6 FR1 10-02-25,img20523.png,934.0804517909692,461.5152379503312,1063.2013791765842,579.7052931763176,826.1380892146351,380.90005577306886,677.2049560396929,356.98877292388084,593.1738763125468,435.5544165712127,535.7867974744956,533.9322660078717,515.9745916851684,496.35739295914766,454.4884357872566,483.37698226958855,,,,,,,712.7302905584866,654.855039273765,,,988.7348125891132,637.0923720143686,869.1783983431734,618.6465252449949,684.7199306494379,520.9518553183125,675.1554175097626,611.8147301452269,,,,
labeled-data,RAT 6 FR1 10-02-25,img21206.png,925.7668805306182,464.25943963242463,1097.917243486868,472.2871767650993,837.4617720711946,367.9265940403264,705.4500947783191,362.5747692852099,637.6603145468423,464.259439632425,566.3026511452881,529.3733074863434,460.158126835476,526.6973951087853,387.9084926414021,586.4594382075871,,,,,,,790.1873200676647,644.4375397213496,,,919.5230849829824,654.2492184390632,827.6500933534809,588.2433797926254,766.9960794621597,517.7776871835906,769.671991839718,603.4068832654559,,,,
labeled-data,RAT 6 FR1 10-02-25,img21364.png,909.7114062652684,395.5776886084285,,,814.2705314656896,355.4390029450543,666.2033799074643,357.2229445300934,594.8457165059098,463.3674688399056,550.2471768799383,564.1601683946012,480.6734550634228,508.8579792583967,416.4515580020239,540.0769569965768,370.0690767910135,615.8944743607284,,,,,762.5362254995626,649.7893644764661,,,967.6895077790314,532.0492198639012,907.9274646802296,543.6448401666539,769.671991839718,535.6171030339792,715.2617734960328,623.0302407008835,,,,
labeled-data,RAT 6 FR1 10-02-25,img21850.png,905.3869123719438,413.0094927419785,1026.309685637837,525.0509323781736,842.5343974540784,326.24569497492496,714.7798290884167,315.9980023252729,656.709570740389,415.0590312719088,608.8870050420131,509.337803648707,518.0241302150989,486.79287981947255,437.40894803783664,510.7041626686605,380.0218691997856,596.1016014157602,,,800.8604473454935,535.9818045378022,779.6818825362127,597.4679604357141,,,,,,,754.4042406670712,473.1292896199367,756.4537791970016,557.8435488570598,,,,
labeled-data,RAT 6 FR1 10-02-25,img22136.png,872.2486329794524,378.6302435505594,1013.1800181975224,458.907614877308,786.6194368975872,312.6244049041218,672.4471754551003,330.4638207545105,626.0646942440899,408.06527970370087,585.0340377881961,498.1543297481634,471.7537471382285,506.1820668808384,399.5041129441547,566.8360807721597,339.74206984535294,649.7893644764666,,,,,762.5362254995626,566.8360807721592,,,925.7668805306182,522.2375411461876,822.2982685983645,509.7499500509157,727.7493645913047,474.963089142658,699.2062992306833,546.3207525442124,,,,
labeled-data,RAT 6 FR1 10-02-25,img22644.png,912.3873186428268,384.87403909819534,,,808.0267359180535,332.2477623395492,692.9625036830471,375.0623603804819,628.7406066216482,479.4229431052553,562.7347679752104,588.2433797926258,428.9391490972959,596.2711169253007,326.36250795756155,681.9003130071661,,,,,836.5698012786753,604.2988540579752,827.6500933534809,689.036079347321,,,1000.6924271022503,538.2930154115372,934.6865884558124,512.4258624284738,814.2705314656896,557.0244020544454,750.94060519681,659.6010431941799,,,,
labeled-data,RAT 6 FR1 10-02-25,img22751.png,887.624245112547,460.8320584403544,1001.0320437686956,532.5659069879183,845.2671154939854,345.37472125427536,703.1657774188113,314.63164330531936,631.4319288712475,434.18805755125913,578.8271066030339,555.7940103271293,468.8352054967694,564.6753439568276,359.5264839004816,618.6465252449946,326.7338674215953,710.8757590918624,,,,,825.4549097046583,592.6857038658766,,,,,,,787.8800366559344,492.2583158992871,744.1565480174193,581.0716521962709,,,,
labeled-data,RAT 6 FR1 10-02-25,img23044.png,988.2048360069782,385.7660098907147,,,903.4676107176324,333.1397331320685,762.5362254995626,341.16747026474354,668.8792922850225,467.8273228025026,583.2500962031572,617.6784159457669,409.3157916618685,714.0112615378657,,,,,,,883.844253282205,635.5178317961552,810.7026482956118,680.1163714221268,,,1075.6179736738825,660.4930139866989,1004.260310272328,571.2959347347561,842.8135968263111,553.4565188843676,773.2398750097957,648.0054228914274,,,,
labeled-data,RAT 6 FR1 10-02-25,img23132.png,915.9552018129044,401.82148415606457,,,835.6778304861557,350.08717818993773,710.8019195334356,369.71053562536537,618.036957111415,482.0988554828136,528.839877859472,634.6258610036363,377.20484313116896,715.7952031229045,,,,,,,,,808.9187067105731,697.9557872725154,,,,,965.9055661939924,537.4010446190177,825.866151768442,549.88863571429,732.2092185539019,684.5762253847239,,,,
labeled-data,RAT 6 FR1 10-02-25,img23616.png,879.4260909928253,460.8320584403544,997.6161462188117,519.5854962983592,803.5931653854007,313.9484637953426,672.4226991848109,338.54292615450686,626.6496720163652,438.2871346111194,581.5598243578967,525.0509323781728,482.4987954112608,510.0209831586833,391.63592058434654,580.3884726862935,336.98155978620264,679.4495016329292,,,,,795.3950109806347,581.0716521962704,,,,,,,755.0874198920034,466.98067403014494,732.542496062769,557.1603693470825,,,,
labeled-data,RAT 6 FR1 10-02-25,img24745.png,944.498267173526,401.82148415606457,,,837.4617720711946,357.2229445300932,712.5858611184746,327.78790837695215,615.3610447338567,409.8492212887398,557.3829432200937,539.1849862040572,422.6953535496599,557.0244020544459,345.98586539298896,660.4930139866999,,,,,,,775.0238165948346,643.5455689288301,,,968.5814785715507,593.5952045477418,885.6281948672438,557.0244020544453,735.7771017239797,514.2098040135129,712.5858611184746,616.7864451532474,,,,
labeled-data,RAT 6 FR1 10-02-25,img26243.png,940.0384132109292,458.0156440847886,1123.7843964699316,541.8608985816147,857.085129506622,358.11491532261255,737.5610433090185,350.08717818993784,660.8515551523476,424.1207539690506,600.1975412610263,501.722212918241,489.5931629886171,517.7776871835908,400.3960837366742,513.3178332209939,447.670535740204,492.8025049930469,,,,,763.428196292082,615.0025035682083,,,924.8749097380988,667.6287803268547,847.2734507889083,595.3791461327809,735.7771017239797,510.6419208434352,716.1537442885522,583.7835258300285,,,,
labeled-data,RAT 6 FR1 10-02-25,img26388.png,902.654194046992,395.9300049925579,1001.032043483651,514.120060218544,759.1864969518642,348.107439294182,645.7786982957157,405.49451813223305,589.7579784776182,514.8032397285208,495.47920610082,576.9725751364095,354.0610475356226,574.9230366064791,,,,,,,,,818.6231143198459,669.2018089832773,,,,,,,798.8109085305186,529.1500094380336,740.0574706725139,652.8055007438343,,,,
labeled-data,RAT 6 FR1 10-02-25,img26755.png,885.6281948672438,467.8273228025024,1026.5595800853137,539.1849862040565,869.5727206018942,367.0346232478069,800.8909695778981,296.568930638772,699.2062992306833,362.5747692852099,650.1479056421144,470.503235180061,536.8676149921469,483.8827970678526,444.99462336264565,489.2346218229692,370.961047583533,553.4565188843683,,,,,763.428196292082,574.863817904834,,,,,,,767.8880502546791,473.1791475576191,750.94060519681,539.1849862040569,,,,
labeled-data,RAT 6 FR1 10-02-25,img26911.png,854.1484488386393,175.94620278002873,957.9917343551128,76.20199432341613,775.5828051913074,227.1846660282887,721.6116239031405,299.6016940858293,691.5517254641611,392.5141074426739,651.9273138855069,485.4265207995186,563.7971570984998,484.7433412895417,453.1220764822584,491.5751363893097,375.2396123449033,553.7444717971985,826.8212684395673,445.1189297108874,854.8316283486162,526.4172913981265,767.3846510715858,578.338934156363,,,947.060862195484,285.93810388629333,872.594295608013,281.1558473164558,756.453778911957,453.31708383060896,748.9388043022124,540.0808815976625,804.9595241203098,510.7041626686601,,
labeled-data,RAT 6 FR1 10-02-25,img27252.png,874.6438341379433,388.4150303828131,1059.102301831679,510.02098315868335,796.0781904906114,338.54292615450674,693.6012639940916,330.34477203478525,623.2337744664812,410.95995421204753,631.431928586203,501.1396495289849,557.6485415087086,486.1097003094954,471.567923251632,494.3078544292169,392.3191000943233,523.6845733582193,,,,,,,,,,,,,701.1162386038365,497.7237519791009,,,,,,
labeled-data,RAT 6 FR1 10-02-25,img27667.png,861.5449834692192,407.1733089111812,977.3917551651792,498.6308601941239,744.6968096491739,338.4915578871853,583.2500962031572,343.84338264230206,521.7041115193166,459.79958566982793,466.401922383112,581.9995842449898,332.6063035051975,670.3046927044136,629.6325774141676,714.0112615378653,718.8296566661106,657.817101609141,,,,,714.3698027035132,592.7032337552228,,,,,771.455933424757,522.2375411461877,716.1537442885522,507.96600846587694,657.2836719822699,595.379146132781,,,,
labeled-data,RAT 6 FR1 10-02-25,img27951.png,825.4549094196137,365.8701065535788,716.829367292582,329.6615925248057,574.7280292174078,328.29523350485266,511.1923347895656,455.3666223605375,466.1024871310968,589.952985825967,364.3087401445539,617.2801662250395,241.33642834873007,650.0727827039261,179.1670929408414,716.3411951716758,,,,,,,,,,,,,,,,,,,,,,
labeled-data,RAT 6 FR1 10-02-25,img27995.png,,,,,,,601.9814828460653,314.40834648916086,538.6515565771857,421.4448415914925,471.7537471382285,571.2959347347567,327.2544787500809,617.6784159457671,201.4865970048413,693.4959333099189,,,,,,,710.8019195334356,596.2711169253005,,,,,,,709.9099487409162,502.6141837107604,665.3114091149448,591.8112629627034,,,,
labeled-data,RAT 6 FR1 10-02-25,img28305.png,932.0106760782544,491.9105342005269,1010.504105819964,636.4098025886743,816.0544730507283,378.6302435505595,673.3391462476197,342.9514118497825,561.8427971826909,429.4725787241673,453.9143312878399,546.3207525442127,322.79462478748377,595.3791461327814,222.89389602530767,688.1441085548023,,,,,,,718.8296566661106,606.9747664355335,,,,,,,719.72162745863,492.8025049930466,659.0676135673087,591.8112629627034,,,,
labeled-data,RAT 6 FR1 10-02-25,img28403.png,918.631114190463,414.3090752513365,1040.5572955441826,514.6327970901381,801.7829403704175,364.3587108702487,662.6354967373863,342.9514118497825,571.6544759004046,418.7689292139341,466.401922383112,533.8331614489407,329.93039112763927,589.1353505851455,213.082217307594,697.955787272516,,,,,,,,,,,,,,,692.9625036830471,503.5061545032798,,,,,,
labeled-data,RAT 6 FR1 10-02-25,img28872.png,923.09096815306,382.1981267206371,1090.247520642332,414.410139688786,828.5420641460003,339.38352867970457,709.0179779483967,346.5192950198601,619.8208986964538,428.5806079316478,583.2500962031572,503.50615450328,480.6734550634228,479.42294310525546,378.9887847162079,520.4535995611493,301.3873257670175,603.4068832654564,,,,,,,,,,,,,752.7245467818489,502.6141837107603,,,,,,
labeled-data,RAT 6 FR1 10-02-25,img29111.png,,,,,840.4848585983824,389.0982098927867,801.543626529705,488.1592388394227,751.6715223013986,604.9829350454554,677.2049557139277,672.6177065331589,531.6877200888696,571.5071390565931,444.2407428118393,471.0797510900041,373.19007377425226,486.7928798194707,679.2544942438581,501.1396495289823,,,,,,,,,,,924.5159383255289,557.1603693470788,,,,,,
labeled-data,RAT 6 FR1 10-02-25,img29212.png,822.0390118290089,393.8804664626244,,,781.7314207403779,408.2272361721373,761.9192149510507,494.307854429214,738.0079321018626,619.3297047549682,642.3628007051109,686.281296732695,479.08289782065617,706.7766820320012,330.8329441556908,713.6084771317692,,,663.5413655143919,513.4368807085668,,,,,,,,,,,904.0205530262252,531.8827274779403,,,,,,
labeled-data,RAT 6 FR1 10-02-25,img29519.png,810.7026482956118,475.8550599351773,878.0113049688805,574.4295086489279,692.9625036830471,410.7411920812591,535.9756441996274,408.95725049622047,441.42674019256793,480.3149138977749,350.4457193555861,551.6725772993294,323.6865955800032,467.8273228025031,422.6953535496599,443.7441114044783,,,,,,,541.3274689547441,676.5484882520493,,,,,,,519.9201699342777,576.6477594898732,,,,,,
labeled-data,RAT 6 FR1 10-02-25,img29561.png,773.5332666206565,461.5152379503302,837.7521405584755,542.1304201275923,649.8777753148559,421.2076468616991,481.8156158605633,466.297494520168,385.4873049538347,563.9921644468502,275.4954038475701,658.2709368236485,96.5023722336488,609.765191615296,171.65211833109666,523.0013938482425,334.9320212155516,591.3193448459222,,,,,,,,,,,,,505.72689870975137,633.6764744644837,,,,,,
labeled-data,RAT 6 FR1 10-02-25,img29678.png,667.0953506999836,421.44484159149226,804.4588527479757,489.2346218229689,527.0559362744332,387.5499514757542,423.5873243421793,471.3952059725807,350.4457193555861,606.9747664355341,223.78586681782707,714.0112615378657,43.60776672890231,637.3017733811951,180.07929798437505,573.9718471123153,324.57856637252263,602.5149124729369,,,,,609.1172491862206,703.3076120276323,,,,,,,604.6573952236234,592.7032337552229,535.9756441996274,706.87549519771,,,,
labeled-data,RAT 6 FR1 10-02-25,img29764.png,,,,,746.2060862215845,376.11779920323033,668.3236220842294,473.81246912991264,598.639312066596,591.319344845922,489.33059047030815,653.4886802538108,315.80299493620123,643.2409876041589,228.35601765917096,717.0243746816533,,,,,,,874.6438340972227,699.261707422256,,,,,,,843.9007561482667,587.2202677860611,784.4641387802851,714.2916566417457,,,,
labeled-data,RAT 6 FR1 10-02-25,img42359.png,525.5391044990785,387.0486713628593,624.6001334457144,469.0302125600752,450.3893584016306,370.65236312341614,352.01150896497154,345.3747212542747,293.25807110696684,424.62354441158334,363.62556063457714,529.8331889480103,537.1531561686841,592.0025243558989,762.6023944610276,640.5082695642515,976.4375810837656,664.4195524134393,246.8018644285445,533.2490864978945,274.81222433759325,603.6165760255046,470.20156419095775,553.0612922872215,,,,,,,432.6266911422338,436.2375960811888,,,314.4366359162476,592.6857038658759,,
labeled-data,RAT 6 FR1 10-02-25,img43392.png,996.2325731396533,321.5441128293158,1220.789637425606,377.35302266643737,844.5975384113501,332.2477623395491,660.8515551523476,366.1426524552877,587.7099501657544,487.4506802379302,500.2968124988503,581.1076134524704,405.7479084917907,543.6448401666545,316.55082923984776,581.99958424499,,,,,783.0515537275094,617.6784159457666,776.8077581798732,703.3076120276319,,,1159.4632281707086,521.3455703536678,991.772719177056,539.1849862040566,747.3727220267322,564.160168394601,694.7464452680858,658.7090724016606,,,,
labeled-data,RAT 6 FR1 10-02-25,img43419.png,996.2325731396533,492.8025049930462,1108.6208929971012,603.4068832654555,891.8719904148799,461.5835272548664,758.0763715369654,389.3338930607927,623.3887818665315,449.9879069521141,511.0004620090834,583.7835258300287,396.8282005665965,560.5922852245237,323.6865955800032,562.3762268095626,266.6004648587597,639.0857149662337,,,,,758.9683423294847,696.1718456874765,,,,,981.9610404593424,694.3879041024375,760.7522839145237,557.0244020544455,690.2865913054889,664.9528679492967,,,,
labeled-data,RAT 6 FR1 10-02-25,img43534.png,926.5654768554592,323.5129769350167,1044.7555320814454,430.0889804913973,815.2072167292413,309.84938673548083,711.3639312127676,382.2664147930216,646.4618777649719,507.9714446287526,582.9261833371296,625.478320344762,451.7557174215842,640.5082695642517,328.78340562576034,635.0428334844373,304.18894326659563,581.754831706247,,,,,927.9318358754132,674.6672450630912,,,990.7843507932783,522.3182143382651,948.427221174717,471.0797510900053,870.5447570373618,542.8135996375692,829.5539864387539,654.1718597637873,,,917.6841432257612,529.83318894801
labeled-data,RAT 6 FR1 10-02-25,img43596.png,1007.8638385426984,507.2882651187756,1175.9259979969909,705.410323012047,903.3373735162482,414.3758517619309,749.6219837714685,358.3551319438335,646.4618777649719,436.9207755911655,554.9158234280808,538.0313430677318,432.6266911422338,532.5659069879175,334.2488417055748,531.199547967964,325.36750807587634,615.2306276951101,,,776.2659846605636,621.379243284901,730.4929574921181,686.281296732697,,,990.101171283302,697.8953484023024,905.3869120461786,641.1914490742282,750.988342791422,555.1108308171516,674.4722376740206,648.0232441739962,,,,
labeled-data,RAT 6 FR1 10-02-25,img43702.png,,,,,893.7728603765731,339.9092851744599,759.1864969111436,389.09820989278944,650.5609548248326,486.1097003094951,541.9354127385216,581.0716521962701,447.65664036172336,573.5566775865254,382.07140740395073,545.5463176774766,332.8824826856212,558.526728367036,,,,,,,,,,,,,,,,,,,,
labeled-data,RAT 6 FR1 10-02-25,img43868.png,,,,,757.82013789119,318.73072036517925,769.4341895607956,417.1085698018383,770.1173690707725,531.1995479679637,744.8397272016309,641.8746285842091,692.9180844433942,713.6084771317726,,,,,651.9273138447862,492.9414954092664,679.2544942438581,604.9829350454615,845.9502946781972,607.0324735753927,,,,,,,879.4260906670603,481.32744373966193,824.0885503589395,622.0624227948822,,,,
labeled-data,RAT 6 FR1 10-03-25,img00083.png,,,,,894.1314010029857,340.7785538526194,759.8159879214655,313.4957355704356,640.1913231457365,514.9688551927158,595.5694604042003,656.3207685211536,494.0697028306128,648.7255485666674,,,,,,,,,852.5038690571215,709.9766632255247,,,,,,,824.3348889828949,583.6705912797994,798.4376008501382,679.9903295981223,,,,
labeled-data,RAT 6 FR1 10-03-25,img00111.png,,,,,906.5599427466904,351.8261465136902,763.26836062805,332.1385481859925,671.953152046315,523.2545496885189,608.688476689222,643.8922267774487,494.0697028306128,648.7255485666674,,,,,,,,,849.6535778436939,711.9576551349826,,,,,,,822.7478737959674,529.9231986902125,,,,,,
labeled-data,RAT 6 FR1 10-03-25,img00253.png,619.005859375,412.818359375,,,705.2421875,363.908203125,818.5078125,331.73046875,913.75390625,487.470703125,,,807.0720447729086,711.2381318092063,,,,,738.0919792051208,503.2932974923944,,,,,,,,,,,,,,,,,,
labeled-data,RAT 6 FR1 10-03-25,img00278.png,610.4114271551834,398.7690940175624,,,685.0016275371115,359.4157399122749,836.0239227964123,349.759311253792,917.3206731754116,492.1887543628114,914.884362181908,618.3867461623149,864.9203264270911,698.3916108861627,,,,,740.6450779531829,506.0203358512091,,,,,,,,,,,,,,,,,,
labeled-data,RAT 6 FR1 10-03-25,img00484.png,544.572310165858,433.7004731211601,,,579.4715237783939,365.6044465601145,632.2459443632041,310.276424979265,,,,,753.1163915090599,531.5885113026629,876.5404396509548,514.5645046624015,,,,,,,,,,,,,,,,,,,,,,
labeled-data,RAT 6 FR1 10-03-25,img00631.png,943.3650787042408,463.8394037250404,,,844.9159377896203,419.0151071396608,689.7976772145396,339.7081956541195,,,,,,,,,,,,,,,676.6729133018056,635.0240262970959,,,889.640625,659.75,835.552734375,557.75,654.4843433724495,534.2187658137752,632.8457189387752,614.0625,,,,
labeled-data,RAT 6 FR1 10-03-25,img00636.png,929.3148602357652,456.6828820855129,,,862.9212343387459,424.3372694690163,708.8539742443802,337.51483560368325,568.4059194622239,427.74207079706855,530.9531048536489,521.3741073185062,505.4170948932568,503.4989003462317,,,,,,,,,672.2523599678184,632.0301504802051,,,891.3940418051534,658.951633275251,840.985278479017,535.7302118113622,666.2348989484112,545.2518671062992,632.0689593606965,609.1029673194053,,,,
labeled-data,RAT 6 FR1 10-03-25,img00720.png,940.5576358647012,423.3705758896608,,,842.892578125,392.26953125,705.6505328021002,329.33622185420035,,,,,,,,,,,,,720.0480383463921,576.0424994580957,673.3458424173864,624.6436164268056,,,917.66796875,626.1953125,873.953125,516.72265625,677.236328125,534.0078125,631.522661969192,611.6784940920328,,,,
labeled-data,RAT 6 FR1 10-03-25,img00793.png,916.1635839146668,421.77106334110726,,,836.1507527054384,388.5742503925976,688.8930952671776,336.65103013980035,554.4034428091127,471.1406825978653,515.2482275365114,541.79031015495,499.0754212282632,511.9982985344926,,,,,,,,,673.5714892909423,629.463944352296,,,913.6099829186278,627.7615436882701,842.9603553615432,520.5103018546233,660.8034843107464,534.1295071668324,628.4578628385703,604.996503918361,,,,
labeled-data,RAT 6 FR1 10-03-25,img00975.png,925.3351973553616,425.9865480420095,,,867.453574778473,411.5161423977873,696.9850393028928,342.5025898452639,566.1286572458466,507.7017799152641,526.1222416412322,568.9882038202051,499.7350313488272,515.3625829033817,,,,,,,778.9287402491138,609.8458197568324,728.7079206603427,678.793046649891,,,939.6250095395936,657.4430043079903,894.2571225460708,538.1422644361344,731.8288851618538,556.6254776557176,676.9393428733944,652.4021279753766,,,,
labeled-data,RAT 6 FR1 10-03-25,img01385.png,576.9647195779517,409.4942785964584,,,632.2927411588013,374.5950649839225,766.7823936168661,329.4814473872299,811.0448108815456,471.6319028334124,771.8895956089445,611.2287572835558,639.9535441469188,686.1343865007058,410.1294545033902,665.7055785323922,,,685.0671617436116,484.3999078136085,663.4022919515384,593.2090352949791,,,622.5118370050805,488.2568675990707,,,,,,,,,699.2950246267625,600.4784495076829,554.3610787609841,555.4989490665791
labeled-data,RAT 6 FR1 10-03-25,img01420.png,544.2443898585465,433.7374036935817,,,540.1015426106449,354.3328314421356,649.1965201387186,328.0947988720926,711.3392288572416,397.1422530037848,785.6992168761863,464.7168992088931,927.7046040153356,427.3470604880642,835.6253214072136,484.4481740534908,,,688.3870500335859,460.8731766920076,689.1241481380725,553.7475378573448,,,,,471.1834511101749,606.7088877898742,,,,,,,716.5133892276456,514.5061740452633,506.261053092354,619.3268467434816
labeled-data,RAT 6 FR1 10-03-25,img02050.png,900.8321474191218,448.9575608766291,,,840.9017287980487,406.9502581048488,719.9206968153217,323.49574993157864,633.6657017905993,468.5609688367932,595.0189832405614,522.330316384672,547.9708041361675,582.8208323760355,,,,,,,798.1573067571962,542.9253909651659,789.680678555598,587.888375338861,,,,,,,756.8798129059352,474.0067181956498,746.1918903908766,553.981862532468,,,,
labeled-data,RAT 6 FR1 10-03-25,img02311.png,921.5672691292906,451.2642623916312,,,851.0639794488044,385.55992399103343,747.166015625,295.625,615.9709176556981,471.69043928380233,,,,,,,,,,,,,822.7074465059777,582.8892623916313,,,,,,,777.59375,480.125,779.6293799261956,570.1900760089666,,,,
labeled-data,RAT 6 FR1 10-03-25,img02793.png,894.1073552988025,392.2919896190525,,,834.7370340480198,361.4866342530804,730.5589231740047,299.3158261508455,638.7029544463786,418.0564686524111,636.4625649652171,494.7898083821964,560.8494199760125,505.43165841771406,,,,,,,,,723.2776573602296,577.6842191851761,,,875.064044708929,599.5280166265019,830.2562550856967,502.6311715662621,702.5540546594848,465.104647756805,701.9939572891942,549.1192533003655,,,,
labeled-data,RAT 6 FR1 10-03-25,img02883.png,897.0630107271437,423.1544349879779,,,847.2143447712979,396.8298585843289,748.9547933696036,315.4867480763409,644.0026630894314,422.5103019804639,598.151002336708,508.343949373752,464.2877308373015,525.7069678527545,399.8765332539051,496.5819045976535,,,,,,,779.2703664776733,592.9934574977015,,,,,,,739.7429266960972,483.9522443071472,735.1995428131574,555.2833712693014,,,,
labeled-data,RAT 6 FR1 10-03-25,img03585.png,900.1687179180095,378.3199313361808,,,844.9307546126561,345.86762789428553,753.0976406175051,305.820104497904,646.0740867133823,448.7483345505069,595.6694451972469,519.8672123061499,482.4316204212717,546.105244876193,358.1462029842256,600.6527336402298,,,,,,,816.6212984186619,611.7003263013005,,,897.2114329267154,612.2797587171592,881.3177246551775,517.7711839572178,756.9761084507079,522.8120602898314,768.7381532268064,600.105497389907,,,,
labeled-data,RAT 6 FR1 10-03-25,img03635.png,888.8567397567587,451.78204595874695,,,836.3806746166725,430.3773351779224,704.5000372251404,321.9728321911656,597.4764833210176,473.8772312808884,520.8338092348391,562.2579725694545,434.5244915702239,518.7580764664883,346.8342248229748,582.2817342676452,,,,,,,770.7855931915649,628.543528535879,,,,,,,747.3094587867896,511.1628565120023,716.9285789688449,600.2340723418852,,,,
labeled-data,RAT 6 FR1 10-03-25,img04279.png,891.356709599293,414.0493566985859,,,837.915426827904,358.7187341862248,755.6328125,282.796875,636.9066699074548,412.2935709875756,592.267578125,488.03125,424.8139114039174,520.3283315188207,308.69239112261687,648.4839588357838,,,,,,,782.8115851768056,585.182710554356,,,,,,,742.296875,471.390625,740.0919519811615,566.3125158137753,,,,
labeled-data,RAT 6 FR1 10-03-25,img04829.png,921.999517739971,415.8773698102669,,,857.7853853974972,393.0917099468086,738.3332897496696,337.8537466414548,628.547837680279,443.49635146294384,,,549.1432654288329,497.3533656856638,419.3340516612516,495.97241660303,,,,,,,,,,,892.3091124633434,640.2815957382666,848.8092163603771,542.2342108712637,,,,,,,,
labeled-data,RAT 6 FR1 10-03-25,img04953.png,886.7853161328078,449.0201477934793,,,853.6425381495957,400.6869299012947,785.9760331005373,303.3300195756086,706.5714608490912,439.3535042150424,671.3572592419282,496.6628911443469,555.3575363006853,487.6867221072269,397.9293408804271,489.06767118986073,,,,,,,813.5950147532141,583.662683350279,,,,,,,794.9522021376572,447.6391987108455,779.0712876873681,546.3770581191652,,,1006.3185451420312,481.62482691295975
labeled-data,RAT 6 FR1 10-03-25,img05117.png,980.8724814023484,305.6815165139491,1162.5240719919998,406.4456952913233,914.586925435924,292.56250022892743,813.7776424036534,300.1577201834136,718.492155701918,432.0383575749457,681.8970050121213,476.2287282192288,579.7067728972168,485.8953717976656,438.15949192724776,484.5144227150317,,,,,857.5948817188666,524.7610335495175,807.4223392278839,584.5566590436716,,,1013.5381714947524,463.5756270609445,916.6413264345128,428.8495901029394,786.1386391568487,460.7751402094924,783.8982496756872,541.9892589016009,,,,
labeled-data,RAT 6 FR1 10-03-25,img05347.png,860.5563919687376,410.3099131022411,893.1536836941332,592.5951920099085,848.7411473939812,355.76242433820426,834.3183593986946,302.8952276850386,,,,,638.1977096729879,480.6272132756522,452.6360372941391,490.841617259809,,,,,,,,,,,792.8802847930097,587.4546774989713,796.240869014752,471.51452184885767,,,,,,,940.1031063364816,534.1446219487074
labeled-data,RAT 6 FR1 10-03-25,img05616.png,894.6054184745941,433.13285253843,,,833.3189945696532,416.96004623018166,686.0613371313923,363.3344253133583,535.3988783650791,489.31207445129246,479.21965645221655,556.5569006803249,440.0644411796154,522.5088873998022,,,,,,,,,645.4018445142311,662.956938123119,,,913.625090691266,704.8444948462007,858.3871273859124,582.6305010331056,675.4113739369279,564.6781629588656,,,,,,
labeled-data,RAT 6 FR1 10-03-25,img05923.png,870.9214115889274,296.2466140158236,,,807.6138232173719,301.8132725419292,702.7184524969673,299.3592462006921,654.8347433107472,424.2252779702556,639.4180073787678,493.0297951341452,524.7992335201587,486.1250497209761,402.58523970706347,488.19647334492674,,,,,805.332152615762,510.7609268167148,779.8383996770117,553.4477806593479,,,891.2851353737466,473.8949882675192,840.7939152164006,403.5021192890295,745.763762207004,462.8762613571557,739.0743767972217,534.3370328354371,,,,
labeled-data,RAT 6 FR1 10-03-25,img06022.png,984.9959380792408,302.16124281873994,,,877.884765625,310.70703125,748.6085997727786,320.4789421563005,,,,,607.7938353062601,478.1809297394991,510.2424843182704,484.97951296168696,382.1065295339876,492.5635078405156,,,,,754.9098902017934,611.5809346898379,,,1006.8535799667206,494.6610871479807,915.3359375,447.029296875,742.5077217124469,506.2394685977152,756.4571804577711,572.5951710285866,,,1117.1989852438612,452.2040693916397
labeled-data,RAT 6 FR1 10-03-25,img06057.png,900.5798039722865,415.1246181233549,,,850.8656369974683,394.4103818838472,731.4135413496407,326.74387683478886,589.8662603796716,481.4101740897794,536.2379245196855,537.3386119364501,543.6517006061592,504.30869800872506,500.43904542521113,484.4766020166536,,,,,,,750.9075778793064,623.4999721240218,,,944.1411706294956,621.2595826428603,884.7708493787128,524.3627375826205,715.621443551011,513.1607901768125,721.7825146242054,592.1345193877594,,,,
labeled-data,RAT 6 FR1 10-03-25,img06238.png,854.8595166218615,444.79840032615226,,,839.1767902537304,392.7093448891448,801.6502664442734,300.2932787912281,,,,,647.0633922441218,484.0052162464805,531.1232365940082,500.24803998490216,,,,,,,713.7149793086799,533.8538822023264,,,,,,,715.3952714195511,444.23830295586185,714.5320781606534,506.5642613905936,,,934.8869571106538,501.28738601185415
labeled-data,RAT 6 FR1 10-03-25,img06588.png,884.0291237535181,467.68663715084665,,,849.3030867955132,430.16011334138966,759.1274101787582,312.53966558040486,665.5911493402607,439.6817686363265,621.9035544576093,506.8934530711749,569.8144990206017,502.9727714791421,548.5307989495664,474.40780559433153,,,,,802.2573249856082,524.685609540915,761.716929238834,578.4937711684518,,,,,,,754.7144972462095,485.61941000311447,728.9160635891712,547.9041998322493,,,,
labeled-data,RAT 6 FR1 10-03-25,img06729.png,887.3312183527144,416.0384833461224,1098.4508640591998,438.6089759517481,840.3789495431638,384.276654445544,759.5934282090839,317.30062393780247,660.165094259447,430.53844871377765,626.3318417349178,500.27637738678686,579.3795729253671,510.6334955065407,536.570151363718,472.65739573411,,,,,,,749.9267846306468,581.0618987208668,,,903.537905488812,610.0677792005064,855.3780363296506,513.7480408821834,721.3482117829277,491.9397982440726,722.2568885595156,554.1841574403472,,,,
labeled-data,RAT 6 FR1 10-03-25,img06906.png,886.2236523480544,427.7960944674881,,,840.6523326211377,388.43904561242346,779.8905729852486,320.0820660220482,668.0336972919072,431.24846717407263,622.4623775649901,507.89114126025095,560.3196688464673,530.6768011237094,534.7721108177411,507.89114126025095,,,,,,,810.9619273445101,541.0339192434633,,,,,,,795.3696331794714,448.74344852284514,775.6033824446023,524.9620438245465,,,,
labeled-data,RAT 6 FR1 10-03-25,img07079.png,893.5875286012542,394.7018201778413,,,842.058570534537,368.3772437741924,731.159291217037,308.4468251531192,630.9018619350547,416.5456176191672,595.6157276067594,496.63954157069486,510.4809273226181,524.0843127149246,461.75245610735294,505.6010994953413,,,,,,,755.8035755098149,568.8921023381569,,,950.1379275812292,517.7354259439992,847.9117902150847,473.2102638911897,716.1536576098317,454.5823899711366,729.329470870357,539.0893301938161,,,,
labeled-data,RAT 6 FR1 10-03-25,img07109.png,894.3885642101642,376.0730411558081,1000.6839523532008,479.8762903403007,834.66015625,364.87109375,739.36328125,318.548828125,642.9395427758002,419.95703125,603.94140625,498.6652559079672,480.2712343861869,523.2103487029041,489.3188879485858,495.1398494691919,,,,,,,749.2854222982068,564.1739449654357,,,982.565833116101,537.1626472798013,872.0785188322986,478.3663454137003,721.80859375,466.279296875,726.6239034398379,538.892578125,,,,
labeled-data,RAT 6 FR1 10-03-25,img07447.png,906.4736599309532,415.78789975098863,,,847.783323919015,384.02607085041024,757.3311590064982,300.47865135106264,646.8552323957906,471.0258630563424,567.4506601443446,575.2875187951977,485.28418972763086,579.4303660430992,385.1653812366772,557.3351807209576,,,,,,,827.7595622208243,613.2636185676283,,,,,,,795.307258778929,502.097217415604,780.1168188699567,589.7874841628529,,,,
labeled-data,RAT 6 FR1 10-03-25,img07469.png,879.5451528195932,456.525897688687,,,822.2357658902889,416.4783742923056,717.9741101514337,323.26431121452106,633.0457415694523,484.8353538826808,575.7363546401476,567.0018242993946,473.5461225252432,584.9541623736345,362.37972137321873,571.835146088613,,,,,,,818.4386168883843,600.2462857468977,,,,,,,768.3159457832814,496.68400206650176,765.7361024175776,584.3986765004313,,,1004.847592715744,444.4102967203171
labeled-data,RAT 6 FR1 10-03-25,img08355.png,,,,,961.5660666200304,302.2850011352671,799.6776109280191,327.5533049595509,673.1192109811614,511.33611717046574,,,586.8156626006463,513.6172538082092,510.4836761327448,581.5263215120486,,,,,845.8601152042393,610.4554021408616,744.2024766821617,667.1025986220386,,,,,,,772.4358374723984,566.5540885641308,,,,,,
labeled-data,RAT 6 FR1 10-03-25,img08401.png,,,,,940.1613558392056,400.33238600227,789.3204928082655,352.41038844696004,660.0001946961397,480.26476281120426,,,587.5061371419633,507.4029829363568,518.7693706285479,567.7168306857102,,,,,867.9553005263807,611.8363512234954,744.8929512234787,659.5073786675525,,,,,,,764.8406175179122,570.0064612707154,,,,,,
labeled-data,RAT 6 FR1 10-03-25,img08489.png,945.9498837927478,351.6206148630082,,,899.0780495705659,353.3832321838243,761.2465617520713,342.47363769646387,655.8773390299147,510.6691747250485,605.3654010572039,576.8122121221043,554.9566377310676,541.5260777938089,,,,,,,,,874.820882319105,686.1437042387444,,,,,,,829.452995325582,540.5183879632394,807.6091978842566,657.0186409836434,,,,
labeled-data,RAT 6 FR1 10-03-25,img08530.png,960.7026849750404,348.9588421978998,,,916.961790562601,364.75042653130055,790.7708751856221,340.06561752911955,645.7199144041194,512.5784871895801,612.109375,596.001953125,554.9518319124394,544.762598799919,,,,,,,,,872.3060177410334,683.7596164172292,,,1046.6058409839277,467.13908315712354,986.568372868659,470.7023362791199,816.8406742619553,566.1000830511955,820.1152927952179,662.8764794488045,,,,
labeled-data,RAT 6 FR1 10-03-25,img09416.png,949.093437807825,383.640307342172,,,897.6344971712813,375.6441842860218,761.7077046159525,394.9048886367362,626.2746837714494,614.691526863541,539.4196621599596,689.2586375972584,409.18601136196,715.6458478896634,,,,,,,,,862.1932231928404,708.6377636508329,,,,,,,863.3134179334212,594.937997481881,800.5825124608959,701.9165952073481,,,,
labeled-data,RAT 6 FR1 10-03-25,img09871.png,896.6741149944519,410.0373230968736,,,852.4264227415099,380.9122598417726,763.3709408653358,312.5803806663434,648.5509799558031,432.44121790848976,612.7047482572171,501.3331944542093,541.0122848600455,520.9366024143734,527.5699479730758,481.7297864940452,,,,,,,713.5222749094899,537.7395235230856,,,909.6727278223076,587.1299075078342,839.1125896396306,502.6376839288744,713.6507786945804,464.55106274912697,704.3206780529877,521.8701143275975,,,,
labeled-data,RAT 6 FR1 10-03-25,img10585.png,905.1009709197366,370.18798058037055,,,845.7201603664813,354.3070661300813,726.9585392599707,303.902424613946,630.9825780169186,457.1877727863028,582.6493601247339,527.6161760006288,521.8876004888448,548.3304122401364,409.3402502541865,567.6636993970103,,,,,789.173569131234,527.0469274387095,777.1838318493528,594.568847573884,,,924.8438080448948,511.4249225160864,853.9670194710345,468.2627756281587,739.0194072326588,484.6189576067418,734.7828105142704,559.7045853618018,,,,
labeled-data,RAT 6 FR1 10-03-25,img10610.png,905.1009709197366,370.18798058037055,,,843.4797708853198,350.94648190833897,720.237370816486,309.50339831685,630.9825780169186,457.1877727863028,589.9306259385091,530.9767602223712,508.4452636018751,551.690996461879,409.3402502541865,567.6636993970103,,,,,790.9673213898341,527.0469274387095,777.1838318493528,594.568847573884,,,924.8438080448948,511.4249225160864,853.9670194710345,468.2627756281587,739.0194072326588,484.6189576067418,734.7828105142704,559.7045853618018,,,,
labeled-data,RAT 6 FR1 10-03-25,img10781.png,920.8887200973384,339.88513601440815,,,861.3456221703295,321.4280115369662,739.3995420824664,311.6624727727983,639.6996235160925,438.9566069676498,590.8199319316319,518.6081638441694,503.58696137918855,543.1424368120441,404.5411927311018,570.4027401096828,,,,,788.8691207444772,526.6756903742129,779.8610008363323,596.2287882937376,,,909.3995552337794,506.5325892064165,869.9648066437354,446.82764274298535,735.0758535226505,478.522861235918,735.0758535226505,562.5520451474135,,,,
labeled-data,RAT 6 FR1 10-03-25,img10855.png,894.5892701321147,381.8054619957611,,,848.1011883980115,368.36312510879145,723.7595721935419,306.752414376847,606.6992218028473,452.9378280226424,,,537.8072452571278,511.18795453284434,438.6700107157263,534.1519467147509,,,,,,,754.0605836140854,630.837836594611,,,881.1853527219666,619.606335719722,858.3353114828757,508.6730709944581,711.6527886900018,516.0440520393261,705.0189057496206,602.2845302642821,,,,
labeled-data,RAT 6 FR1 10-03-25,img10944.png,882.1800523868229,448.4885848046935,,,818.6563945856661,412.5839086562135,720.7925866883476,337.8290812243016,628.12400986838,449.73915671630095,542.4665780588972,554.8216641674995,489.3000383774943,509.9408189818996,419.5621097044851,534.7979024693087,,,,,,,787.8839667679997,595.661281267588,,,,,,,768.8917586885138,509.11151029971177,744.9360702926926,575.8188887557675,,,,
labeled-data,RAT 6 FR1 10-03-25,img11372.png,883.1243555513304,385.7561449158875,1062.4255375206326,440.6081992231716,849.0284394399887,349.8724252361262,800.8600655950138,305.0646356128939,,,,,648.5088059784111,495.7332748925378,509.0329486323928,490.8999531033194,,,,,,,747.246665386731,555.1140854457931,,,882.1551700458026,565.2302743403525,826.7055303870527,467.2132345395319,749.9721906572674,471.6940135018551,750.5322880275578,532.1845294932186,,,,
labeled-data,RAT 6 FR1 10-03-25,img11692.png,891.7851247186251,414.31633220629016,,,843.0493121345221,395.4980006029913,711.9644610045095,321.4435717178544,612.3740221589803,461.0404261679976,548.0108027892236,568.4629067885223,455.0582993687877,615.1246286088003,325.98958211076445,692.7757267965542,,,,,,,801.6758372958953,592.8695959078198,,,,,,,759.1084371538246,498.773237699032,746.2261976371453,582.2277458723021,,,,
labeled-data,RAT 6 FR1 10-03-25,img11906.png,926.3625916260028,423.3846752094688,,,863.6316861534775,391.4591251029158,753.292504206268,316.96617485429203,655.2754644054475,435.7068173558576,601.5061168575686,523.6421044914509,480.1996732665667,544.5849808390328,351.7714085816192,644.0133147886695,,,,,,,799.8810916940735,595.6028909025026,,,925.3429026391238,611.2856172706338,851.9701471310811,516.6291616915557,771.8762231795532,509.90799324807085,749.4723283679373,578.7999697937905,,,,
labeled-data,RAT 6 FR1 10-03-25,img12430.png,903.6047811978674,438.5096599548236,,,857.3429869296338,397.7716620171251,766.2003474758,310.77186981119297,668.8434371501141,426.0811182111189,620.5102192579294,499.96189413202967,507.27239448195417,511.00948679310034,437.5344658089451,497.199995966762,,,,,,,779.1903081935545,565.2978112827151,,,,,,,757.8364039437375,483.0625630015055,755.1103736139739,548.487290915838,,,,
labeled-data,RAT 6 FR1 10-03-25,img12812.png,894.2602676240779,458.818611111278,,,828.1687779298104,421.8521846721114,702.7069669847599,339.51787123942205,590.6874929266792,489.6239664772502,541.3989243411237,527.7105876569976,461.305000389596,506.42688758596233,,,,,,,754.3231838115886,559.9561857340292,716.7311804827615,612.2901511525922,,,,,,,714.5198861693012,527.8924181888532,670.6625489523364,592.0199532792051,,,,
labeled-data,RAT 6 FR1 10-03-25,img12993.png,915.51034663417,423.46552550724647,,,857.5636849622066,400.0811795873133,706.2965606151429,337.15620784263126,595.7674342057774,461.0265161928869,564.0588051038568,524.2748085395172,495.7018255134816,498.0367759694741,423.2019986752048,529.1081303287356,,,,,,,712.510831486995,616.7983970759848,,,902.8262636180832,637.6628395452699,850.7372081810754,546.9270655582244,684.9483865751159,541.8861892256107,677.6671207613408,595.6555367734894,,,,
labeled-data,RAT 6 FR1 10-03-25,img13098.png,882.015625,445.546875,,,846.515625,408.9375,769.086589552197,310.203125,651.265625,456.640625,601.2247328536112,538.6478170753535,512.59375,542.0625,422.4054654323038,527.5805891975151,,,,,,,798.2415828891288,565.3377355188384,,,,,,,766.6839039623233,479.3774026297097,759.9627355188384,552.628611851452,,,,
labeled-data,RAT 6 FR1 10-03-25,img13439.png,874.2554861760856,454.96594183114667,,,817.6856517767549,432.5620470195304,703.4257882375125,337.9055914404522,607.0890405475631,456.0861365717274,543.7980377047475,577.0671685544545,425.61749257347225,615.7138871044925,,,,,,,,,812.1007159078063,599.6126171188644,,,,,,,771.9288692132754,501.5785692221194,747.9731808174544,593.7158322829698,,,,
labeled-data,RAT 6 FR1 10-03-25,img13841.png,927.2211296563004,397.67578125,,,845.6322437915993,372.8305181499596,737.0072585917645,327.42969571056136,651.2713932099397,461.7266536650603,598.359375,525.36328125,496.09375,516.052734375,379.3213990687399,596.4428550083198,,,,,,,788.28125,590.537109375,,,954.5685015521002,543.50549718542,857.6880178603392,510.732421875,740.46875,502.751953125,755.078125,566.595703125,,,,
labeled-data,RAT 6 FR1 10-03-25,img14318.png,912.1836911440456,388.98579473545306,,,868.4960962613941,381.7045289216778,731.8323379105356,335.77654455786467,612.5315980386795,428.7527080260716,542.5194267523791,546.3731557870565,516.7549477190205,512.2072161993417,,,,,,,,,733.5126300214066,636.5488324038115,,,983.9184530534388,582.5460656412349,922.5040638406156,509.3138765987245,708.2792095429704,540.9886784951659,707.5887350016533,612.1075562508088,,,,
labeled-data,RAT 6 FR1 10-03-25,img14872.png,901.7578125,397.140625,1069.7318261792811,432.9424419706784,855.4095097062196,367.76721593542,807.445325993659,309.64944623336027,,,,,625.5389713349397,480.65201500760566,467.732421875,489.0234375,,,,,,,,,,,801.9366566710249,598.0756012865828,814.7109375,490.232421875,,,,,,,,
labeled-data,RAT 6 FR1 10-03-25,img15500.png,901.145155288923,425.02729534969706,997.6266049465512,604.6699596229796,870.0738009296616,393.2654664491188,804.4787195045539,310.4085214910881,,,654.6786011215677,462.2889911870537,530.6442211173123,490.4579712612802,,,,,,,,,751.3751984912161,549.2406762511145,,,848.149275197833,581.9530402082808,807.2588202513753,485.1789635016638,739.1080620072787,468.3684431347868,,,,,,
labeled-data,RAT 6 FR1 10-03-25,img16029.png,899.706157297443,423.42905187083744,,,844.0552504086893,406.8443445198843,704.7437086606835,347.1393980564533,582.4653838912063,522.53548930482,510.6286174286502,635.1514592399116,375.9860818718504,635.1514592399116,,,,,,,,,790.2708066620037,632.389561074644,,,,,,,774.3898922117144,539.8659725381764,730.8899961087484,630.3181374506933,,,,
labeled-data,RAT 6 FR1 10-03-25,img16052.png,904.8895805206128,429.3900459274688,,,847.5801935913082,400.3901151921581,721.2233525303114,332.7236101430997,597.6284096345823,497.0565509765272,526.5095318789395,604.770579421967,390.48604723950575,631.6990865333269,,,,,,,,,795.1041284512222,637.2228828638624,,,,,,,780.6041630835667,526.7469562531548,735.7233178979668,619.9610193309394,,,,
labeled-data,RAT 6 FR1 10-03-25,img16188.png,893.841987859542,399.0091661095242,,,851.7230408392097,383.1282516592349,741.2471142285021,313.39032298622584,649.4140002333515,431.4614695514195,607.2950532130193,506.0327200136472,514.7714646765518,526.7469562531548,400.8431653592596,572.3182759800716,,,,,,,735.0328433566499,577.1515977692901,,,,,,,732.9614197326991,491.53275464599176,715.6995561997761,555.7468869884656,,,,
labeled-data,RAT 6 FR1 10-03-25,img16305.png,892.461038776908,406.6043860640103,,,845.8702069129009,406.2969704547364,723.491775202054,340.27143758784644,591.4407094682743,509.4317845974689,541.4634867559371,563.0437144161581,516.0205370114743,514.8838452569967,488.3531032359186,481.8371207957969,,,,,,,748.079261321657,644.1603461784186,,,1009.4977718246706,543.5109125940864,919.3220952079156,509.9050703766623,737.2904498635345,521.6671151527606,723.8481129765648,612.4028891398061,,,,
labeled-data,RAT 6 FR1 10-03-25,img16523.png,934.847246768688,493.23714107016633,,,891.4360298360214,455.7843264615913,810.4948671928144,325.7769844879194,679.4871471647673,433.6531178292514,633.5223292360615,509.4099473784146,545.8486950387155,534.9459573388067,415.615044240716,557.9283663031596,,,,,,,773.675583841494,590.1781441248824,,,901.9247601809608,602.0448132688391,851.1404950881952,533.8701879303705,748.2597884319737,480.0131737076507,735.8312466882691,565.632016830949,,,,
labeled-data,RAT 6 FR1 10-03-25,img17136.png,881.5213749061397,435.8228030633677,,,828.3548352247367,396.4657542083031,733.7598230643182,311.5373856263217,647.450505399703,463.4417847160446,597.0458638835678,528.3463915998352,532.8317315410941,544.9177805914413,424.42722855433726,560.1082205004136,,,,,,,797.2834808654752,582.8938803638721,,,,,,,762.0692792583122,493.1321899926722,757.9264320104107,565.632016830949,,,,
labeled-data,RAT 6 FR1 10-03-25,img17147.png,876.6880531169213,433.0609048981,,,828.3548352247367,397.15622874962,738.5931448535368,314.29928379158935,649.5219290236538,439.2751757699523,602.5696602141031,527.6559170585183,527.3079352105586,548.370153298026,421.6653303890696,562.8701186656813,,,,,,,800.414406149947,584.9652987199202,,,,,,,765.200204542784,491.7512356421357,757.6049845882978,564.2510624804124,,,,
labeled-data,RAT 6 FR1 10-03-25,img17506.png,963.3663979007408,390.941952609865,,,913.6522309259224,366.0848691224558,816.9857951415531,297.03741499076364,691.5376308571446,457.2275085762896,655.4147524733935,515.227370046911,590.5101455896026,491.7512356421357,499.367506135769,483.4655411463326,,,,,,,803.1763043152147,579.4415023893848,,,932.985518082796,639.512787483957,879.818978401393,513.1559464229603,747.7171435523419,457.46064950706455,763.4007849073602,537.3404892868045,,,,
labeled-data,RAT 6 FR1 10-03-25,img17816.png,948.4136546970224,313.83185146372523,,,894.7880337801989,324.04625544788206,783.280790286487,300.2126461515162,,,,,620.7015268719906,493.4351215184829,480.2534720898343,524.0783334709533,,,,,848.8453070173418,556.2802027875578,764.7202174218834,593.3350842152113,,,953.6866911287848,528.643858982218,863.4594559353993,440.970224784872,753.6546131057136,502.25664868981295,763.0178167578572,561.8406719307277,,,1045.4136396526071,457.29408582582965
labeled-data,RAT 6 FR1 10-03-25,img17962.png,910.8550666142396,428.659654739821,,,871.2810967545427,425.8059680897111,723.2224475669545,359.2075808238109,613.4433629900354,498.67182602612144,549.5954200524773,582.4264540903309,447.4051879375729,623.1644520280292,,,,,,,,,729.118800794877,640.4263155609524,,,1014.997766503314,530.1918232590053,943.499250368094,515.4498611692693,711.5234410935182,530.9677347072218,689.119546281902,614.9823402507824,,,,
labeled-data,RAT 6 FR1 10-03-25,img18148.png,949.5178865962482,412.44431624833,,,894.6283443077888,401.8024662128124,736.6808858858949,345.2326318134816,,,,,565.2064499525433,547.7520504686247,442.6336021426614,575.841661425056,,,,,,,720.6731978974703,645.7968507718199,,,,,939.4316832248288,518.1168009698597,730.0364015496144,538.5456089381734,686.6251846169476,628.7728441315586,,,,
labeled-data,RAT 6 FR1 10-03-25,img18574.png,894.6233442580581,415.9269028703691,,,830.4092119155841,392.4507684655937,698.5285745240521,318.56999254468303,619.124002272606,453.9030026427997,588.0526479133446,508.4504914068366,520.3861428642863,475.9981879649413,438.2196724475725,500.8552714523504,,,,,,,697.1476254414184,577.4979455385287,,,981.2742313276608,537.6577517282965,844.351142254544,487.133729777736,688.3106458927533,502.83862706501736,681.0293800789781,549.3267087991209,,,,
labeled-data,RAT 6 FR1 10-03-25,img19297.png,910.1092045277531,405.9417905511853,,,859.6326302904854,387.9654749032344,720.2361959993063,320.8069902670439,604.8561377194832,453.5500670258695,549.5414556573262,528.9580530490148,466.6845106992956,566.2436782801285,325.1372297293266,627.0054379160176,,,,,,,746.5747795422914,613.6364597136863,,,974.0024430201768,523.2876920084647,899.1869854147662,497.1207092991832,707.4344908109051,524.0677957675282,698.4583217737851,588.281928110002,,,,
labeled-data,RAT 6 FR1 10-03-25,img19455.png,829.0423386689367,405.0426267573651,,,808.328102429429,357.39988340649734,743.4234955456384,303.5428691837776,,,604.638112740937,507.9233334135865,511.4240496631526,512.756655202805,392.6624285566419,543.1375350207495,,,,,,,785.1179766227131,569.6595041793205,,,921.4194931109056,497.4197004405784,,,735.5950922986694,475.1571194141735,745.5905368411369,548.3055999295036,,,,
labeled-data,RAT 6 FR1 10-03-25,img19574.png,886.9507914920902,403.02337117374833,,,826.189031856201,365.7377459426346,716.4035797868103,309.80930809596384,,,607.9990768000536,476.90414709465904,520.3088100528045,485.1898415904621,396.7138671570754,513.4992977844558,,,,,,,709.7528771663493,554.4823724688943,,,786.5330976122777,574.5450006535923,778.8093450112801,495.9444594787345,677.9462228100173,451.8736358142187,696.5740967300704,525.9307931061368,,,,
labeled-data,RAT 6 FR1 10-03-25,img19918.png,891.3812080709209,398.0120031042004,,,812.2855962749596,389.2947018625202,724.75,318.3125,,,,,566.044908381341,476.38969410201935,443.3687919290791,484.0625,,,,,,,739.4927604833207,605.7475973702905,,,941.66095439462,572.1175703886423,851.1875,510.625,690.6177604833207,498.3197078891287,717.9302921108713,573.3125,,,,
labeled-data,RAT 6 FR1 10-03-25,img20457.png,931.0036670097916,141.22033967563578,,,875.2692954352776,189.84241129358512,754.418640623577,284.23811253061024,651.8290333755912,402.1193146336482,603.9068027601957,462.15613285203705,515.9715156246025,491.8412934774284,433.0771048216228,485.680222404234,,,,,,,761.0918532504359,561.2956108254407,,,,,,,768.9332164345016,458.7977920622969,715.1638688866228,532.7306449406301,,,,
labeled-data,RAT 6 FR1 10-03-25,img20843.png,,,,,889.5229638329147,388.5445104391547,728.2328359885533,333.5695654555836,605.7318557689398,479.0564778020663,536.6844016372477,552.937253722977,415.1608823654693,578.4848117517031,417.23230598942007,522.5563739050324,,,,,,,771.445745685001,621.2942333133523,,,,,953.4530116246248,466.4425658216872,765.5210119106878,510.70118533999977,735.8358512852963,607.0379330299493,,,,
labeled-data,RAT 6 FR1 10-03-25,img21391.png,904.8686353395192,424.00969985507095,,,839.2735539144117,390.1764473305417,740.5356945060917,332.86706040123715,643.1787841804058,460.6048505448678,603.8217353253413,516.5332883915385,513.3695704128245,513.0809156849539,423.60788004162464,530.3427792178769,,,,,,,735.0118981755564,610.4378260106398,,,883.4639245586947,621.4854186717107,839.2735539144117,544.1522700442154,717.7500346426334,509.6285429783693,719.8214582665842,575.9140989447937,,,,
labeled-data,RAT 6 FR1 10-03-25,img21413.png,929.0352442856116,354.27177118206174,1143.7728266351744,435.7477670574586,855.154468364701,340.4622803557233,749.5118635432118,320.4385186575326,654.9168513827935,432.9858688921909,603.1312607840243,518.6047120154892,524.4171630738953,519.985661098123,428.4412018308431,523.4380338047076,,,,,,,754.3451853324302,613.1997241759076,,,885.5353481826456,612.5092496345906,884.1543991000117,508.9380684370524,741.9166435887257,532.4142028418277,728.7976273037041,584.8902679819138,,,,
labeled-data,RAT 6 FR1 10-03-25,img21600.png,880.6211240622572,415.874058000596,,,852.0561581774466,381.1480210425909,789.3252527049214,303.2944865722248,701.9500629396184,440.5183422933737,668.3442207221941,488.1266187680581,571.4473756619543,493.16749510067166,439.8244936437095,522.8526557260631,,,,,,,811.1690501462472,548.6171347594216,,,901.9048241332924,538.5353820941943,838.6138212904768,505.48963724706056,793.2459342969543,460.1217502535378,781.4838895208557,526.7733373180959,,,,
labeled-data,RAT 6 FR1 10-03-25,img21997.png,885.6620003948708,441.6385370339545,,,829.09216599554,402.9918184839167,716.5125945671687,317.8570181997753,609.5339968417018,469.6434055484747,566.4064993293407,568.2205427195858,439.8244936437095,593.9850217529442,,,,,,,,,783.7242790020174,589.504242790621,,,895.1836556898077,540.2156742050655,830.2123607361207,502.6891503956085,734.9958077867523,517.8117793934493,720.9933735294921,575.501808533361,,,,
labeled-data,RAT 6 FR1 10-03-25,img22029.png,888.7421875,465.1328125,,,839.6796875,417.296875,710.5921808646076,328.6299283950302,618.8984375,461.453125,568.6103809861005,554.1960368791599,491.3359375,577.9765625,373.5979472791482,602.6207461572237,,,,,,,769.6291722982066,589.3784909940223,,,,,,,737.875,505.609375,725.609375,575.5234375,,,,
labeled-data,RAT 6 FR1 10-03-25,img22800.png,891.9827553559239,409.75019844148267,,,842.9590629224224,403.5359275696304,783.5782523691671,317.91708444633207,,,,,636.5071750686627,505.035685143218,492.888470474743,502.2737869779503,,,,,,,737.3164581009333,622.4163571670947,,,885.7684844840716,647.2734406545039,836.7447920505701,554.7498521180364,731.792661770398,515.3928032629718,731.102187229081,582.3688337707133,,,,
labeled-data,RAT 6 FR1 10-03-25,img22842.png,896.8160771451423,400.0835548630458,,,845.7209610876901,401.4645039456796,704.864154659038,335.869422520572,588.8644317177951,484.3214489037103,535.6978920363922,563.7260211551563,522.5788757513706,520.2261250521902,486.67419960289067,487.083347068978,,,,,,,745.6021525967365,654.8686606089901,,,1014.8740956156612,540.7641195719655,904.2593730020078,505.4869918195032,734.0164920295067,526.1253828773924,,,,,,
labeled-data,RAT 6 FR1 10-03-25,img23103.png,914.3012077813006,408.2091265521002,,,829.2167325332795,378.8633590853796,716.8515625,312.453125,628.08984375,468.2890625,569.392578125,539.7734375,427.1964769041196,570.5819534146204,251.6478822852584,598.6963990687399,,,,,,,762.2357636612513,605.6724070964135,,,,,,,719.4830040770597,501.54377096453953,710.8079124458156,592.2842088976089,,,,
labeled-data,RAT 6 FR1 10-03-25,img23122.png,926.6800492795834,374.7513697678768,,,863.8468660197434,369.9180479786584,730.5852795455776,326.4181518756923,630.4664710546238,467.2749583043444,583.514202245073,534.9414633534027,427.23278060818416,563.1469818152576,244.2247092253744,588.6829917756497,,,,,,,763.4518297833638,611.67695788497,,,966.4513449305388,536.4152328814255,883.594399972508,491.5343876958255,745.4994917091237,525.3676402203547,717.1900355151298,591.6531961867793,,,,
labeled-data,RAT 6 FR1 10-03-25,img23163.png,918.2534511360752,425.3930547929377,,,865.4790305512649,399.0058445005325,749.7157853974877,315.5882119632517,640.7621428998149,451.7802650853428,599.0533266311745,528.388294966519,462.01007317707047,540.3050996147019,304.5380117546528,571.7995118991855,,,,,,,765.9722051461235,613.5443556377566,,,908.0263424319858,592.0291079960791,851.4565080326548,524.2573261909403,733.8360602716702,515.2957682662937,715.3528470520869,587.5483290337559,,,,
labeled-data,RAT 6 FR1 10-03-25,img23300.png,908.4427360789098,446.4075403090324,,,851.4123138340343,413.2107273605226,739.905070340322,333.19789615129423,625.8442258505711,464.28274728130674,585.8378102459568,532.3787738423523,442.8361544677612,533.2299741743655,290.47129503742184,568.1291877869012,,,,,,,763.7386796366883,616.6476067116461,,,,,,,760.3338783086358,517.057167866117,722.8810637000608,588.5579957552148,,,,
labeled-data,RAT 6 FR1 10-03-25,img24024.png,893.1945626190037,421.03268688347794,,,843.4803956441853,393.4137052308009,724.0282999963579,314.00913297935494,629.4332878359394,461.7706848211763,578.3381717784872,533.5800371181361,457.5051270480258,561.88949331213,294.55313529723213,602.6274912498285,353.5653872992739,547.7536219907139,,,,,799.4716503974447,584.36183513539,,,,,,,753.5436660336316,489.705379556312,743.4619133684043,571.4795956187108,,,,
labeled-data,RAT 6 FR1 10-03-25,img24261.png,916.4102999435202,405.4379029038623,,,875.5231919123207,400.3970265712487,744.4604072643663,347.1877763936604,607.2365515432173,462.5678346734835,513.8145545163659,587.5801239138324,436.3553243031766,579.9193209257147,430.39692197908505,513.5256950286954,,,,,,,780.2402584364564,674.4025577791654,,,,,928.3491162067304,497.3528887204471,760.6626508001557,556.0857116293488,728.3170381836592,650.5689484827994,,,,
labeled-data,RAT 6 FR1 10-03-25,img24600.png,868.4785999753938,418.122446919297,,,817.9488259394681,415.0080059271341,711.0526502376063,406.8819108273045,629.5391885172603,534.0626025694105,549.8113197763034,609.4629848142415,423.4544787153066,581.8440031615647,279.83577412138686,592.8915958226354,,,,,747.97751313426,658.486677247743,863.9772360755029,623.9629501818969,,,,,936.4770629137798,509.3441763232878,822.5487635964878,551.46312334362,802.5250018982971,626.0343738058477,,,,
labeled-data,RAT 6 FR1 10-03-25,img24617.png,884.9803130792408,393.3104555459613,,,813.4609375,378.044921875,710.2964921113576,340.3599394637487,631.791015625,500.7109375,554.154296875,604.744140625,370.9669985344868,577.5889680172435,202.0096026242454,612.6780078701811,,,,,,,854.6976242282009,641.3192911120999,,,991.4174508896608,526.9577556291599,887.6367830917206,500.7109375,804.14453125,527.107421875,801.3892994306015,638.5640592927014,,,,
labeled-data,RAT 6 FR1 10-03-25,img24623.png,921.1674316183849,420.4323022232166,,,859.8810077134436,383.8306879466546,748.3737642197317,306.3714577334654,630.9081184019283,525.1299430608241,567.9192938329611,604.2915739380394,424.0664377227525,597.4819712819349,218.0759573755899,608.5475755981049,,,,,,,814.3637281852754,588.8106253597246,,,,,,,810.2208809373739,492.83466411667246,769.8129235875064,587.7646005544443,,,,
labeled-data,RAT 6 FR1 10-03-25,img24859.png,673.4591146377352,171.6639072900182,,,657.2863083294869,241.46233451508988,631.7502983690949,336.7967717005535,622.3870947169512,458.5184191784224,604.5118877446768,544.4896527117423,448.74222698628506,587.0496693123957,257.2221522833445,616.8416809328533,,,,,,,812.6393750621189,588.1927635890796,,,842.1182635099581,165.9652110175715,779.2850802501182,184.60802363312845,762.7136912585122,491.8691945191588,753.7375222213923,580.2499358077248,,,,
labeled-data,RAT 6 FR1 10-03-25,img24973.png,937.8621168458806,393.5378202605008,,,859.484375,360.9453125,754.84375,311.453125,,,644.8075850166399,503.4496587749595,493.6254670122777,505.4403975166397,322.0162985310984,529.4932740687399,,,,,,,787.3671875,609.8203125,,,926.7826987583198,611.2067468957996,869.3828125,510.8359375,737.875,502.3515625,763.328125,570.2265625,,,,
labeled-data,RAT 6 FR1 10-03-25,img25100.png,,,,,,,799.9104443950054,349.75399590080025,637.013671875,513.255859375,536.90625,640.451171875,469.5296455709209,624.8838212333602,,,,,,,,,860.3111373916312,679.0296213434245,,,,,,,825.451171875,558.009765625,796.1930933267932,665.18359375,,,,
labeled-data,RAT 6 FR1 10-03-25,img25331.png,550.0063359359352,375.68969805405055,,,624.3960848891046,346.837320978226,742.1970507749407,346.94786374400064,754.9208386488269,433.23230879219807,708.9781292732761,547.7205993333102,609.387690427747,613.2630248983165,464.6836339855254,639.6502351907217,,,,,,,846.8725830593933,608.1558229062381,582.7241212273202,448.5870399203368,,,,,823.0389737630273,508.56538406070905,806.0149671227659,598.7926192540943,,,509.9114630895679,493.39482954356913
labeled-data,RAT 6 FR1 10-03-25,img25363.png,334.17575265802725,378.9415017103192,,,376.2946996783595,351.32252005764235,469.5087627561441,314.03689482652857,591.0322820279223,399.65573794982686,631.7702799656208,458.3460739617652,733.2700375392083,451.441328548596,827.8650496996266,497.7031228168298,,,530.9609969333501,457.6555994204483,492.2944226196025,558.4648824527189,478.1770526619264,519.4784475849544,432.2888754442348,467.2295329311472,312.7978793229192,576.7250845099954,,,,,,,532.6976592572036,527.656538574246,384.1290062850734,564.9122864143521
labeled-data,RAT 6 FR1 10-03-25,img25401.png,792.2113755831474,485.4200278663821,,,727.5566145009475,457.1105716723884,588.053502449481,380.0545235519315,437.1992858160262,403.7355343623324,,,,,,,,,,,,,402.95030796086894,553.1478358472857,,,688.154851975021,645.3435550400144,658.4644466983935,554.2009155861806,426.4650008159076,473.4153942521008,,,,,,
labeled-data,RAT 6 FR1 10-03-25,img25424.png,886.8281757890895,479.1205434006245,1045.439266242852,640.3181727918824,823.3045179879327,442.5253927108277,672.7810679808437,354.1446514222617,520.1861943498038,449.4301381239969,,,439.1113192578712,518.642490420479,458.51200344783535,492.2090582116528,,,,,,,561.4977846442821,625.1144227105292,,,834.8253013459992,643.0375385598221,791.1377064633476,569.6647830517793,581.6612899747366,524.2968960582566,545.2549609058605,595.4292620851378,,,,
labeled-data,RAT 6 FR1 10-03-25,img25473.png,862.8406333912183,400.2597978154255,,,784.3387474718643,382.3223984366894,659.1506437027264,311.1885819855425,560.4127842944065,523.1642661698376,527.2700063111943,565.9736877314867,440.2702141052621,530.0690115830067,486.532008373496,500.3786063063791,,,,,,,695.0553198512064,658.4972762679544,,,884.4833128725268,594.6011121438778,809.9718171923147,530.5393993944272,683.6657452465893,541.4435207134826,665.0378713265363,618.2267083351646,,,,
labeled-data,RAT 6 FR1 10-03-25,img25554.png,834.8193494517457,404.0789717234607,,,770.9793245507656,360.6677547907941,628.8288691045832,313.00053619806226,547.1136372313285,496.8598079128852,522.4288276029495,572.6166374620483,435.6063937376165,541.9734255095777,478.16641033827,501.11580957295047,,,,,771.206389935323,606.3270599362907,693.9129528352474,656.1757258921365,,,,,783.0315710486534,495.4042950892989,616.1963059740917,532.0059093658608,662.3728946107386,611.889232588253,723.1018406625121,598.2198351037416,,
labeled-data,RAT 6 FR1 10-03-25,img25645.png,908.53125,461.578125,1018.005002810162,667.0860543404357,825.859375,432.99609375,676.4140625,382.18359375,520.609375,490.16015625,447.4765625,601.3125,302.80078125,682.294921875,,,,,,,,,676.4140625,685.0026020618491,,,898.0828293946201,712.2491434351621,841.7578125,599.724609375,648.2505320964134,567.305933267933,634.619698774296,660.064453125,,,,
labeled-data,RAT 6 FR1 10-03-25,img25727.png,897.382515407418,470.4283660114304,,,820.7744855262418,448.2971573790906,683.7312320721377,375.94512915797975,544.9855779540075,495.11317563980936,482.84795371705343,551.2923975526719,356.0191042471061,597.2572154813777,238.55345842930265,707.0620583110635,,,,,,,676.0704290840201,681.5260483506714,,,890.7493496918174,712.74615923594,838.2732845517312,613.3178252863031,649.7737347722116,602.9607071665494,638.0356675698238,665.7938904263892,,,923.6320633822191,656.6114526842191
labeled-data,RAT 6 FR1 10-03-25,img25736.png,941.318939776966,352.8907588845956,,,884.7000273889785,370.8430969588356,705.8671211878955,334.2479462690387,569.8436365484619,473.03332907374016,493.3556397003714,552.1785039041596,364.824389566398,589.6313185127347,225.22753511625467,696.8825603463813,,,,,,,740.2037359841613,672.1977507180023,,,902.0238926843618,713.6817679686384,882.9805820944881,560.7751858793583,705.9898130827206,594.941125467073,688.0666972334277,656.5518361990173,,,,
labeled-data,RAT 6 FR1 10-03-25,img26001.png,,,,,,,834.7367685854776,311.5350850501921,693.6765997872141,494.6952019437629,567.9922216124351,642.71908592011,407.5431985268536,649.5647362533382,236.50091468085523,679.9955720296201,,,,,,,850.3001803227783,682.1923552443102,,,,,1018.7759684041072,380.45498068881534,856.5144511946306,584.1449703773073,801.2764878892768,676.6685589137749,,,,
labeled-data,RAT 6 FR1 10-03-25,img26076.png,925.09105709915,315.3067359780324,,,890.3650201411451,336.5904360490677,778.852443654697,321.78176119193785,664.8293568837968,523.1654266156672,577.0569234225097,642.2567155591933,393.708873744781,645.6215767259248,185.439279787836,703.8335750368722,,,,,,,849.3627065351241,681.5572745853273,,,1068.360778318672,424.47258162203207,999.4688017729522,435.6745290278401,869.5262118655787,574.5786768598601,793.3529695060836,678.1966903635848,,,966.4885322464296,536.8145039637899
labeled-data,RAT 6 FR1 10-03-25,img26315.png,,,,,,,883.5639586409659,343.6307682099397,702.8617839503019,546.6985612652113,577.7734375,631.3046875,388.7890625,632.90625,194.5579915124245,697.7425521602413,,,,,,,853.1884526832364,681.3960574261444,,,,,,,881.0760807099397,602.7532487652101,,,,,,
labeled-data,RAT 6 FR1 10-03-25,img26550.png,,,,,,,828.9010461889986,349.5687948300633,705.0790247544721,552.0912536170432,603.2931257786328,625.5449951459997,435.3988594267324,642.33442178119,245.4684706161453,685.3573275338649,,,,,,,850.6873711704561,675.0320533358683,,,,,,,891.4253691081547,573.532295762281,807.1874750674899,681.9367987490377,,,,
labeled-data,RAT 6 FR1 10-03-25,img26578.png,,,,,,,834.3306846615316,346.0153832552831,708.3530355235973,529.023454638093,601.9529940219637,626.9114928195959,435.11772894740216,643.0842991278442,227.42484793621333,688.1979167245369,,,,,,,846.9026060066691,678.3556364526453,,,,,,,900.671953554548,581.4587913924054,799.8544269022752,683.3965127852589,,,,
labeled-data,RAT 6 FR1 10-03-25,img26702.png,907.7719109063006,346.8614703021002,,,,,786.4593330709209,330.2830609478998,668.5606890521002,549.77843031874,576.3113168868708,628.5247990684354,396.9646644483996,632.0667648532009,219.0521068193985,693.8426389612998,,,,,,,838.7893285482066,673.9672381838602,,,,,,,853.05859375,582.984375,789.5015118161397,677.2130982529889,,,,
labeled-data,RAT 6 FR1 10-03-25,img26717.png,952.1491582299838,411.4278877885157,,,897.5835216656162,403.0331744709207,768.5148044075929,336.92480709485994,636.2980696554716,533.1512308936434,555.4989539736196,634.9371298694829,391.8020442805169,630.7397732106856,213.41438628162285,697.8974797514454,,,,,,,849.3938692724676,679.995481785712,,,946.336776934688,621.9526621158382,924.1698910994036,550.3975394892439,844.075967147876,577.8423106334737,783.5854511565126,671.3785714719711,,,,
labeled-data,RAT 6 FR1 10-03-25,img26910.png,953.8353290773864,432.2344267973715,,,894.2513058364717,422.02002281321467,752.952050722302,347.9655939280776,619.3135985962504,529.2712646468613,549.5151713711787,633.1177051524558,403.1087142649309,602.4744931999853,216.69584155406875,661.207316108887,,,,,,,848.2864879077661,681.6361240772006,,,988.1928424770882,667.187806306087,911.459502747303,573.0914480972992,825.2045077225807,596.0554402792059,784.3173996913813,675.0291694901526,,,,
labeled-data,RAT 6 FR1 10-03-25,img27070.png,976.7953874503884,424.2550071766455,,,927.5848326081292,421.7547900325515,792.5233526248454,349.7620569280218,638.5318162174634,573.6817099511153,560.2824501742573,650.0358605063122,392.5959847676828,614.2854465617631,201.0759100647423,669.6134681426128,,,,,,,850.4249031868549,681.94687097898,,,1030.9944651697383,596.9097412638882,965.569737255406,554.6562711525485,846.5330795223845,598.7270948170642,792.4668113154014,678.6906511568039,,,,
labeled-data,RAT 6 FR1 10-03-25,img27167.png,935.6803148660496,411.31887282952175,,,901.4052530074132,416.110010508686,760.2509659981904,349.7711811048737,646.2519327242284,538.7171679650513,553.4710965348038,657.0340141148679,380.6774291361508,613.6227971822013,209.586162401524,665.5460174349987,,,,,,,847.6731843040149,679.9684974073339,,,,,955.6614594039312,527.9758064755488,837.3446132541146,579.0478263963329,795.6357969854744,680.340665905888,,,,
labeled-data,RAT 6 FR1 10-03-25,img27247.png,924.108395265516,342.1573483703189,,,880.6971783328495,358.3301546785672,760.6779315190067,323.4309410660313,646.6170870292555,554.9574313735861,573.4138584761315,647.7382675630106,418.495398049753,611.1366532864488,220.165720690708,657.9526715471675,,,,,,,854.3099680404441,681.7862808435333,,,1046.3572358943984,513.1208397037431,946.9733133748008,488.4074366298897,832.9428757358438,581.9639234497014,792.372994837661,677.1449142823748,,,,
labeled-data,RAT 6 FR1 10-03-25,img27336.png,934.4872868385042,318.283065408422,,,866.5386366081261,342.27512634758097,733.3902223510946,328.7001381416818,634.0206767937249,548.6696923792879,576.9902545488492,647.4089308928039,399.05919388657605,610.6871619795314,203.28311752357016,668.5687845564203,,,,,,,847.6417688574634,683.8903905326554,,,1032.3522409042994,529.82313043829,914.0353947544828,496.6263174897804,816.9985569049929,569.8295460429042,787.2065452845355,677.0807878765509,,,,
labeled-data,RAT 6 FR1 10-03-25,img27437.png,,,,,,,742.6111283701296,352.4044384196469,631.002278532588,538.0792652106597,559.0848563050331,652.395978248172,354.7967766218964,613.2407629755706,198.1759155314917,670.2711852204463,,,,,,,847.6417688574634,680.4855892046032,,,1088.8496966659595,439.2310652836709,976.8302226078788,478.9979785742896,827.9263100443466,557.8869921170996,786.2174937757064,674.50143760289,,,997.3199614102988,630.2675304681101
labeled-data,RAT 6 FR1 10-03-25,img28076.png,,,,,,,692.2648803714142,353.29184864536865,700.9238007379555,606.8666907654432,,,,,,,,,,,,,,,,,,,,,,,,,,,,
labeled-data,RAT 6 FR1 10-03-25,img28164.png,884.9930281365679,430.21818130186745,,,822.1598448767281,395.6944542360213,658.5173785846175,333.5158776819946,531.4700629823038,484.7656700659043,458.9702361440269,622.1701037879717,364.2606719637059,695.3733295941274,,,,,,,,,,,,,,,,,659.5831806567552,487.9622334178872,,,,,,
labeled-data,RAT 6 FR1 10-03-25,img28352.png,,,,,,,444.9795831996563,314.8079883776228,534.4842456935696,416.5797873554735,,,604.9066958791359,486.5478991527458,714.8565858462781,490.1826062590976,,,,,,,,,,,,,,,,,,,,,,
labeled-data,RAT 8 FR1 10-02-25,img00002.png,564.0055573129918,426.0611965325616,528.4802227941982,572.2616116675965,673.3142789092796,333.8319626856937,822.9305915941983,362.5255021047193,885.783106512064,475.933300760868,876.9017728823655,628.2823314856942,828.3960276740129,709.5806931729331,,,,,682.1956125389778,501.8941221399863,671.2647403793493,602.3215101065757,,,641.8880214503467,527.1717640091279,,,,,,,,,738.2163323570754,609.1533052063437,611.1449435013909,590.0242789269932
labeled-data,RAT 8 FR1 10-02-25,img00242.png,898.622472974385,392.65466920599766,995.0781064713002,480.944508888003,790.8616676766578,337.67466650307574,668.8060616761709,360.7662676383029,591.8340578920801,465.2282727738548,521.4596544323399,581.7858785040494,409.3004489183791,575.1882781796987,437.8900503238984,518.0090753686598,523.8897494273267,488.0507829326082,,,,,804.8605490709471,662.8770582664164,,,946.6839050815364,546.9208552388906,913.6809857583175,523.7296146333854,788.8050748055973,541.569030483774,725.4751485367178,638.7938468683918,,,,
labeled-data,RAT 8 FR1 10-02-25,img00663.png,989.6263920285372,478.6660188007752,1031.300342137122,609.8364847163205,896.7139786716928,383.02088740402326,734.1172552972146,348.1787323952065,633.6898673306252,441.0911457520512,564.6887368229686,569.5288936276893,449.2313996368896,595.4897150068077,357.6853452999986,634.4309470754853,,,,,,,747.7808454967505,697.9666415033275,,,973.230083789094,695.2339234634203,932.2393131904862,626.9159724657404,749.830384026681,547.6671493084318,704.0573568582355,634.4309470754853,,,,
labeled-data,RAT 8 FR1 10-02-25,img01163.png,,,,,,,815.5641985811803,359.60698880981033,663.0371930603578,507.6741403680357,611.3028870942308,712.8274226475046,,,,,,,,,,,831.6196728465299,714.6113642325432,,,1020.717480860649,639.6858176609112,1010.9058021429352,560.3004171266821,906.545219418162,572.788008221954,,,,,,
labeled-data,RAT 8 FR1 10-02-25,img01639.png,,,,,918.1408397209144,305.1967704661252,789.6970455981168,402.421586850743,700.4999663461738,545.1369136538517,636.2780692847749,709.2595394774268,,,,,,,,,,,878.8941248500597,715.5033350250626,,,,,,,942.2240511189392,597.763190412498,,,,,,
labeled-data,RAT 8 FR1 10-02-25,img02068.png,,,,,787.0211332205583,380.1223170377573,820.0240525437773,461.2916591570254,768.2897465776502,593.3033364499009,630.0342737371388,712.8274226475046,,,,,,,,,,,,,,,1060.8561665240234,454.15589281686994,970.7671164795609,455.9398344019088,,,,,,,,
labeled-data,RAT 8 FR1 10-02-25,img02109.png,936.3383902503472,358.42642504485855,1165.8867056025515,375.5059127942785,811.3165399245929,311.2870388564594,658.28432968979,372.7731947543713,594.0654557519708,499.8445836100559,556.4905827032469,636.4804856054157,419.85468070788727,684.3030513037913,298.9319074419939,715.7293087627243,,,,,,,839.3268998336416,713.679770232794,,,978.6955198689086,581.142945297295,896.7139786716928,547.6671493084318,777.8407439357297,560.647559997991,747.0976659867739,670.6394611042556,,,,
labeled-data,RAT 8 FR1 10-02-25,img02208.png,937.021569760324,348.8619119051833,,,821.5642325742451,326.3169880759489,727.2854601974466,439.0416072221208,690.3937666586994,570.2120731376662,605.6795074215765,687.0357693436987,458.7959127765648,698.6498210133042,364.51714039976656,711.6302317028635,,,,,,,954.101057509744,715.0461292527475,,,,,,,927.4570566206488,573.6279706875501,851.6241310132239,700.699359543235,,,,
labeled-data,RAT 8 FR1 10-02-25,img02329.png,986.89367398863,424.6948375126081,1104.4005497046396,573.6279706875503,891.2485425918783,340.6637577854617,753.9294610865419,415.1303243729328,680.1460740090475,577.0438682374341,637.7889443904861,707.5311546430027,,,,,,,,,,,945.9029033900222,704.7984366030955,,,1044.2807528266812,687.7189488536753,981.4282379088158,625.5496134457869,924.7243385807416,568.8457141177125,860.5054646429223,700.016180033258,,,,
labeled-data,RAT 8 FR1 10-02-25,img02384.png,949.3188009399062,268.24672972792104,1178.8671162921105,313.33657738638976,777.8407439357297,277.12806335761945,642.5712009603237,359.1096045548353,581.0850450624117,515.5577123395223,525.747504754291,654.2431528648125,376.1311920693721,652.1936143348819,275.7038041027827,710.2638726829098,,,,,,,,,,,1137.1931661835258,444.50704330193525,1014.9040338976788,453.3883769316336,798.3361292350335,592.0738174569237,,,,,,
labeled-data,RAT 8 FR1 10-02-25,img02563.png,945.2197238800452,406.24899074323446,,,835.9110022837576,364.5750406346497,726.6022806874698,477.2996597808215,676.0469969491867,620.7673568759493,553.7578646633398,708.2143341529793,417.8051421779569,666.5403840443946,310.5459591115995,712.3134112128403,,,,,,,,,,,,,,,923.357979560788,570.212073137666,,,,,,
labeled-data,RAT 8 FR1 10-02-25,img02810.png,,,,,886.0298911902152,339.9836313743829,753.1262431048203,412.2332655684568,679.0926673257075,559.4084463341626,632.7101861146971,711.935451854985,425.7729622501895,712.8274226475046,297.3291681273916,713.7193934400239,,,,,878.0021540575403,709.2595394774268,,,,,,,,,922.6006936835116,598.6551612050175,,,,,,
labeled-data,RAT 8 FR1 10-02-25,img03370.png,970.7671164795609,468.4274254971808,1053.720400183868,632.5500513207558,885.1379203976958,360.4989596023298,718.3393821965624,348.0113685070578,623.7904781895029,452.371951231831,525.6736910123656,595.0872780349398,392.7700429269706,630.766109735717,283.0576354470807,711.935451854985,,,,,,,738.8547104245092,709.2595394774268,,,952.9277006291724,691.420123627038,902.9773362480844,604.8989567526536,779.8853668804029,573.6799790144735,711.2036158564069,659.3091750963388,,,,
labeled-data,RAT 8 FR1 10-02-25,img03671.png,987.5768534986072,103.6004678235126,1189.1148089417625,2.489900346946428,831.8119252238969,220.4241640295452,714.3050495078876,348.1787323952065,631.6403288006949,497.11186557014855,557.1737622132238,618.7178183460187,395.9433978586993,616.6682798160883,262.04021390324675,712.9965907228168,,,,,842.7427973835257,656.9758709047196,,,,,1173.4016802122962,197.87924020031087,1032.6667011570755,253.89996001840825,810.6333604146162,574.9943297075037,721.1368446076558,703.4320775831418,,,1151.5399358930383,435.6257096722368
labeled-data,RAT 8 FR1 10-02-25,img03709.png,943.853364860092,312.653397876413,1088.6874209751732,414.44714486295607,770.325769325985,276.44488384764264,665.116124789558,370.040476714464,613.877661541298,501.2109426300094,548.9756080935022,645.3618192351139,377.4975510893258,641.262742175253,249.7429827236644,714.3629497427705,,,,,840.6932588535954,657.6590504146963,736.8499733371219,712.3134112128403,885.783106512064,533.320379598919,1080.4892668554517,442.4575047720048,956.1505960396744,453.3883769316336,807.9006423747089,590.0242789269932,720.4536650976788,699.333000523281,,,1021.0526494874704,523.7558664592439
labeled-data,RAT 8 FR1 10-02-25,img04370.png,950.68515995986,431.5266326123759,1040.1816757668205,551.7662263682926,826.3464891440826,352.2778094550673,671.2647403793492,400.78355466342,612.5113025213445,512.1418147896381,549.658787603479,616.6682798160883,400.7256544285369,605.0542281464827,311.2291386215763,708.8975136629562,,,,,,,846.8418744433867,709.580693172933,,,,,,,836.5941817937346,546.983969798455,788.7716160953587,677.4712562040235,,,,
labeled-data,RAT 8 FR1 10-02-25,img04834.png,1001.240443698143,491.64642949033424,1182.2830138419945,485.4978139005431,879.6344909222728,413.0807858430024,714.9882290178643,391.21904152374486,619.3430976211125,506.6763787098238,555.8074031932701,644.678639725137,338.5563190206482,714.3629497427705,,,,,,,,,,,,,,,996.4581871283054,683.6198717938147,784.6725390354978,604.3710486365061,749.1472045167043,708.8975136629562,,,,
labeled-data,RAT 8 FR1 10-02-25,img05229.png,971.180545259164,284.64303796736425,1094.8360365649644,417.1798629028632,807.9006423747089,277.81124286759626,696.5423822484909,376.872271814232,694.4928437185604,550.3998673483388,673.3142789092797,714.3629497427706,,,,,,,,,,,999.8740846781894,713.6797702327938,,,1068.1920356758692,450.6556588917263,982.7945969287696,450.6556588917263,932.9224927004632,567.4793550977589,912.4271074011592,712.3134112128403,,,,
labeled-data,RAT 8 FR1 10-02-25,img05345.png,977.9028828197164,477.3471334223751,1109.914560112592,712.8274226475046,864.6225921697488,388.1500541704321,718.3393821965624,350.6872808846161,611.3028870942308,441.6683017215979,514.078070709613,582.5996869396678,408.82551719232026,655.741291926261,311.6007008077025,716.3953058175822,,,,,,,729.0430317067955,712.8274226475046,,,926.1685768535896,712.8274226475046,850.351059489438,645.9296132085473,715.6634698190041,575.4639205995123,671.956900985552,672.6887369841302,,,,
labeled-data,RAT 8 FR1 10-02-25,img05371.png,965.7151091793496,283.95985845738744,1191.164347471693,411.0312473130721,803.1183858048714,283.27667894741063,636.4225853705325,342.0301168054153,576.985968002551,468.41832615112304,535.3120178939662,593.4401764768772,418.4883216879337,639.2132036453227,321.47683127122826,713.6797702327935,,,764.8603332461707,555.1821239181766,773.0584873658922,626.2327929557636,723.186383137586,716.412488272701,,,1004.6563412480272,534.0035591088958,902.1794147515072,472.51740321098384,691.0769461686764,565.4298165678284,674.6806379292332,667.2235635543714,712.2555109779571,622.8168954058796,,
labeled-data,RAT 8 FR1 10-02-25,img05394.png,878.2681319023193,158.2548286216565,1191.84752698167,148.0071359720045,745.7313069668203,226.5727796193364,616.6103795812053,330.41606513580973,568.7878138828294,476.6164802708446,535.995197403943,609.1533052063435,409.6069880582353,648.094537275021,326.94226735104263,710.9470521928865,,,766.909871776101,535.3699181288493,787.405257075405,627.5991519757172,719.770485587702,719.1452063126083,,,980.0618788888625,301.03934620680747,875.535413862412,310.6038593464826,684.2451510689084,573.62797068755,674.6806379292332,678.8376152239771,,,,
labeled-data,RAT 8 FR1 10-02-25,img05465.png,1000.202152632702,505.8901987829968,1177.8370699678835,491.05099534864354,882.4620080201373,459.50771757198646,754.0182138973396,394.39384971806817,622.0065366044639,460.399688364506,527.4576325974044,610.2507815077702,440.0444949305004,660.201145888858,338.35982458328533,711.935451854985,,,,,,,689.7963168359406,711.935451854985,,,,,1009.1218605578964,711.0434810624656,714.7714990264847,594.1953072424203,679.0926673257075,683.3923864943632,,,,
labeled-data,RAT 8 FR1 10-02-25,img05503.png,286.6346762624115,470.46786468105336,201.23723751531173,603.0046896165522,460.1622717965184,393.2685800536752,637.1057648805092,373.456374264348,755.9789996164723,465.0024286012391,825.6633096341058,532.6372000889421,740.2658708870059,427.4275555525151,,,,,628.9076107607877,581.8261248072716,598.8477123218086,708.2143341529793,,,391.16114128886176,636.4804856054154,,,,,,,,,664.4329452795812,661.0749479645802,,
labeled-data,RAT 8 FR1 10-02-25,img05648.png,582.4514040823653,174.6511368610996,515.4998121046391,49.62928653534542,527.1138637742447,279.1776018875498,466.3108873863096,390.535862013768,420.537860217864,503.2604811599397,391.16114128886176,631.0150495256011,474.5090415060312,717.0956677826778,,,,,330.3581649009267,450.6556588917263,303.7141640118315,594.8065354968307,542.1438129937342,569.5288936276893,,,,,,,550.3419671134558,459.5369925214246,484.7567341556832,581.1429452972948,344.7049346104394,599.5887920666684,,
labeled-data,RAT 8 FR1 10-02-25,img05796.png,857.7727466030153,346.81237337525295,932.9224927004632,422.6452989826776,751.1967430466345,311.9702183664362,650.7693550800452,346.81237337525283,590.649558202087,434.2593506522831,557.1737622132238,551.7662263682925,482.7071956257528,618.7178183460187,460.1622717965184,710.9470521928865,,,,,,,753.246281576565,551.7662263682926,,,,,,,760.078076676333,465.0024286012391,679.4628944990708,545.6176107785013,,,,
labeled-data,RAT 8 FR1 10-02-25,img05900.png,909.6184735149692,304.6866648813225,1047.0684802722744,437.7382714223937,782.0648672441903,256.3042625027512,653.4116609193527,301.3878647191472,594.0332580001971,421.2442706115171,572.0412569190282,543.299876612004,518.1608542701646,603.7778795852181,475.2764521618855,689.5466838017766,,,,,,,817.2520689740604,566.3914777472312,,,892.0248726500345,489.4194739631404,821.650469190294,425.64267082775086,738.0808650818526,458.630672449504,732.5828648115605,559.7938774228807,,,,
labeled-data,RAT 8 FR1 10-02-25,img06178.png,1034.9728796776317,393.7542692600562,,,895.3236728122095,310.18466515161475,801.8576682172421,433.33987120616,741.379665244028,593.8814790986922,674.3040619464632,714.8374850451206,,,404.9020487021453,715.9370850991791,504.9656536214634,643.3634815313219,,,,,,,,,,,,,988.7896774071772,585.0846786662247,,,,,,
labeled-data,RAT 8 FR1 10-02-25,img06262.png,,,,,865.6344713526314,347.57106698960143,799.658468109125,477.32387336849735,730.3836647034432,635.6662811529127,,,397.2048483237361,711.5386848829453,456.58325124289183,640.0646813691467,492.8700530268203,690.646283855835,,,,,,,,,,,,,990.9888775152932,610.3754799095686,,,,,,
labeled-data,RAT 8 FR1 10-02-25,img06521.png,817.4651555143842,385.0704259339536,971.180545259164,600.2719715766452,725.2359216675163,323.58427003604174,583.817763102319,341.34693729543847,516.8661711245927,436.30888918221353,461.528630816472,550.3998673483388,341.2890370605554,553.8157648982228,214.90082771484768,605.7374076564595,124.72113239791022,688.4021283636522,,,684.2451510689084,641.9459216852299,575.6196089825974,687.7189488536753,844.7923359134559,581.1429452972949,804.4847448248249,682.9366922838378,729.334998727377,572.2616116675964,596.7981737918781,555.1821239181764,566.738275352899,632.3814085455547,639.8384829204165,611.8860232462507,911.7439278911824,647.411355158921
labeled-data,RAT 8 FR1 10-02-25,img06571.png,995.091828108352,518.2904277733061,1020.3694699774936,652.1936117287587,898.7635172016232,415.8135012767863,760.078076676333,354.3273453788744,625.4917132109038,439.0416046159975,503.2025809250569,578.4102246512645,393.2106798187922,555.1821213120534,276.3869836127596,588.6579173009166,164.34554397656458,643.3122780990604,,,,,727.2854601974468,708.8975110568331,,,1006.0227002679808,709.5806905668097,932.2393131904864,653.5599707487122,764.8603332461707,593.440173870754,676.7301764591637,667.2235609482482,,,,
labeled-data,RAT 8 FR1 10-02-25,img06860.png,168.48803707958058,486.12067380096505,40.93443080880157,657.6582822340819,301.5396436206517,399.25226953034826,424.694849675197,338.774266557134,523.6588545404566,388.2562689897637,,,,,,,,,519.2604543242228,477.3238733684975,547.8500557297423,622.4710805042114,432.3920500536061,611.4750799636272,330.12924502617125,635.6662811529127,,,,,,,475.2764521618852,578.4870783418739,536.8540551891579,586.1842787202829,,
labeled-data,RAT 8 FR1 10-02-25,img07628.png,989.6263920285376,426.0611939264382,1057.261163516241,570.2120705315427,876.9017728823657,355.01052488885114,698.5919207784211,360.4759609686656,622.0758156610198,477.2996571746983,577.6691475125278,592.7569943607773,445.1323225770289,583.1924812211022,305.763702541762,618.034636229919,162.2960054466342,689.7684847774829,,,863.9213621928067,643.9954576090372,712.2555109779573,716.4124856665778,,,1009.4385978178648,605.7374050503365,955.4674165296976,555.1821213120533,756.6621791264494,585.9251992610093,674.6806379292333,673.3721765380396,781.256641485614,635.114123979339,,
labeled-data,RAT 8 FR1 10-02-25,img07813.png,1021.7358289974472,88.57051599789955,1176.1343982522037,3.1730772507996368,914.47664593109,185.58200641460508,813.3660784545234,286.6925738911713,714.9882290178645,475.2501186447679,622.0758156610198,702.7488954670421,,,,,,,,,,,944.5365443700688,716.4124856665778,,,,,1152.9062949129925,241.6027262327025,935.6552107403706,584.5588402410556,842.7427973835258,712.9965881166938,,,,
labeled-data,RAT 8 FR1 10-02-25,img07982.png,,,,,,,,,1034.0330601770293,456.12109497154063,,,857.7727466030153,367.3077586745568,773.0584873658923,476.6164802708446,690.3937666586996,619.4009978559955,615.2440205612518,714.3629497427706,266.82247047308454,712.996590722817,149.31559475707508,713.6797702327938,,,1062.0434200860782,671.3226406142322,1038.815316746867,626.9159724657402,,,,,,,,
labeled-data,RAT 8 FR1 10-02-25,img08216.png,945.9029033900224,448.60612036179583,969.1310067292336,551.0830468583156,817.4651555143843,357.0600660249048,745.7313069668203,464.31924909126224,740.2658708870059,628.2823314856938,691.0769461686764,709.580693172933,,,,,,,,,,,,,,,1023.7853675273772,564.0634575478748,965.0319296693727,585.2420223571555,935.6552107403704,525.8054049891741,881.0008499422265,706.8479751330258,,,,
labeled-data,RAT 8 FR1 10-02-25,img08728.png,950.68515995986,439.7247867320974,1182.9661933519717,404.1994522133039,868.7036187626442,385.0704259339535,733.4340757872379,381.6545283840695,671.9479198893262,466.3687876211926,622.7589951709966,557.2316624481068,514.1334530846856,553.8157648982228,423.9537577677482,590.0242789269932,385.0125256990706,697.9666415033275,,,,,800.3856677649643,681.5703332638842,,,,,938.3879287802775,661.758127474557,739.582691377029,544.9344312685245,781.2566414856138,637.1636651153924,,,,
labeled-data,RAT 8 FR1 10-02-25,img09372.png,878.9513114122963,408.9817087831415,1100.3014726447789,495.0623270402182,776.4743849157763,369.3572972044872,632.3235083106717,357.7432455348816,553.7578646633399,445.19022281191184,513.4502735747087,583.875663337202,388.4284232489546,608.4701256963667,271.60472704292204,684.3030513037913,,,,,,,650.0861755700685,693.1843849334898,881.6840294522033,602.3215101065755,771.0089488359619,715.0461292527475,760.7612561863099,635.1141265854618,626.1748927208806,581.8261248072715,,,,,,
labeled-data,RAT 8 FR1 10-02-25,img09610.png,538.0447359338735,152.78939254184195,577.6691475125278,7.955336426760624,542.8269925037112,283.2766789474106,546.2428900535951,402.1499136833735,566.0550958429224,508.0427377297773,548.9756080935024,604.371048636506,425.32011678770175,603.0046896165524,303.03098450185473,644.678639725137,252.47570076357164,715.7293087627243,744.3649479468669,498.47822459010206,797.6529497250572,611.2028437362738,777.1575644257532,691.8180259135361,,,708.1564339180965,113.84816047316436,725.2359216675164,185.5820090207282,719.7704855877021,550.3998673483388,708.1564339180965,644.678639725137,,,,
labeled-data,RAT 8 FR1 10-02-25,img09723.png,898.0803376916466,141.8585203822131,893.9812606317857,57.14426114509002,848.8914129733171,242.2859083488025,827.0296686540596,341.34693729543835,830.4455662039436,441.0911457520509,855.0400285631082,545.6176107785011,850.2577719932707,666.5403840443945,702.6909978382821,717.7788472926545,469.72678493619367,645.3618192351139,760.0780766763334,417.86304241283983,808.5838218846859,545.6176107785011,,,,,,,,,935.6552107403706,402.83309319335024,,,,,,
labeled-data,RAT 8 FR1 10-02-25,img09727.png,898.0803376916466,137.75944332235224,911.060748381206,53.04518408522922,854.3568490531313,237.5036517789649,828.3960276740131,335.881501215624,829.0792071839899,434.2593506522829,853.6736695431547,549.716687838362,843.4259768935026,668.5899225743251,664.4329452795813,718.4620268026312,465.62770787633286,637.1636651153922,762.8107947162404,423.3284784926542,805.8511038447788,549.716687838362,924.7243385807416,510.09227625970766,,,,,,,931.5561336805096,391.21904152374464,899.4466967116001,523.7558664592436,,,,
labeled-data,RAT 8 FR1 10-02-25,img09856.png,,,,,807.5364614485053,306.980712051164,813.7802569961414,387.2580833779127,865.5145629622682,495.18654927276367,993.958357085066,609.3588107152507,1002.8780650102605,710.1515102699461,,,,,739.7466812170287,544.2449428613322,769.1817173701698,653.0653795487026,,,711.2036158564069,453.2639220243505,,,,,,,,,828.9437604689717,652.1734087561833,,
labeled-data,RAT 8 FR1 10-02-25,img09903.png,,,,,784.672539035498,329.73288562583275,833.8614637538276,400.7835546634199,888.5158245519715,514.8745328295452,986.8936739886304,621.4505363859258,1000.5572641881664,708.2143341529792,,,,,711.5723314679805,518.2904303794293,770.3257693259852,654.926332374789,,,,,,,,,,,,,819.5146940443148,646.0449987450907,,
labeled-data,RAT 8 FR1 10-02-25,img10010.png,627.5412517408341,396.6844776035591,570.1541729027831,559.2812009780372,704.0573568582356,342.713296315392,835.9110022837579,353.6441684750207,873.4858753324818,448.6061203617958,872.1195163125282,583.8756633372019,796.9697702150803,711.6302317028632,,,,,714.9882290178645,480.0323778207285,739.5826913770293,585.2420223571555,,,676.0469969491869,525.805404989174,,,,,,,,,771.6921283459388,595.4897150068075,633.6898673306252,573.6279706875499
labeled-data,RAT 8 FR1 10-02-25,img10082.png,776.4743849157763,139.1258023423059,680.8292535190245,7.272156916783727,842.7427973835258,239.55319030889527,890.5653630819018,370.0404767144639,885.0999270020875,475.9333007608677,904.2289532814376,607.7869461863899,941.8038263301617,715.0461292527472,881.0008499422266,687.0357693436983,870.0699777825978,719.145206312608,715.6714085278413,485.49781390054295,666.4824838095117,586.6083813771091,,,712.2555109779573,245.70180589868653,637.7889443904861,222.47370255947536,,,,,,,752.5631020665884,578.4102272573875,645.9870985102077,189.68108608058904
labeled-data,RAT 8 FR1 10-02-25,img10359.png,873.5422983936438,443.4522433066368,,,775.4255112165066,390.8259665479905,589.0036155799457,335.5237774117858,473.9393833449393,431.8566230038842,430.2328145114873,547.8128260314099,263.43427631035405,574.5719498069928,283.05763374578146,537.1091765211768,402.581719943385,509.45808195307455,,,,,597.0313527126207,670.9047953990913,,,787.0211315192591,637.009905283353,786.1291607267397,568.328154259357,590.7875571649846,545.1369136538517,561.3525210118435,624.522314188081,,,,
labeled-data,RAT 8 FR1 10-02-25,img10734.png,719.2313512877824,435.424506173962,,,833.4036127302695,334.63180661926646,973.44302715582,378.33837545271854,1040.340836594777,504.9982279904775,996.6342677613252,706.5836270998685,,,,,,,814.6722260873614,570.1120958443958,787.0211315192591,684.2843572868828,,,742.4225918932876,582.5996869396678,,,,,,,,,869.0824444310466,699.4478607597131,695.1481398897579,640.5777884534307
labeled-data,RAT 8 FR1 10-02-25,img10793.png,642.5712009603237,432.8929916323294,593.3822762419942,617.351459326065,764.1771537361939,358.4264250448583,921.308441030858,363.20868161469593,1020.3694699774936,545.6176107785011,663.0665862596277,714.3629497427703,557.8569417232006,695.9171029733967,456.7463742466345,639.2132036453227,,,792.8706931552194,447.23976134184215,758.7117176563795,562.0139190179443,,,737.5331528470988,584.5588428471787,,,,,,,,,811.3165399245929,613.935561776181,723.186383137586,644.6786397251369
labeled-data,RAT 8 FR1 10-02-25,img11642.png,921.9916205408344,422.6452989826774,,,807.2174628647323,356.37688651492795,665.1161247895582,394.63493907362863,592.6990967320174,519.6567893993828,497.7371448452424,646.7281782550674,374.7648330494186,620.0841773659722,307.1300615617155,713.6797702327935,,,,,,,792.8706931552194,697.2834619933503,,,967.0814681993032,603.687869126529,884.4167474921105,570.8952526476427,823.6137711041754,540.1521746986867,715.6714085278413,672.0058201242088,,,973.9132632990712,528.5381230290811
labeled-data,RAT 8 FR1 10-02-25,img11949.png,973.9132632990712,463.6360695812853,1044.9639323366582,691.8180259135361,861.1886441528993,357.0600660249047,695.859202738514,334.5151421956704,589.9663786921103,450.65565889172615,520.9652481844536,602.3215101065755,421.90421923781776,596.1728945167843,347.43765265034665,640.5795626652762,307.1300615617155,712.31341121284,,,,,786.7220775654282,708.2143341529793,,,936.3383902503472,697.9666415033273,870.7531572925745,615.9851003061115,755.2958201064955,549.716687838362,728.6518192174004,666.5403840443945,,,,
labeled-data,RAT 8 FR1 10-02-25,img11951.png,971.180545259164,468.41832615112287,1031.983521647099,712.31341121284,893.9812606317857,383.02088740402303,758.7117176563795,320.1683724861576,615.2440205612518,410.348067803095,546.9260695635719,581.8261248072715,428.73601433758574,597.5392535367379,331.04134441090355,677.4712562040233,,,,,,,779.8902824656603,704.1152570931183,,,934.2888517204168,704.7984366030953,862.555003172853,615.9851003061115,757.3453586364259,522.38950743929,714.9882290178645,620.767356875949,,,,
labeled-data,RAT 8 FR1 10-02-25,img11965.png,963.0742326792716,463.258157581882,1003.500178521834,691.4963101513478,867.0626113031867,385.7750947169711,735.6782873148595,315.02968949248725,602.6095489164256,368.08874341085016,486.3849546190595,580.3249590843017,417.3239638046824,598.0113103904225,349.947387400412,652.7547787188922,318.785720813437,708.3404542524152,,,691.8835126520837,633.3840130026645,667.4595037055358,538.2145988316327,,,880.5379265840407,694.0229317665078,824.1100438454642,602.2223464156896,693.5679270621905,462.41595037682856,626.1913506579202,560.1119861630206,637.1400443236141,617.3820761066504,,
labeled-data,RAT 8 FR1 10-02-25,img12236.png,972.5469042791176,443.14068428198135,1110.5491652944308,583.192483827225,870.0699777825978,368.6741176945106,728.6518192174004,356.3768865149282,654.8684321399061,521.7063279293134,612.5113025213445,684.9862308137683,,,,,,,,,,,878.9513114122963,687.7189488536753,,,955.4674165296976,639.2132036453229,906.961671321345,581.8261248072718,872.1195163125282,524.4390459692206,798.3361292350339,676.7880766940466,,,,
labeled-data,RAT 8 FR1 10-02-25,img12904.png,971.8637247691408,350.22827092513705,1183.6493728619485,468.4183261511233,866.6540802327138,325.6338085659723,700.6414593083516,324.2674495460186,621.3926361510429,489.5968909604039,,,,,,,,,,,,,846.8418744433867,714.3629497427703,,,1055.2116249863102,537.4194566587793,922.6748000508112,542.2017132286169,832.4951047338739,572.2616116675962,790.8211546252892,700.0161800332576,,,,
labeled-data,RAT 8 FR1 10-02-25,img13431.png,939.7542878002312,408.2985292731644,1036.0825987069595,536.0530976388256,834.5446432638042,333.14878317571646,708.1564339180965,389.16950299381415,650.0861755700685,514.1913533195683,593.3822762419943,656.2926913947426,507.98483749489446,711.6302317028633,,,,,,,,,867.3372597426907,669.9562815942784,,,947.9524419199528,594.8065354968305,918.5757229909506,554.4989444081993,885.0999270020873,521.0231484193362,805.8511038447788,665.1740250244408,,,,
labeled-data,RAT 8 FR1 10-02-25,img14521.png,921.9916205408346,416.4966833928859,1034.7162396870062,540.1521746986865,816.0987964944308,363.2086816146957,686.2946895988389,393.2685800536749,641.2048419403701,522.3895074392899,570.1541729027831,672.6889996341858,430.7855528675162,659.0254094346499,306.44688205173884,713.6797702327938,,,,,,,878.9513114122963,715.0461292527472,,,995.7750076183288,632.3814085455543,913.110286911136,580.4597657873177,850.2577719932707,534.0035591088954,779.2071029556834,689.0853078736288,,,,
labeled-data,RAT 8 FR1 10-02-25,img14633.png,964.348750159396,468.4183261511226,1100.301472644779,565.4298165678281,876.218593372389,402.83309319335,717.7209470577716,355.69370700495097,623.4421746809733,494.3791475302412,570.8373524127599,660.3917684546034,419.1715011979106,676.7880766940466,305.0805230317852,715.7293087627243,,,,,,,857.7727466030153,659.0254094346495,,,941.8038263301617,643.3122807051832,878.2681319023193,607.7869461863897,827.0296686540594,508.04273772977706,780.5734619756372,652.1936143348815,,,,
labeled-data,RAT 8 FR1 10-02-25,img14827.png,,,976.6459813389783,128.19493018267673,,,,,,,585.1841221222727,608.4701256963666,400.0424749185602,632.3814085455547,303.03098450185485,707.5311546430027,,,833.1782842438506,546.9839697984546,878.9513114122963,626.2327929557632,833.1782842438506,689.0853078736287,947.269262409976,414.4471448629555,904.2289532814376,449.2892998717723,822.9305915941987,442.4575047720044,766.2266922661244,577.7270477474106,741.6322299069595,668.5899225743249,801.7520267849179,611.8860232462505,943.1701853501152,451.3388384017027
labeled-data,RAT 8 FR1 10-02-25,img15284.png,1011.4881363477951,423.3284784926539,,,877.5849523923426,351.59462994509005,776.4743849157763,421.9621194727004,695.8592027385141,553.1325853882458,587.9168401621798,702.065718563188,414.38924462807296,669.2731020843019,300.9814459719244,712.996590722817,,,,,,,,,,,,,,,939.0711082902544,614.6187412861575,,,,,,
labeled-data,RAT 8 FR1 10-02-25,img15956.png,954.101057509744,438.35842771214345,1040.1816757668207,546.9839697984545,817.4651555143843,370.0404767144637,675.3638174392102,406.2489907432341,583.1345835923423,532.6372000889419,497.0539653352656,639.8963831552994,339.2394985306251,643.9954602151602,235.39621301415173,708.2143341529795,,,,,,,783.3061800155442,710.9470521928863,,,,,,,818.8315145343379,590.0242789269929,704.7405363682125,700.0161800332577,,,,
labeled-data,RAT 8 FR1 10-02-25,img16271.png,1002.6068027180968,319.4851929761804,1208.243835221113,439.72478673209696,874.1690548424586,313.3365773863893,712.2555109779573,352.9609889650438,679.4628944990709,453.3883769316333,650.0861755700685,561.3307395079675,521.6484276944304,555.1821239181763,392.5275003088154,562.6970985279212,273.65426557285247,628.9655109956707,,,926.773877110672,639.8963831552992,750.513563536658,684.3030513037912,,,1041.5480347867742,564.0634575478745,920.6252615208808,523.7558664592434,737.5331528470988,553.1325853882458,736.1667938271453,642.6291011952064,848.8914129733171,611.8860232462504,,
labeled-data,RAT 8 FR1 10-02-25,img16431.png,921.9916205408346,447.9229408518187,,,829.7623866939667,382.3377078940461,676.0469969491869,370.04047671446375,556.4905827032471,495.7455065501948,451.28093816682014,633.0645880555314,385.0125256990707,591.3906379469468,350.1703706902539,549.0335083283852,309.179600091646,590.70745843697,,,,,682.1956125389781,715.0461292527472,,,980.7450583988392,678.154435714,919.2589025009272,627.5991519757167,751.1967430466345,613.2523822662041,607.7290459515071,700.0161800332577,,,,
labeled-data,RAT 8 FR1 10-02-25,img16638.png,931.5561336805096,417.17986290286274,,,822.2474120842219,356.3768865149277,686.9778691088156,395.31811858360527,604.9963279115998,526.4885844991508,507.3016579849176,678.1544357140002,348.8040116703003,714.3629497427706,247.6934441937341,693.1843849334898,264.0897524331773,635.1141265854619,,,,,892.6149016118321,704.7984366030952,,,,,,,842.7427973835258,572.2616116675961,790.8211546252892,691.1348464035592,,,,
labeled-data,RAT 8 FR1 10-02-25,img16892.png,889.882183571925,368.67411769451,1137.8763456935028,438.3584277121434,777.84074393573,318.80201346620373,656.2347911598597,381.6545283840693,604.3131484016232,480.03237782072847,535.9951974039432,583.192483827225,378.86391010927946,636.4804856054154,211.4849301649637,710.2638726829097,,,,,,,756.662179126449,672.6889996341861,960.932852609512,590.0242789269934,942.4870058401384,654.2431528648125,869.386798272621,590.0242789269934,740.9490503969828,515.5577123395223,683.5619715589316,637.8468446253693,,,988.9432125185608,675.4217176740933
labeled-data,RAT 8 FR1 10-02-25,img17295.png,927.4570566206488,398.05083662351296,,,787.4052570754052,342.03011680541545,753.9294610865419,449.2892998717728,732.0677167672844,584.558842847179,673.3142789092797,710.2638726829098,,,,,,,,,,,924.7243385807416,682.2535127738612,,,,,,,925.4075180907184,532.6372000889423,847.5250539533633,691.8180259135363,,,,
labeled-data,RAT 8 FR1 10-02-25,img17676.png,973.9132632990712,450.6556588917265,1169.3026031524355,529.2213025390583,859.139105622969,365.25822014462665,686.2946895988389,375.5059127942785,604.9963279115998,499.16140410007904,529.1634023041752,648.7777167849979,372.7152945194883,691.1348464035593,182.10821123596136,695.2339234634202,,,,,,,831.1287457139202,708.8975136629562,,,999.8740846781895,661.7581274745573,894.6644401417623,622.8168954058797,799.0193087450107,551.0830468583158,725.919101177493,684.9862308137683,,,,
labeled-data,RAT 8 FR1 10-02-25,img17863.png,919.942082010904,418.5462219228169,,,826.3464891440826,357.060066024905,735.4836143171685,438.358427712144,670.5815608693724,553.1325853882462,602.2636098716927,677.4712562040236,453.33047669675057,709.580693172933,283.9019582225044,687.0357693436987,144.53333818723746,714.3629497427705,,,,,868.7036187626442,717.095667782678,,,,,,,894.6644401417623,579.7765862773414,805.8511038447787,706.1647956230491,,,,
labeled-data,RAT 8 FR1 10-02-25,img17974.png,993.7254690883984,512.1418147896384,1187.0652704118324,615.3019207961349,900.8130557315536,408.9817087831417,731.3845372573076,374.82273328430176,619.3430976211126,516.9240713594759,568.7878138828296,674.7385381641163,399.3592954085834,693.1843849334898,235.39621301415167,695.2339234634202,151.36513328700545,714.3629497427705,,,,,859.8222851329457,717.095667782678,,,1044.963932336658,706.1647956230491,943.853364860092,669.9562815942788,851.6241310132242,577.727047747411,799.7024882549874,708.2143341529795,,,,
labeled-data,RAT 8 FR1 10-02-25,img18039.png,159.69123664711304,-86.77095436348222,159.69123664711304,-86.77095436348222,958.8833140795816,446.5565818318656,1075.7070102856142,449.97247938174974,842.7427973835257,380.2881693641162,680.1460740090477,408.2985292731649,598.8477123218087,552.4494058782693,529.8465818141519,692.501205423513,318.0609337213443,680.8871537539075,154.78103083688944,704.7984366030953,,,,,,,1090.7369595051036,702.7488980731652,1006.7058797779576,654.9263323747894,837.2773613037114,585.9252018671325,811.3165399245929,718.4620268026315,,,,
labeled-data,RAT 8 FR1 10-02-25,img18441.png,958.2001345696048,511.4586352796615,1089.37060048515,482.76509586063605,858.4559261129922,473.8837622309376,710.205972448027,429.4770940824456,613.1944820313215,508.0427377297775,533.9456588740128,615.9851003061116,394.5770388387458,662.4413069845339,228.56441791438368,674.7385381641162,,,,,,,,,,,,,,,,,,,,,,
labeled-data,RAT 8 FR1 10-02-25,img18669.png,999.1909051682128,521.0231484193367,1157.68855148283,707.531154643003,900.1298762215771,408.9817087831417,724.5527421575398,377.55545132420895,622.0758156610198,482.765095860636,553.7578646633399,615.3019207961349,426.0032962976786,664.4908455144642,294.8328303821332,676.1048971840698,209.4353916350333,697.9666415033273,,,,,820.1978735542914,707.5311546430027,,,1006.7058797779576,710.26387268291,895.3476196517393,649.4608962949749,797.6529497250572,533.3203795989191,736.8499733371219,668.5899225743253,,,,
labeled-data,RAT 8 FR1 10-02-25,img18938.png,1006.0227002679808,288.0589355172484,1172.0353211923427,388.48632348383785,864.6045417027833,309.2375003265292,690.3937666586996,344.07965533534576,611.8281230113678,471.1510441910304,559.2233007431544,611.8860232462509,380.9134486392098,648.7777167849979,263.40657292320043,631.0150495256012,,,,,795.6034111951267,610.5196642262973,788.7716160953587,701.3825390532115,,,1162.4708080526675,439.041607222121,1036.0825987069595,486.1809934105201,773.741666875869,575.6775092174805,730.0181782373539,672.0058201242093,,,,
labeled-data,RAT 8 FR1 10-02-25,img19060.png,960.932852609512,293.5243715970628,1108.4996267645006,381.65452838406986,806.5342833547554,292.1580125771091,663.7497657696044,347.49555288522976,609.7785844814375,475.933300760868,567.4214548628759,615.9851003061117,388.4284232489547,637.846844625369,266.8224704730844,623.5000749158562,,,,,801.7520267849178,608.470125696367,790.8211546252892,706.847975133026,,,1133.0940891236653,448.6061203617961,1005.339520758004,467.73514664114646,766.2266922661244,563.3802780378982,734.1172552972148,678.8376152239773,,,,
labeled-data,RAT 8 FR1 10-02-25,img19601.png,936.3383902503472,447.9229408518193,1161.7876285426908,504.6268401798936,857.7727466030153,380.2881693641162,736.166793827145,351.59462994509056,643.9375599802775,443.8238637919584,576.3027884925743,551.7662263682926,429.4191938475626,584.5588428471788,307.81324107169235,626.2327929557636,206.7026735951261,695.917102973397,,,,,760.078076676333,672.6889996341861,,,947.269262409976,699.3330005232812,870.0699777825977,620.0841773659724,732.0677167672844,523.7558664592439,723.186383137586,619.4009978559957,,,1001.240443698143,638.5300241353461
labeled-data,RAT 8 FR1 10-02-25,img19611.png,972.5469042791176,329.04970611585634,1201.412040121345,452.705197421657,820.1978735542914,301.0393462068075,696.5423822484909,352.9609889650442,637.7889443904861,449.9724793817496,575.6196089825976,551.0830468583158,429.4191938475626,574.3111501975268,313.9618566614835,621.4505363859258,206.0194940851493,704.1152570931185,,,780.5734619756372,601.638330596599,760.7612561863099,678.1544357140003,,,947.9524419199528,677.4712562040237,950.0019804498831,540.1521746986871,757.3453586364259,511.4586352796615,719.770485587702,622.1337158959029,,,,
labeled-data,RAT 8 FR1 10-02-25,img19734.png,934.2888517204168,442.4575047720049,,,784.6725390354978,350.9114504351138,680.8292535190246,441.774325262028,648.719816550115,580.4597657873181,570.1541729027831,710.2638726829098,338.5563190206483,673.3721791441626,197.13816045545096,707.5311546430025,,,,,,,869.386798272621,683.6198717938148,,,,,,,850.9409515032473,529.2213025390583,786.7220775654282,687.0357693436987,,,,
labeled-data,RAT 8 FR1 10-02-25,img20617.png,923.357979560788,447.2397613418425,1006.7058797779576,667.2235635543717,827.0296686540594,359.7927840648122,691.7601256786531,338.61421925553145,581.7682245723887,454.7547359515871,544.1933515236648,639.2132036453228,418.48832168793376,717.0956677826778,208.0690326150797,713.6797702327935,,,,,,,757.3453586364259,678.8376152239773,,,,,,,766.2266922661244,520.3399689093599,686.9778691088156,645.3618192351139,,,,
labeled-data,RAT 8 FR1 10-02-25,img21167.png,,,,,818.1483350243611,310.60385934648275,750.5135635366579,418.54622192281687,684.2451510689085,581.8261248072718,595.4318147719247,711.6302317028635,395.2602183487227,710.2638726829098,214.21764820487093,714.3629497427705,,,,,,,947.269262409976,704.115257093119,,,,,,,910.377568871229,566.1129960778054,842.7427973835257,688.4021283636523,,,,
labeled-data,RAT 8 FR1 10-02-25,img21283.png,938.3879287802775,443.1406842819816,,,824.2969506141523,370.0404767144642,682.8787920489549,387.1199644638841,606.3626869315535,495.7455065501951,537.3615564238968,639.8963831552996,363.15078137981305,667.9067430643482,201.23723751531173,706.164795623049,,,,,,,829.0792071839899,712.3134112128403,,,998.507725658236,688.4021283636523,926.0906976006952,615.9851003061117,831.1287457139202,553.815764898223,739.582691377029,680.8871537539075,,,,
labeled-data,RAT 8 FR1 10-02-25,img22115.png,926.773877110672,398.0508366235128,,,799.0193087450104,342.71329631539203,736.166793827145,449.28929987177264,712.9386904879339,600.2719715766452,628.9076107607877,706.8479751330258,,,,,,,,,,,887.1494655320175,679.520794733954,,,978.6955198689086,620.0841773659724,939.0711082902542,546.3007902884781,902.1794147515072,524.4390459692206,816.0987964944303,687.7189488536753,,,,
labeled-data,RAT 8 FR1 10-02-25,img22194.png,924.7243385807416,362.5255021047192,1003.97316173805,482.081916350659,829.0792071839896,333.14878317571686,682.1956125389778,367.3077586745568,605.6795074215765,497.11186557014855,523.0147867143838,637.8468446253693,411.65652658816566,708.2143341529795,,,,,,,,,878.951311412296,680.8871537539075,,,979.3786993788854,518.9736098894061,926.773877110672,518.2904303794294,842.0596178735489,540.1521746986868,779.8902824656602,666.5403840443946,,,,
labeled-data,RAT 8 FR1 10-02-25,img23757.png,,,,,877.5849523923423,349.54509141516,693.8096642085834,357.0600660249048,611.1449435013909,492.329609000311,531.2129408341054,671.3226406142322,334.4572419607874,717.7788472926546,,,,,,,,,798.3361292350335,717.095667782678,922.6748000508112,598.9056125566916,1100.9846521547556,434.9425301622599,977.3291608489548,472.51740321098384,830.4455662039433,582.5093043172485,747.7808454967505,705.4816161130722,,,969.1310067292334,652.193614334882
labeled-data,RAT 8 FR1 10-02-25,img23954.png,927.4570566206488,411.7144268230487,1148.8072178531315,495.745506550195,823.6137711041753,349.54509141516,655.5516116498827,375.5059127942784,579.0355065324813,527.1717640091277,511.4007350447783,681.5703332638842,,,,,,,,,,,786.7220775654282,715.7293087627243,,,973.230083789094,690.4516668935827,880.3176704322495,621.450536385926,808.5838218846854,569.5288936276893,732.7508962772611,700.6993595432347,,,,
labeled-data,RAT 8 FR1 10-02-25,img24098.png,995.0918281083516,488.913711450427,1093.4696775450109,572.2616116675965,860.5054646429223,400.1003751534432,706.7900748981426,387.8031439738608,572.2037114327134,514.1913533195685,472.4595029761008,691.1348464035593,,,,,,,,,,,,,,,,,982.7945969287694,660.3917684546034,801.0688472749409,585.2420223571556,735.4836143171683,710.9470521928866,,,,
labeled-data,RAT 8 FR1 10-02-25,img24390.png,947.269262409976,471.83422370100703,1100.3014726447786,450.6556588917263,807.9006423747089,396.6844776035592,649.4029960600917,416.4966833928863,562.6391982930381,527.1717640091277,459.4790922865416,659.7085889446266,315.32821568143703,679.5207947339538,199.8708784953581,718.4620268026315,,,,,,,,,,,996.4581871283052,670.6394611042554,766.909871776101,589.3410994170165,689.7105871487227,715.0461292527475,,,,,,
labeled-data,RAT 8 FR1 10-02-25,img25046.png,928.1402361306256,290.79165355715537,1153.589474422969,379.6049898541392,771.0089488359617,288.0589355172482,647.3534575301612,373.456374264348,610.461763991414,523.0726869492669,589.9663786921101,645.3618192351139,374.76483304941854,670.6394611042554,231.98031546426765,717.0956677826778,,,,,,,876.9017728823655,712.3134112128403,,,1040.1816757668205,494.3791475302414,908.3280303412984,504.6268401798934,829.0792071839896,566.1129960778053,790.821154625289,683.6198717938147,,,,
labeled-data,RAT 8 FR1 10-02-25,img25294.png,953.417877999767,279.1776018875498,1176.1343982522037,393.2685800536752,782.6230005055673,282.5934994374338,654.8684321399061,376.872271814232,610.461763991414,526.4885844991509,561.2728392730846,646.7281782550674,371.34893549953455,663.8076660044874,215.5840072248245,710.2638726829098,,,,,,,894.6644401417623,715.0461292527475,,,1058.627522536194,484.8146343905663,921.3084410308576,502.577301649963,829.0792071839896,563.380278037898,797.6529497250569,687.0357693436987,,,,
labeled-data,RAT 8 FR1 10-02-25,img25677.png,911.7439278911824,400.78355466342,,,789.4547956053353,335.1983217056473,717.0377675477946,447.2397613418423,676.0469969491867,592.0738174569236,615.9272000712285,712.3134112128403,,,,,,,,,,,898.0803376916463,711.6302317028635,,,992.3591100684446,554.4989444081997,952.7346984897902,556.5484829381301,893.9812606317856,558.5980214680606,816.0987964944303,700.016180033258,,,,
labeled-data,RAT 8 FR1 10-02-25,img25853.png,934.9720312303934,418.5462219228167,1036.7657782169365,546.9839697984548,806.5342833547553,359.792784064812,720.4536650976786,446.5565818318655,646.6702780201845,572.9447911775733,564.6887368229686,678.8376152239771,427.369655317632,689.0853078736292,275.7038041027827,680.2039742439306,169.81098005637895,715.7293087627243,,,,,864.6045417027832,712.3134112128403,,,1026.5180855672843,637.1636651153924,955.4674165296974,580.459765787318,865.2877212127601,571.5784321576197,778.5239234457065,700.6993595432347,,,,
labeled-data,RAT 8 FR1 10-02-25,img25997.png,883.7335679821335,364.5750406346499,1023.7853675273776,357.743245534882,732.0677167672844,344.7628348453227,642.5712009603238,454.7547359515873,600.8972508517392,585.9252018671326,542.8269925037112,686.352589833722,369.982576479581,681.5703332638843,236.7625720341053,676.1048971840698,160.2464669167038,715.7293087627243,,,,,859.139105622969,716.4124882727012,,,972.5469042791176,678.8376152239773,937.7047492703008,580.4597657873184,835.9110022837579,581.826124807272,765.5435127561475,697.9666415033277,,,,
labeled-data,RAT 8 FR1 10-02-25,img26129.png,968.4478272192569,434.94253016226025,,,846.8418744433867,361.8423225947427,690.3937666586996,422.6452989826778,613.1944820313215,560.647559997991,529.1634023041752,680.2039742439309,338.5563190206483,671.3226406142323,175.27641613619338,714.3629497427705,,,,,,,854.3568490531313,711.6302317028635,,,993.0422895784216,680.8871537539076,955.4674165296976,590.7074584369702,861.1886441528995,585.2420223571557,773.7416668758692,699.3330005232812,,,,
labeled-data,RAT 8 FR1 10-02-25,img26589.png,872.802695822505,419.2294014327937,945.2197238800456,570.2120731376663,779.2071029556837,356.3768865149282,654.8684321399061,387.80314397386087,646.6702780201845,536.736277148803,588.6000196721567,686.3525898337218,428.0528348276089,713.6797702327938,209.43539163503328,704.1152570931183,,,,,,,848.8914129733168,630.3318700156242,,,,,,,818.8315145343378,516.2408918494988,767.5930512860779,636.4804856054153,,,,
labeled-data,RAT 8 FR1 10-02-25,img26637.png,899.4466967116,413.08078584300216,999.1909051682126,539.4689951887099,784.6725390354978,355.01052749497427,661.0170477296972,356.37688651492795,625.4917132109038,504.6268401798933,599.5308918317853,666.5403840443945,398.6761158986065,715.729308762724,185.52410878584533,712.31341121284,,,,,,,846.1586949334097,630.3318700156242,,,872.8026958225047,605.0542281464826,859.8222851329457,528.5381230290811,807.2174628647323,550.3998673483387,766.909871776101,636.4804856054153,,,,
labeled-data,RAT 8 FR1 10-02-25,img26973.png,967.76464770928,311.9702183664359,1162.4708080526675,406.932170253211,831.8119252238969,331.0992446457863,690.3937666586996,335.881501215624,600.8972508517389,453.3883769316333,527.1138637742447,597.5392535367378,373.398474029465,666.5403840443945,206.0194940851493,705.481616113072,,,,,,,,,,,994.4086485983752,652.8767938448585,968.4478272192566,558.5980214680603,738.2163323570755,526.4885844991508,,,,,,
labeled-data,RAT 8 FR1 10-03-25,img00084.png,727.4624349206313,426.355223796164,,,681.4976169919255,399.9680135037589,593.8239827945795,331.87198694271336,,,,,,,,,,,,,,,536.7666139216295,543.9827021626115,,,629.9974127086282,629.4993451649,588.5502073071384,500.6769499981072,,,,,,,726.8942577688681,593.0930160960237
labeled-data,RAT 8 FR1 10-03-25,img00209.png,887.6846314083471,351.5968935013218,,,836.589515350895,356.4302152905403,714.3755215377996,310.16842102230646,594.9234258899721,450.3347529096417,554.1854279522737,514.5488852521154,495.49509194033527,503.5012925910447,540.5197695190925,486.3472014003189,,,,,756.7552150142212,577.7570931946609,689.5131335467128,620.9192400825884,,,945.1013082480246,604.1017975966299,851.0049500392366,494.3227130197109,682.9757389521155,508.3251472769709,657.211259918757,586.178681747337,,,938.3801398045398,530.1689447182966
labeled-data,RAT 8 FR1 10-03-25,img00860.png,,,,,,,796.879779331045,344.0659616208823,649.622121892784,556.8660446241495,567.0556896875162,685.3972947581229,475.12605383010487,704.1237020624104,,,,,,,,,845.6425114808383,702.6360741449072,,,,,946.4517945131088,409.87486862653225,834.2850658270354,590.3172283626157,797.3186393878689,691.6948523851788,,,,
labeled-data,RAT 8 FR1 10-03-25,img00922.png,960.5319165155768,458.61417174679866,,,900.104910872478,423.6301158481625,770.1641318204008,336.3971452957192,602.2123777708706,493.5671141077072,536.6309429607546,622.6859473551319,431.67881268058255,702.090519606578,,,,,,,,,757.8581319035194,710.5743625264596,,,945.1363513766488,713.0339028690571,864.0555598831007,572.616713964321,753.3017685121365,592.6517308845738,724.7368026273259,671.0653627252303,,,,
labeled-data,RAT 8 FR1 10-03-25,img01179.png,991.09765625,512.6953125,,,924.49609375,442.09765625,788.62890625,376.828125,644.76953125,534.0078125,563.515625,641.90234375,452.8713187857919,686.5098919197687,,,,,,,,,813.9375,711.16796875,,,,,931.15625,623.25390625,813.9375,604.60546875,757.9921875,688.5234375,,,,
labeled-data,RAT 8 FR1 10-03-25,img01660.png,1002.9861675987354,469.059449804604,,,938.772035256262,434.5357227387579,775.8200435054682,329.5835924585857,588.7014428085823,512.5593459075701,601.3303001598512,646.7152799686293,547.5609526119725,711.6865749223161,,,,,,,,,776.0007536863227,708.5115503029867,,,944.590062143734,664.2638580500447,888.5803251146938,600.4127578369388,800.08494060881,583.6098367282268,731.1929640630904,653.6220080145272,,,,
labeled-data,RAT 8 FR1 10-03-25,img01829.png,,,,,,,819.3311497053575,372.12249668132415,655.688683413247,591.0029262787884,563.8555694180964,676.6217694020869,428.5225593199796,637.9551950883392,,,,,,,,,885.5155149681314,712.3574337354618,,,,,1003.135962729116,469.8352723997171,879.9145412652274,633.9438018948053,839.5875306043183,714.0377258463329,,,,
labeled-data,RAT 8 FR1 10-03-25,img02033.png,936.6891896125992,412.8869152851662,,,900.3421185490812,421.97368305104567,769.9470011087101,351.5512328654794,671.439941680085,578.8962563929697,575.9975579727588,681.5051421468863,445.6024405323879,634.2539497643128,358.3694699799444,709.219783832819,,,,,,,881.4908235952694,713.5564605400007,,,977.0219524138416,646.2907780702523,952.9399952560068,524.9961882049728,859.0527260603271,614.9898183574564,827.2879775843477,706.3407082415197,,,,
labeled-data,RAT 8 FR1 10-03-25,img02063.png,973.0964116037792,438.7416981314362,,,929.1081309872234,431.5705467445081,789.6913365046596,349.5676045604822,643.2516708820176,539.2845751899479,540.3848996458282,651.1398096429656,416.9608515039332,628.1574006786127,350.56722560691384,713.2774338799195,,,,,,,888.5258354391735,713.2774338799195,,,987.4382288691908,710.1157964787865,931.4284918401504,600.8968092721578,861.9764179241406,575.6924276090897,812.6878493385848,705.0749201461729,,,,
labeled-data,RAT 8 FR1 10-03-25,img02252.png,,,,,,,833.5896444799084,354.3069883449156,672.7127817294386,614.7742899409146,588.4439488601447,699.8943231422215,442.03749175389686,645.4175018933852,373.8574753705848,701.8654816003252,,,,,,,899.718839028327,712.5444617777648,,,,,1015.028087428253,429.4498998378267,915.5997534786162,602.7590097083742,,,,,,
labeled-data,RAT 8 FR1 10-03-25,img03471.png,978.825581069436,462.1478146285329,,,901.133716671166,453.9697236392413,734.0778521670941,381.52455506446825,567.5819116822056,560.398759510315,482.9571336678703,649.3999283916703,338.1483289393564,679.8307641679522,159.76067094046243,713.4096174383326,,,,,,,764.5570779108402,712.2194953966555,,,1042.127843520243,681.1481410373941,918.532900624514,601.7435687859479,767.318976076108,582.4102816290741,707.9077328666436,701.3075466108487,,,,
labeled-data,RAT 8 FR1 10-03-25,img03553.png,,,,,,,817.9530547016135,343.4616556234523,639.2009849788693,511.1481210300269,529.3961421491834,636.2745698359481,373.6264813907918,653.2985764762094,176.14800436375992,708.6265980570589,,,,,830.9679315416726,658.3504618699021,770.4421017939909,712.2550819577123,,,1049.8836724010273,610.3235386582235,988.0936515930464,502.645340632551,798.6757411155492,598.28903579351,718.33447632752,702.3096474618351,,,965.9961786454932,657.1905788378527
labeled-data,RAT 8 FR1 10-03-25,img03658.png,885.4731869309095,280.7429793981791,,,846.2683258181698,306.820665988162,676.5588226201777,340.9866055758766,589.1389520609201,548.9320151744787,504.633716145315,657.6914357091877,343.756853394845,657.6914357091877,177.77278865229655,702.8050533058804,,,,,,,,,,,1024.37204221685,498.8118845543245,930.275684008062,440.0016606738321,771.7681282158779,604.1101901689206,,,,,1043.5599131520958,420.1276090760005
labeled-data,RAT 8 FR1 10-03-25,img03682.png,,,,,886.625214034269,346.6230978189854,743.1124785708508,325.0944780650499,601.5651976008819,563.3081948193881,514.8136589588037,674.2666150686698,347.9783938842421,667.4570124125653,176.03592681760222,707.4634280171796,,,,,,,,,,,1094.8317263252657,436.5282624655004,957.1671946721908,421.989434040093,783.058846449917,592.8316387551693,,,,,,
labeled-data,RAT 8 FR1 10-03-25,img03728.png,,,,,907.1780536520232,344.3831745375808,740.3427885774618,312.8887622530973,608.4067371154359,544.415252560652,517.3283015900377,679.7561053507301,321.55222522703184,669.5417013665731,175.996968452797,711.2505176352136,,,,,,,,,,,1154.923857067422,440.05699702846425,984.5880183968408,399.719413854535,790.7196494380346,590.27803775913,,,,,1036.8205563579108,534.0249157946621
labeled-data,RAT 8 FR1 10-03-25,img03940.png,949.9101667063604,341.5709491046068,,,901.741792861386,367.89552550825584,741.5539449583305,318.04685955240984,600.4094076451488,472.6337337525613,499.3788532363475,593.2625768233577,338.0708105927113,568.61829253058,204.5016575990834,649.9774340334088,,,,,776.3059740643398,630.5116220953659,757.3353994273773,705.3634297748696,,,1025.0740649503489,573.8278375923627,916.5533668072082,508.017613344895,754.6852267932816,570.7485188174202,712.1178266512109,674.3665323211447,,,982.04110429995,658.7832304409997
labeled-data,RAT 8 FR1 10-03-25,img04003.png,,,,,936.2048055782402,422.6812374904463,777.1371524157655,370.0320846831484,608.5478439583541,533.0204194376557,521.7327515633416,613.6744407594738,328.0008931476262,599.6784690869272,162.01682840507775,687.3521032842732,,,,,,,756.5869729293591,708.8094766276943,,,1069.7694624569317,664.4307649828525,1019.227822723202,541.3032387613235,774.408034868577,577.3413160167494,719.1700715632232,682.2934462969215,,,,
labeled-data,RAT 8 FR1 10-03-25,img04349.png,,,,,,,867.3404078398007,368.476357983046,798.3931809467422,611.0684526067706,,,,,,,,,,,,,,,,,,,,,988.2108549856564,582.9788416503394,,,,,,
labeled-data,RAT 8 FR1 10-03-25,img04425.png,,,,,,,934.585234068833,348.8987503467455,860.5308051836961,613.6220536028098,,,,,,,,,,,,,,,,,,,,,1033.324472582349,599.1516479585877,,,,,,
labeled-data,RAT 8 FR1 10-03-25,img04531.png,,,,,673.5394451765645,426.251071956546,508.87081831118576,329.35422689630605,,,,,356.8534650147561,526.2699385217152,,,,,,,,,462.3930366324298,644.4948014317893,,,708.3923450093954,668.5904940043946,661.9042632752917,551.5301436137004,416.0215177178047,539.2080014673113,,,,,,
labeled-data,RAT 8 FR1 10-03-25,img05126.png,,,,,,,836.2251000239262,365.91113353235033,704.5010630596018,566.9328896679473,589.5454872491033,689.6714284802983,456.2839007749373,690.3619030216155,276.7605200325375,697.9571229761016,,,,,,,,,,,,,,,890.5923872632812,609.5763816875354,,,,,,
labeled-data,RAT 8 FR1 10-03-25,img05398.png,,,,,,,915.8155262000809,349.5698724750404,813.5421530418014,557.8726099766151,653.1112838719746,707.2578799874453,,,,,,,,,,,,,,,,,,,,,,,,,,
labeled-data,RAT 8 FR1 10-03-25,img05500.png,989.698346639932,490.94601564443616,,,920.6508925082398,456.4222885785901,788.0797805753907,360.446327335538,596.8183326306033,489.5650665618024,538.8184711599819,545.493504408473,423.5092227600559,537.898284453987,504.9852186354527,501.9936083055071,,,,,,,749.4132062616432,678.755090882639,,,1013.1849313746836,706.8715801433032,895.5644836136989,590.3713271228992,749.3790699679035,567.9674323112831,718.0136172316409,637.9796035975835,,,,
labeled-data,RAT 8 FR1 10-03-25,img05619.png,,,,,,,813.9641649288076,321.0841989056982,637.2239465903007,494.42605020240063,553.546875,594.8046875,429.84375,596.162109375,,,,,,,,,811.5476626645973,677.395677517798,,,,,,,795.9902535676047,566.5576267838023,764.25,658.603515625,,,,
labeled-data,RAT 8 FR1 10-03-25,img05796.png,928.9618874929432,387.6767917802126,,,891.5570730770601,399.320059560449,752.0928278747493,362.3536331212823,640.6334511869592,546.625667946825,531.4144639803304,675.4480631136178,384.1088555939542,669.8470894107138,,,,,,,,,851.971361930368,710.3726295980114,,,1019.780356291862,542.4987387511828,939.4366629028004,497.1672053252444,823.0499077672719,615.599149417561,795.7896044696336,695.1083673690068,,,,
labeled-data,RAT 8 FR1 10-03-25,img05851.png,,,,,,,909.4647028357314,364.8025378557452,804.1663972211354,573.1587596037753,,,,,,,,,,,,,,,,,,,,,995.7196978604536,600.0434333777147,,,,,,
labeled-data,RAT 8 FR1 10-03-25,img05966.png,,,,,946.9855296854288,430.7233849230382,779.2216212361673,355.3755425716928,629.1155259983389,538.5273826566547,550.1563940516202,640.5966161700837,415.52102780073903,649.8346738705236,301.47316164268096,709.4885927158032,,,,,,,,,,,1062.6560854127977,695.8774300925554,975.2808956474948,558.6535743714066,811.1723661524065,617.4637982518989,749.0015580501718,708.7596696092346,,,,
labeled-data,RAT 8 FR1 10-03-25,img06186.png,,,,,,,853.5606365258,359.00300974199786,835.7083215903006,508.7277087677981,807.1041784096992,591.3824538967991,697.523078896799,700.6692238612029,,,,,,,,,888.5744332806983,615.5472688322986,,,,,,,,,,,,,,
labeled-data,RAT 8 FR1 10-03-25,img06322.png,912.707569544032,421.9065160458052,,,853.3267589907769,419.8350924218544,713.8509016447584,344.5733674183099,587.4940605837617,470.93020847930666,513.6132846628511,558.6204752265558,360.3279364904944,597.2870495403033,269.8757715779776,711.2153488575956,,,,,,,724.8984943058292,662.1916564240942,,,1011.5402347269392,630.054624869696,925.441776073392,546.6572578632192,721.7517863848998,557.7048505242899,677.5614157406168,641.2522700236375,,,,
labeled-data,RAT 8 FR1 10-03-25,img06892.png,900.1033470839202,171.2570751977384,,,880.5257394476198,271.69871437528053,856.6921301512537,407.0395671653585,895.8473454238549,584.9404365560899,942.6633636845736,673.4652710854491,,,,,,,,,756.4094419817726,607.5463730752847,,,,,,,,,,,,,,,,
labeled-data,RAT 8 FR1 10-03-25,img07098.png,914.0357318626033,424.52568899903065,,,863.0668711661765,413.883838963513,746.0065207754822,320.3475781250156,634.547144087692,415.56413107438425,574.7441489719487,481.99155025899137,445.5646245185432,492.1647367577465,398.0460906866347,570.5938781444944,,,,,,,720.7262140992462,597.5872279072239,,,886.1053874382535,623.4845160399805,841.5802253854438,525.3474241684817,703.0070169557812,511.7172725196624,671.657668163497,583.0483994818167,,,,
labeled-data,RAT 8 FR1 10-03-25,img07952.png,,,,,,,,,,,541.5924141304945,603.9319153016598,400.293159016325,624.3607232699735,262.39870523020784,692.456749831019,,,756.3622811540346,534.2667933531937,758.9359022766363,625.5214197345765,713.8419251385758,678.6102235586781,827.4462901722242,233.8181355458924,712.2795705589263,148.60100464666056,641.4382611322869,208.8496437670749,678.6849333666382,560.9424977515961,673.6928019150362,657.0290846937645,716.2602020571069,621.742950365469,788.6207410783472,172.9564639933286
labeled-data,RAT 8 FR1 10-03-25,img07978.png,918.205553151389,365.9938186923707,,,851.9199971849645,384.6366313079276,687.5870563515371,328.01771891994,563.3016389144909,468.874525348592,506.1132410632282,576.0694016902783,348.64117964081044,610.9686153028141,245.64593946722908,708.8566534843171,,,,,,,718.3268639744638,679.0646342535357,,,904.1574862558072,713.1126284990778,885.1141756659335,540.6026384496334,699.72194609981,558.5257542989264,677.8781486584842,656.5427940997472,,,,
labeled-data,RAT 8 FR1 10-03-25,img08215.png,891.3627977669012,412.098229383899,,,,,768.381307629001,380.3073034096993,682.96875,621.8671875,562.1875,715.3515625,376.4399366080988,683.7436571419012,217.4817046685983,702.6692943193985,,,,,,,,,,,1036.9187051490064,557.482546754898,952.3614721975028,507.724734254898,865.650390625,608.296875,816.8226242282008,712.9557056806015,,,,
labeled-data,RAT 8 FR1 10-03-25,img08239.png,,,,,,,778.8745168321948,363.97623308977177,709.6181319620359,568.5973702061501,,,369.632242599438,672.4819475113885,208.034011235734,709.2088182758666,,,,,,,,,,,,,,,,,,,,,,
labeled-data,RAT 8 FR1 10-03-25,img08463.png,,,,,,,882.759094137433,328.298701489993,806.1573351143785,549.7092652415613,,,,,199.639297918139,706.0608007817684,,,,,,,,,,,,,,,974.0516014662788,618.9656501117203,,,,,,
labeled-data,RAT 8 FR1 10-03-25,img09182.png,1010.256126169562,562.0197053308088,,,920.494435798362,546.1387908805195,764.6915099401642,431.3592912312144,612.8166705738746,519.9959010675411,530.6502050284707,595.4723846582463,398.7141535664451,711.2356298120237,,,,,,,,,,,,,,,,,746.319556338404,606.5636343457475,,,,,,
labeled-data,RAT 8 FR1 10-03-25,img09234.png,1013.5682206639718,525.714967290294,,,948.0368283399944,514.513019884486,790.6494672883912,392.411793161178,653.4256115672422,489.3086382214178,548.7455872660662,615.0416095876806,406.2487623647154,658.5449512032365,267.5031082465852,707.9145704599946,,,,,,,784.6926444572066,711.6715583849809,,,,,974.9198777928888,671.0441772492863,785.7298534720519,606.8300449068126,,,,,,
labeled-data,RAT 8 FR1 10-03-25,img09569.png,,,,,,,825.3589550925452,354.982695370181,691.3290200621227,627.0320898149095,,,,,,,,,,,,,,,,,,,,,,,,,,,,
labeled-data,RAT 8 FR1 10-03-25,img09646.png,951.2650945981188,447.4427378080584,,,897.349827622968,407.332998147817,782.7313804006037,356.49651365745467,713.619140625,626.2734375,,,,,,,,,,,,,887.8569630967339,679.8564855681652,,,,,,,881.103515625,564.0859375,835.4329015343144,687.5614425964874,,,,
labeled-data,RAT 8 FR1 10-03-25,img09761.png,915.4668479930142,418.7220884197918,,,859.0524183896525,415.4143467343008,748.713236442443,380.1282124060054,736.9511916663444,584.5637525620027,,,,,,,,,,,,,884.2919756466505,679.7148079304159,,,980.9804010523007,561.1751824192173,905.05929629016,547.5388674862115,866.8937815737181,595.7656999678107,836.6485235780362,685.9413765845658,,,,
labeled-data,RAT 8 FR1 10-03-25,img09934.png,,,,,,,832.0770720502984,353.0788704217347,709.8630782372034,540.1974711186206,569.6967463498681,672.0781085101528,387.4114463705899,692.7923447496602,,,,,,,,,881.1007434121893,712.1256319065342,,,,,,,875.5769470816538,612.0068234155805,826.5532546481523,703.8399374107312,,,,
labeled-data,RAT 8 FR1 10-03-25,img10037.png,894.145047199862,387.7938704347156,,,852.8002538651101,383.2504865517759,734.2179345203823,326.9125264033228,675.1539440421656,491.83736135403615,602.0765840604048,679.4155378716994,465.0333306063006,713.4635511522221,,,,,,,,,833.6339321226948,628.2403396716295,,,970.50622079154,528.1720241897923,893.1109198204258,497.58245285359,825.2978942076398,522.6437884061413,784.3889494086225,620.3092872506427,,,,
labeled-data,RAT 8 FR1 10-03-25,img10113.png,,,,,,,789.1725423930973,344.16888357585805,727.261531675834,493.1750449631695,631.7716676881907,663.1679896444684,478.5681496420817,711.4375912206399,,,,,,,,,842.4072185082824,629.2893687344624,,,,,,,859.6690820412052,554.0276437309179,800.6517871003748,631.3472583538789,,,,
labeled-data,RAT 8 FR1 10-03-25,img10335.png,,,,,,,886.0623388511779,329.3297218371732,764.3327248879284,580.573313612447,,,,,,,,,,,,,,,,,,,,,959.2576009189212,606.9605239048523,,,,,,
labeled-data,RAT 8 FR1 10-03-25,img10370.png,883.6653657230552,436.96267964420633,,,837.2281851403866,434.3828362785025,748.8680138310083,439.9754450797557,747.1444424023407,624.0147672756575,672.2388131851906,697.2179958287812,,,,,,,,,,,958.1057613937802,682.6775547899842,,,975.4687798727824,603.7038255790374,,,890.8940769589318,562.2566201775476,874.0911558502196,679.3169705682418,,,,
labeled-data,RAT 8 FR1 10-03-25,img10410.png,916.6679155711588,370.0478912441488,,,879.3822903400451,385.92880569443815,735.7635857461253,325.167046058549,668.0970806970669,536.4522557015271,627.3419441105416,665.3282785561237,,,,,,,,,,,810.3500154933514,697.6738911726203,,,976.9061233935978,608.4095993746746,936.924345223728,498.4597094075325,817.8876874907061,543.4392098486361,746.5565605285519,667.4735898528915,,,,
labeled-data,RAT 8 FR1 10-03-25,img10417.png,934.95703125,386.1796875,,,861.392578125,353.484375,732.3813637416802,341.1221803187399,627.62109375,485.900390625,569.7847976467991,639.3855180604996,398.1576754640039,702.252737692696,161.97805979969814,679.5318163197281,,,,,,,804.9018700738044,695.3287155166312,,,963.4041094417228,616.2594178319803,893.992200993659,548.1567543666802,796.001953125,574.177734375,742.0546875,670.62890625,,,,
labeled-data,RAT 8 FR1 10-03-25,img10755.png,850.5262828408232,446.14505777605245,1051.0846255267977,616.3657899855198,784.4347931465556,414.7796050397898,653.9321058688915,331.8851942368101,498.7704432772744,430.75344069724775,393.2216021076538,572.0526958114172,550.6936635300716,653.7679276846718,791.5833574897702,646.9583250285672,1017.3600984675124,678.7441435122129,,,,,632.9711038060078,688.2668365383449,,,793.3525548737813,681.9060991022295,748.6839214789563,559.3572764648713,631.153750252832,552.4196584384463,583.8104173023231,672.9578233160903,,,,
labeled-data,RAT 8 FR1 10-03-25,img10809.png,809.2748776228188,432.98718890739457,839.9180895752894,656.8528762268318,772.673263346257,379.3615679905712,662.0172201845578,317.2239437536172,535.1883707146106,496.8272138083747,512.2059617502578,604.9296559740345,332.60269169550025,680.6864855231976,126.61221134833752,705.3712951515765,,,,,,,,,,,826.2893327234087,677.6047811155565,,,675.0754081750028,456.6529278941414,,,,,,
labeled-data,RAT 8 FR1 10-03-25,img10832.png,774.4420813236593,391.7100022861872,813.1086556374069,594.7095174333623,732.3231343033269,347.51963164190425,659.8233074650501,306.09115916288886,527.942670073518,460.0669818765626,509.990331999278,587.1142974788763,348.4192893311182,685.1616823458794,125.39601248575242,705.875918585387,,,,,695.0375090722132,618.1856518381377,,,,,726.1088634314747,673.4236151434914,,,629.4424276471055,452.4717619220763,,,643.251918473444,609.2094828010177,867.6561444014437,648.5665316560822
labeled-data,RAT 8 FR1 10-03-25,img11106.png,940.8510088066056,364.14692583380713,,,895.4831218130828,379.8296522019385,782.7859398016436,362.5410902446241,718.654291791652,623.0063808594277,,,,,,,,,,,,,922.349301160916,715.7799452268747,,,,,,,911.147353755108,581.9166737274683,851.2024116861122,714.439086108531,,,,
labeled-data,RAT 8 FR1 10-03-25,img11367.png,996.5496965914404,286.3490932931162,,,911.621328009459,339.5156329745192,722.4313036886224,315.3490240284269,598.1458862515765,521.8009118821866,490.58614740918574,639.1797182835624,265.8692597577355,664.7157282439543,,,,,,,,,,,,,1102.8018096751075,513.730391152385,967.8183434351204,462.7615304559584,759.4621216870901,580.381978216943,734.9962208971525,713.3671027296583,,,,
labeled-data,RAT 8 FR1 10-03-25,img11373.png,964.203125,401.791015625,,,887.1766210649093,415.49488927484913,739.7944108024849,347.67508784736424,584.4921875,517.193359375,506.0790559799698,639.4289029323038,367.7161559786923,670.2969661650604,200.52142912778675,709.959495447515,,,,,,,,,,,1057.6485926061614,660.8607077003535,926.9765625,569.310546875,740.84375,595.369140625,723.1391455511956,706.7849809893464,,,,
labeled-data,RAT 8 FR1 10-03-25,img11407.png,997.9838455652168,518.2214281102792,,,925.631817344106,524.1798304343706,729.0045406490872,417.779788932737,569.8300785626432,580.3590523472332,483.0076446973101,641.6454762521741,266.80276036599065,677.3958901967231,,,,,,,,,,,,,,,,,739.2189446332441,629.7286716039912,,,,,,
labeled-data,RAT 8 FR1 10-03-25,img11547.png,,,,,,,813.2733735183807,381.1781746561751,739.2189446332441,605.0438619756122,,,,,,,,,,,,,,,,,,,,,927.3342180081322,576.9542510191809,,,,,,
labeled-data,RAT 8 FR1 10-03-25,img11709.png,937.5486219922888,400.7557822924757,,,865.2296944188547,395.8180644485363,731.5581416451262,336.06455705948247,593.6636878590091,451.82780221325976,509.39485498971527,530.1382327584621,347.6667919072322,600.7878603155468,230.20114608942868,699.5270988290629,,,,,,,667.7181167441461,689.312694844906,,,972.9858091575156,684.5850104156004,910.2549036849904,552.9621283973556,697.4179029746371,547.3611546944516,636.3672896129832,647.6185839764337,,,,
labeled-data,RAT 8 FR1 10-03-25,img11836.png,,,,,,,773.3000585614433,301.3348275950856,,,,,578.3751825304504,510.7301092703006,433.67112608822873,552.438925538941,,,,,830.330480806319,627.344554756091,694.9896280162409,659.6901673725877,,,1092.500183066344,440.93168204522885,966.52253392841,399.2228657765885,683.0728233680579,542.2245215547841,696.7896467967336,611.6457343585319,780.842248631119,603.0133049809464,,
labeled-data,RAT 8 FR1 10-03-25,img11973.png,,,,,,,870.746533973057,366.6888775495062,801.7993070799986,618.6441758253746,,,,,,,,,,,,,971.4313201669248,715.7030959294864,,,,,,,969.7510280560537,598.0826481685015,,,,,,
labeled-data,RAT 8 FR1 10-03-25,img12021.png,922.590416883899,273.9590740258002,,,917.610685753835,308.41226033005404,833.11182220792,317.07578341099264,779.6640625,613.0859375,,,,,,,,,,,,,978.3017482161976,713.6443519483996,,,,,,,972.4502274833604,573.9335159146206,909.8043288967992,714.3348264612996,,,,
labeled-data,RAT 8 FR1 10-03-25,img12287.png,,,,,,,833.6541210111965,361.7114079248949,738.1642570235533,575.7765975235676,,,,,,,,,,,,,891.0771538542967,711.4324927572047,,,,,,,907.4333358328796,579.2200217636579,830.1958098229039,706.4347704859712,,,,
labeled-data,RAT 8 FR1 10-03-25,img12413.png,,,,,,,469.6689004870999,326.6560706983996,529.9921875,454.822265625,583.8794441548013,554.1598872975993,727.4477522642104,600.4922419217024,768.2462378225025,711.5780032762135,,,394.8103675733996,500.18190957740063,419.647291232202,590.5635213879002,,,351.76406570729864,467.5834464701987,,,,,,,,,471.236328125,581.103515625,333.85204598309883,535.6128329959989
labeled-data,RAT 8 FR1 10-03-25,img12647.png,884.8920621305502,266.01190959483864,,,847.1819759021502,281.4594147968338,709.9717826373692,299.1786119402989,649.9991153825645,496.3614724598845,605.6342264172315,623.266794253208,620.3249747230229,709.3126057585569,791.3672585690211,655.7963083588886,,,,,,,789.2660145991842,563.4682198717398,,,,,876.6675131560097,354.2203258656094,792.8978005262697,467.17916026987206,754.6252181710504,566.2468126804625,,,,
labeled-data,RAT 8 FR1 10-03-25,img12756.png,713.0189256858475,399.5671874834121,,,781.4613476270516,359.28439392881285,922.1342217825623,348.0824465230048,1007.4274921686596,482.3510673416009,1042.65831201906,602.4771511458229,926.7181563689464,621.5204617356965,727.8835899158532,498.2990402718078,461.55359829467113,506.3356803237593,828.2331048784793,488.223389912584,854.4000875877606,623.112343033669,,,762.9999226313971,476.06127118855176,,,,,,,,,,,754.5232944297989,579.2550058167042
labeled-data,RAT 8 FR1 10-03-25,img12839.png,925.4211408459156,405.9570422069838,,,867.5395182690265,399.14743955087926,765.3954784274583,338.71221597795136,,,,,,,,,,,,,,,646.2274319456287,593.2211152498589,,,871.795519929092,656.2099398188261,836.0451059845433,520.8690870287481,672.6146422380339,467.2434661119248,,,,,,
labeled-data,RAT 8 FR1 10-03-25,img12992.png,964.7709656628036,307.3035764612997,,,890.177932869205,324.8958215903008,766.6312723999032,296.7262038967992,673.859375,451.875,626.5132236209989,527.2113313322986,486.39517484209455,561.3481589257035,542.0106813256067,487.9137038967992,,,,,846.6834849065951,620.279745129001,730.4733051868491,641.6272775934245,,,985.2641201290012,554.9940509741998,914.12890625,463.75,729.763671875,533.8125,710.0898330962702,603.2604131154234,802.5927638411979,593.961296103201,,
labeled-data,RAT 8 FR1 10-03-25,img13027.png,,,,,,,847.1731491468779,354.17070171065126,727.548484371149,566.1372129799256,607.9238195954202,692.0579127438511,445.2762490670168,681.5645210968578,,,,,,,,,922.1487047441371,711.718296598972,,,,,,,914.5534847896512,586.742404620609,858.6250469429806,706.1945002684366,,,,
labeled-data,RAT 8 FR1 10-03-25,img13114.png,717.7864125993883,231.08905073367887,,,704.1450034582965,329.7269322154202,718.8357517640877,446.203579497051,751.3652658697683,550.0881568022893,814.3256157517309,669.7128215780181,,,,,,,,,,,,,,,,,,,,,,,,,,
labeled-data,RAT 8 FR1 10-03-25,img13186.png,,,,,,,822.7203290693258,317.1348622390277,778.6480841519519,499.71987689671926,805.9309024341358,679.1568740603125,,,,,,,,,666.382307387174,606.4083362728301,857.3755106562018,620.4107705300903,,,,,,,,,,,,,,
labeled-data,RAT 8 FR1 10-03-25,img13215.png,898.7592620793218,151.28820517184658,,,884.5636519241527,249.99425642215985,874.8970083457159,361.8511321155012,879.7303301349344,460.5889915238211,869.3732120151805,557.2554273081902,816.2378954849567,691.2018286608538,,,,,775.8102241348552,451.9026170570162,765.4531060151012,563.7594927503576,,,,,,,,,,,,,,,,
labeled-data,RAT 8 FR1 10-03-25,img13520.png,909.0209058606904,399.2804691987394,,,831.3698076729365,382.4910425635494,763.162761967477,354.15888511666617,,,,,,,,,,,,,,,699.4330102010055,601.7698187450496,,,879.3923685953889,688.8120873254239,835.1299513307094,556.8760358633982,675.9554892442656,496.4408122904704,,,,,970.4708041207872,653.912873712888
labeled-data,RAT 8 FR1 10-03-25,img13592.png,959.9391057127266,388.6883817721557,,,891.7320600072673,390.7870601015544,749.021933608152,342.5174585253831,612.607842197233,515.6584207007802,546.4994748211723,560.7800047828534,500.38323529139234,516.5609450230974,579.0093759600162,493.8400830808333,,,,,,,826.8780735279863,662.4733627883173,,,,,978.9431984084052,493.00366023937823,770.9496356813157,563.7355033799975,788.9019737555557,639.687702924859,,,,
labeled-data,RAT 8 FR1 10-03-25,img13932.png,,,,,,,865.4919539938612,369.19104406042,792.6122590229807,628.6320881208401,,,,,,,,,,,,,,,,,,,,,,,,,,,,
labeled-data,RAT 8 FR1 10-03-25,img14084.png,929.67944487426,307.2292668905644,,,886.0629595980382,314.04434271497405,800.3418798077297,406.7402899622509,768.5911021099241,638.9143825113574,,,,,,,,,,,,,,,,,1096.9328548146286,421.9999007815489,1005.0768860870024,413.03834285690255,946.8267595768004,577.7069697222811,,,,,,
labeled-data,RAT 8 FR1 10-03-25,img14467.png,867.822169355838,414.6598694296709,1102.753460991445,454.6662850342851,772.4877321703743,412.9574687656448,609.9084687558781,351.6710448607038,,,,,,,,,,,,,,,,,,,913.3156115558918,712.7354413448359,841.6231481587199,577.1918777345583,508.92531020622016,498.2181485236115,,,,,,
labeled-data,RAT 8 FR1 10-03-25,img14503.png,941.003066491118,418.163196190866,,,887.2337189432393,412.0021251176716,753.9305448141232,352.63180386688884,596.5431837625198,516.740333361977,512.6923499146743,601.0174621508393,335.9308673375423,613.446003894544,437.4306249111299,552.6842442586549,,,,,,,791.6440646067109,694.231525228624,,,1031.0384459243674,672.7991989102085,949.2575360314517,555.1255563420688,765.2504887723913,580.1141676982375,733.446801591813,668.2558150272688,,,,
labeled-data,RAT 8 FR1 10-03-25,img14546.png,948.1241639725254,371.5155500050519,,,896.3385733737562,410.1821243187995,729.934208916378,353.56321193081186,586.3155043224581,509.6104582684362,493.79191578599057,594.5388268504176,314.2685350435909,609.7292667593899,397.81595454293847,553.1103543714023,,,,,,,755.481766945104,711.9194988742944,,,,,966.0765020467652,558.6341507019376,731.3151579990117,573.82459061091,703.6961763463348,680.8481445150329,,,,
labeled-data,RAT 8 FR1 10-03-25,img14740.png,,,,,,,819.3554663441723,331.1465791865576,705.4271670268799,518.9556544247604,572.1655805527141,683.9790697995047,,,,,,,,,,,883.5695986866459,711.5980514521817,,,,,995.0730383775068,381.6966077887644,893.2362422650829,599.7411757588403,,,,,,
labeled-data,RAT 8 FR1 10-03-25,img14758.png,,,,,937.600875130334,402.4592420105362,796.7440687016821,327.8879915483085,652.4348895664452,534.3398794020683,557.839877406027,644.1253314714588,391.4672988264245,693.8894207652959,,,,,,,,,881.7091501245272,713.3033501316982,,,,,980.8463846659286,470.22109142566296,856.504768461459,563.19725489387,811.6969788382268,707.1422790585036,,,1002.6901821072544,652.8128341403346
labeled-data,RAT 8 FR1 10-03-25,img14999.png,953.1042708654956,339.944171021631,,,888.0452426541342,373.523024292011,753.7298295726139,329.4507793746372,627.8091298086888,540.3679514792118,530.2205874916467,680.9793995489282,359.17830364564827,670.4860079019344,200.7280897760424,716.6569311487069,,,,,,,,,,,1092.6806553047063,553.3198771642968,958.1910028466418,509.9086602316304,851.790961345008,602.6894964210549,823.7013503885767,712.4943392507407,,,,
labeled-data,RAT 8 FR1 10-03-25,img15262.png,998.634300174476,303.4941921949283,,,921.0183024265464,321.6045916694452,760.6119070808246,300.9069922699973,650.6559102712573,514.3509860768042,560.1039128986724,674.7573814225259,377.70631819103744,688.9869810096463,227.64872254503976,710.9781803715598,,,,,,,855.0829548605443,716.7797871550765,,,1063.482283730985,534.6423737700601,968.825828151907,474.7119551489869,845.6044066880179,578.3299686527116,815.3591486923362,707.7124611897948,,,,
labeled-data,RAT 8 FR1 10-03-25,img15686.png,,,,,,,838.3848299667206,353.42122845621964,696.80078125,565.513671875,561.033203125,705.962890625,391.35899931676096,695.6065553187399,229.06243565827944,707.0977984271002,,,,,,,886.4735485265311,711.3584827234688,,,,,,,863.779296875,624.814453125,849.6711710621437,712.464129928775,,,,
labeled-data,RAT 8 FR1 10-03-25,img15743.png,923.6118331087272,441.2735283156972,,,870.4452934273243,421.94024115882337,749.6122486968629,410.2021739564357,670.8981509867338,613.2016891036109,556.2793771281247,709.1776503466629,363.4375162332685,688.4861082319417,194.2576479450195,708.0055751797237,,,,,,,876.6523788799079,713.3431811835454,,,985.5000072170008,611.3734197239467,913.2602034782584,560.0331818467273,854.3289556363325,612.3911634685408,813.4418476051329,706.4875216773286,,,,
labeled-data,RAT 8 FR1 10-03-25,img16048.png,,,,,,,873.7904817423888,385.1209345680832,731.6400262962063,621.7546268677163,,,,,272.6448656983191,712.4960602878538,,,,,,,,,,,,,,,,,,,,,,
labeled-data,RAT 8 FR1 10-03-25,img16487.png,958.5047760731032,401.2598035140826,,,913.1368890795804,403.5001929952442,785.9947860236589,411.3415561793098,685.1772593713863,621.9381674085016,,,,,289.2440708282709,693.5360634356022,,,,,,,945.5735719199386,709.4054449947621,,,,,,,897.930828569071,628.6199236606822,,,,,,
labeled-data,RAT 8 FR1 10-03-25,img16631.png,993.5873862583198,439.0662505792408,,,934.7995390105008,432.9764846646204,805.9558668458803,356.4421306291599,638.55078125,538.18359375,537.07421875,641.296875,360.30859375,638.0234375,188.8445522145396,691.24963781042,,,,,,,,,,,1009.2643999644822,686.6956227123231,961.0169573573536,589.680654397817,836.59375,629.83984375,,,,,,
labeled-data,RAT 8 FR1 10-03-25,img16785.png,,,,,,,834.0846781473289,355.9097584940447,741.7428316537837,574.172304751515,,,,,,,,,,,,,,,,,,,,,914.8837938291808,619.2938888335882,,,,,,
labeled-data,RAT 8 FR1 10-03-25,img16950.png,920.0079133775712,439.7251336781752,,,849.5795101632452,412.7966265668152,728.055990891467,378.2728995009691,697.6751110735224,584.7247873547288,623.7943351526117,699.3435612133378,,,,,,,,,,,884.1032372290913,668.9626813953932,,,1017.9709028151497,618.8111344534951,921.7796001796216,547.3126183182752,849.5439859399149,551.3666578929527,822.2713560739032,667.8281584018678,,,,
labeled-data,RAT 8 FR1 10-03-25,img17479.png,986.4637746167028,329.26006448227537,,,910.7069450675396,354.7960744426674,726.8476733527168,330.11126481428846,626.4060341751747,510.5657352010591,543.839601969907,642.5017866630848,387.2187408795023,693.5738065838689,,,,,,,,,837.1904683785252,717.138396719301,,,1036.5851322019091,592.7967805148314,944.1690661039926,522.2245118582406,822.0678393806845,621.9218437699325,805.8250156422628,701.4556703511698,,,,
labeled-data,RAT 8 FR1 10-03-25,img17783.png,994.8671875,482.6328125,,,945.453125,473.73828125,768.55078125,387.7578125,661.81640625,598.26171875,567.9296875,697.08984375,,,,,,,,,,,,,,,1034.696847747841,695.9696490094193,957.3125,619.015625,863.1733247284961,654.244149962249,,,,,,
labeled-data,RAT 8 FR1 10-03-25,img18217.png,935.1547704237948,453.5101944222159,1027.0844062812062,682.4830837337314,865.3563431987232,418.6109808096801,712.9914837683837,342.854151260517,587.0138346304495,479.046204382608,472.9529901406983,594.8094495363854,335.9097366865942,650.9886714492479,248.5848704475517,707.3655296208395,,,,,,,786.6394938368627,707.7847009817024,,,921.9725039349792,652.5467376763488,845.329829848801,562.7850473051489,763.8538339734041,575.9040635901704,703.7825488788317,683.6180920356101,,,,
labeled-data,RAT 8 FR1 10-03-25,img18640.png,977.5790558979808,481.1174718542003,,,902.625,472.60546875,742.3125,385.228515625,594.46875,531.451171875,516.09375,611.6953125,362.90625,649.142578125,204.51655589798065,708.6347012832795,,,,,,,740.6728058979807,711.5546875,,,,,957.0552562084008,639.2569324500809,724.5,613.478515625,688.7961506208401,703.6138499584007,,,,
labeled-data,RAT 8 FR1 10-03-25,img18954.png,959.3061381448844,392.8304014179556,,,915.894921212218,409.0032077262039,766.0836627779179,372.401593449642,635.8500119799183,530.7248552040727,526.8963694822455,665.2145076621375,318.9467046371026,662.6609066660983,177.935242890467,709.0679302848657,,,,,,,862.3003098289744,704.8119286248004,,,,,1018.9211709193792,473.2854383172457,841.8715018606608,583.0902811469315,801.0138859240333,698.8535263007088,,,,
labeled-data,RAT 8 FR1 10-03-25,img19761.png,875.9195151411834,407.74301275223934,,,825.6986955524123,401.7846104281479,691.2090430943477,317.5157775588541,570.3385959484918,567.7686751706963,452.8729501306883,686.9367216525259,286.0376850561268,646.0791057158987,156.65523459014028,707.3655296208395,,,,,,,,,,,,,,,765.2634719794846,565.215074174657,,,,,,
labeled-data,RAT 8 FR1 10-03-25,img19975.png,961.0395483424904,498.8214482776377,,,901.4555251015754,472.43423798523264,738.8762616870795,400.0822097641217,574.5945976085571,573.7270774947877,481.8137614191327,677.5735180003821,328.5977016567802,675.0199170043429,184.7448455465716,714.1751322769443,,,,,,,,,,,1001.2633422609908,714.8715475601243,932.2802684291066,633.4178731933273,722.8949492266603,626.3761630542404,,,,,,
labeled-data,RAT 8 FR1 10-03-25,img20173.png,878.1566135874659,376.7573383094792,,,823.2670712990064,390.1996751964489,696.6850656133752,344.2716908326357,571.7833520386152,528.5437256581786,476.25810306343766,654.5275118923194,304.192354490922,637.9797499932458,144.16669207246497,695.8613725701346,,,,,,,,,,,935.8023920805311,607.7776141709871,884.7072760230791,533.2063637087598,778.374196660273,597.4204960512334,,,,,,
labeled-data,RAT 8 FR1 10-03-25,img20274.png,807.1500004756454,216.45768021849747,,,724.5835682703776,268.3809004712947,624.1419290928354,389.2513476171505,570.516308176012,565.4498163438558,493.05707796282286,653.9746508732148,333.0314155443658,653.9746508732148,170.45215212986966,701.6418694659466,,,,,,,,,,,973.1340652181937,364.5665379887715,881.2044293607823,344.9889303524709,745.0123762386912,608.0098329445092,734.4736385168704,710.3634775674628,,,,
labeled-data,RAT 8 FR1 10-03-25,img20466.png,982.7817589815168,467.8527313355224,,,932.3771174653814,449.9003932612824,785.306040164877,353.2339574769133,629.2587938272527,528.6144909714114,579.5446268524342,619.7571304252454,469.7591747830437,581.0905561114976,299.2119630777638,597.6619451031037,,,,,,,823.9176541568286,710.4764520910169,,,944.3173270547322,679.1271032987327,949.315049325966,582.3530265921157,820.7372854387706,619.6087744322218,792.5683053645441,698.6636539953736,,,,
labeled-data,RAT 8 FR1 10-03-25,img21070.png,1007.5145656401228,514.617146186841,,,935.162537419012,489.9323365584619,758.1128683602935,358.8474854284492,602.3432076019019,484.8251345663834,562.3367919972876,554.623561791455,449.1271478395496,540.153156147233,317.1910963775238,580.1595717518471,,,,,,,712.9992507636008,693.3692159095854,,,,,918.9897311107636,630.3803913406184,691.7192424632741,578.457171087821,678.9512374830781,661.0236032930886,,,,
labeled-data,RAT 8 FR1 10-03-25,img21269.png,978.5737543516784,291.6026591994168,,,907.0729264625808,307.7754655076651,747.0472640441237,317.9898694918219,681.5048384791173,552.921161127429,610.0040105900194,680.6012109293893,,,,,,,,,,,,,,,1092.6345988414296,505.2539425346971,975.168953023626,459.28912460599145,874.7273138460839,586.9691744079516,,,,,,
labeled-data,RAT 8 FR1 10-03-25,img21300.png,953.5984584645396,319.544921875,1171.073770495999,446.5239209830988,876.0563427771406,321.78884248752024,727.7850784146203,331.84924718542004,675.47265625,542.880859375,602.458984375,673.16015625,517.0085777383301,707.7146614198793,,,,,,,,,,,,,1036.9805330917206,561.4921875,921.2122440812196,500.4342402937804,852.99609375,588.693359375,,,,,,
labeled-data,RAT 8 FR1 10-03-25,img21655.png,932.6089364229726,450.7771212858608,,,877.2809148421231,436.3067156416385,728.3208567398362,364.8058877525407,599.7896066058627,512.9147455228147,527.4375783847519,609.9515833723045,392.9479259266869,638.8923946607489,206.5350532158249,700.1788185656899,,,,,,,774.2856746685418,696.7740172376376,,,997.300161655966,711.24442288186,921.5433321068028,603.1419807161999,763.220070352372,577.6059707558079,717.2552524236663,672.0892076092587,,,,
labeled-data,RAT 8 FR1 10-03-25,img22019.png,984.53215667577,287.34665753935144,,,910.4777277906328,308.6266658396782,710.4456497675617,322.2458711518873,615.9624129141109,489.93233655846194,534.2471810408564,603.1419807161999,379.32872061447785,624.4219890165266,213.3446558719294,695.9228169056246,,,,,,,766.6248716804241,693.3692159095854,,,1069.2947297442292,499.623451422653,963.9964241296336,457.6161486508728,762.3613708250882,565.7149411169206,723.7146522750502,668.2127598800645,,,,
labeled-data,RAT 8 FR1 10-03-25,img22192.png,920.0371584724404,381.6225266605505,,,855.3459332394473,368.00332134834144,711.4930771292385,384.1761276565897,618.7122409398141,511.00497712653697,520.8242027583111,629.3218232763536,368.4593433279718,637.8338265964842,217.7968910558018,673.5842407439752,,,,,,,771.7919385075286,691.0504019716029,,,,,937.2151592954098,484.1818600182442,796.9963201705968,553.8265462504539,725.8639541437157,673.6873834926002,,,,
labeled-data,RAT 8 FR1 10-03-25,img22799.png,906.1438049361484,361.2773916638321,,,846.072519841576,357.1345444159306,720.4061533218961,304.65847927584446,618.2159212069917,435.1581675847426,563.6684324429548,558.7531104804717,462.16867486936735,592.586363005001,345.4784773868074,609.8482265379239,,,,,,,808.7868946104622,605.7053792900224,,,907.524754018782,525.6103324972595,849.5248925481607,476.58664006375807,772.1917439206652,517.3246380014564,747.3346604332561,595.3482611702686,,,,
labeled-data,RAT 8 FR1 10-03-25,img22948.png,906.834279477465,362.6583407464659,,,857.8105870439637,374.3964079488536,718.3347296979455,335.039359093789,602.3350067567023,451.7295565763488,,,514.6447400094532,522.8484343319918,386.2164753245059,536.6579251583303,,,,,,,705.2157134129236,638.1576827319178,,,1021.045576219518,486.5568133287259,948.5115270396371,465.960372031108,701.857768878772,549.3807231253775,685.424576090571,613.8417507605385,,,,
labeled-data,RAT 8 FR1 10-03-25,img24288.png,912.2732709074954,436.5166849339381,,,854.5722955941606,419.2518261787671,741.4241029912084,364.34861686620354,649.2412588920274,566.69655794555,568.0051658879403,676.2349354714286,383.2946938411043,706.0269470918859,291.36505798369285,616.6509122305135,,,,,,,841.670827746563,697.6875095557522,,,980.4009830400284,615.6270736450738,899.9179552879996,558.8208275686812,831.0259787422797,567.2222881230373,786.7782864893379,677.0013726999564,,,,
labeled-data,RAT 8 FR1 10-03-25,img25608.png,942.4248832675976,458.88935276613256,,,871.3060055119546,444.38938739847714,755.9967571120287,357.389595192545,635.1637123815673,459.5798273074495,570.9495800390936,539.6748741002123,496.378329576866,514.8177906128032,386.59287750747535,518.9606378607047,,,,,,,753.925333488078,662.5793424546246,,,978.3295594160776,669.4840878677938,914.115427073604,601.1271082774185,742.1872662856904,570.055753918157,731.1396736246194,638.4127335085323,,,,
labeled-data,RAT 8 FR1 10-03-25,img25625.png,969.3533903789576,488.5797580427602,,,912.0440034496534,460.2703018487664,801.5680768389457,358.77054427517885,662.0922194929271,449.9131837290125,582.6876472414813,530.6987050630925,493.6164314115982,518.9606378607047,360.3548449374324,525.174908732557,,,,,,,756.6872316533456,666.0317151612091,,,965.9010176723727,670.1745624091106,897.5440380819975,593.5318883229323,727.6873009180349,629.4365644714122,763.5919770665148,550.0319922199662,,,,
labeled-data,RAT 8 FR1 10-03-25,img25732.png,899.1015625,425.28125,,,850.6640625,396.21875,721.09375,345.359375,646.015625,531.84375,553.9948034096992,666.7991323064986,413.515625,677.15625,330.120520616101,580.2916784096992,,,,,,,840.9765625,694.109375,,,,,,,811.9140625,557.2734375,767.8621846898379,665.653291102391,,,,
labeled-data,RAT 8 FR1 10-03-25,img25742.png,914.9797925349573,415.762522984764,,,846.8837659739116,401.2921173405418,724.3109181640295,358.7321007398883,636.6372839666834,541.7401721226981,565.1364560775858,658.3546176084886,414.47399731127246,676.2298245807632,332.7587654380179,583.4489883913386,,,,,,,843.4789646458594,695.8074322170637,,,,,,,803.472549041245,557.0617780989335,776.2341384168268,671.1226225886847,,,,
labeled-data,RAT 8 FR1 10-03-25,img25873.png,962.6470111276892,490.6681522019141,,,888.592582242552,462.5785412454828,748.1445274603957,374.9049070481367,619.6132773264221,494.92415386197945,504.70123250465787,600.4729950316,371.062780378606,654.0986159484235,311.4787571376912,587.7049900514039,,,,,,,837.5205623217678,696.6586325490767,,,984.7782197600288,690.7002302249853,909.8725905428788,632.8186076480965,790.7045440610491,596.2169933715346,775.3829380848138,676.2298245807632,,,,
labeled-data,RAT 8 FR1 10-03-25,img26049.png,952.432607143532,401.2921173405418,,,905.6165888828132,420.86972497684246,744.7397261323433,364.6905030639799,631.5300819746051,496.6265545260056,517.4692374848539,632.8186076480965,356.59237473438384,679.6346259088155,,,,,,,,,835.8181616577417,694.9562318850506,,,,,999.2486254042508,512.7993608342539,801.7701483772189,586.8537897193909,788.1509430650099,677.9322252447893,,,,
labeled-data,RAT 8 FR1 10-03-25,img26097.png,880.9317792544343,308.5112811511174,,,824.7525573415717,313.6184831431957,694.5189065435723,339.1544931035878,615.3572756663568,522.1625644863976,549.8148501013504,603.8777963596522,416.1763979752986,639.6282103042012,268.06754020502467,666.8666209286195,,,,,,,833.2645606617023,695.8074322170637,,,1006.9094283923685,485.5609502098357,903.062987886774,456.62013892139134,782.1925407409183,565.5737814190641,780.4901400768922,670.2714222566717,,,,
labeled-data,RAT 8 FR1 10-03-25,img26313.png,903.9141882187872,310.2136818151435,,,865.6101732781991,328.94008911943104,731.1205208201341,362.13690206794064,651.9588899429187,543.4425727867243,593.226067034017,615.7946010078351,453.6292125838737,643.0330116322533,260.40673721690706,665.1642202645933,,,,,,,834.3420805622827,713.6826448328562,,,1023.5321048831194,493.42126615275794,942.7465835490397,429.2071338102842,819.8421151946274,579.0401092760563,794.2945571659013,700.5636285478346,,,,
labeled-data,RAT 8 FR1 10-03-25,img27652.png,965.93077406874,285.4584021729403,,,896.1520509254528,303.6348015428472,737.2788241090044,302.9528891871779,600.421875,510.71875,,,436.4649708329076,645.9721092596378,,,,,,,,,,,,,,,,,,,,,,,,
labeled-data,RAT 8 FR1 10-03-25,img27956.png,,,,,440.1658602133148,407.4756456313506,617.2155292720331,362.3620280346579,778.0923920225033,510.4708858049319,,,,,,,,,,,,,,,,,,,,,,,,,,,,
labeled-data,RAT 8 FR1 10-03-25,img28378.png,,,,,,,580.6139149954712,326.611614090109,613.8107279439807,497.7028808247359,,,,,,,,,,,,,,,,,,,,,,,,,,,,
labeled-data,RAT 8 FR1 10-03-25,img28887.png,,,,,,,723.6155707736668,354.7012250465403,671.6923505208696,501.1076821527882,,,,,,,,,,,,,,,,,,,,,,,,,,,,
